Feature,Importance
P4TLH_ACTTGTTTCAATCTCT_1,0.002816542204011466
P4TLH_TGAGCATTCGTTGCCT_1,0.0022078517375914986
P4TLH_ATCATCTAGCCCAATT_1,0.0021652156812964176
P2TLH_TCAGATGCATTGGGCC_1,0.002146154091921857
P4TLH_GTACTCCGTCTTGATG_1,0.0019489353634551754
P2TLH_TCAGATGAGATATGGT_1,0.0018437805438135007
P2TLH_AACTCTTGTGTTTGTG_1,0.0018065327452923465
P5TLH_TACACGACACACATGT_1,0.001713901575507344
P4TLH_ATCGAGTCAAACCTAC_1,0.0016328638946565982
P4TLH_GTTCATTTCTGCGACG_1,0.001587374408977386
P5TLH_ACTGCTCTCCTAGTGA_1,0.0015744881959300655
P4TLH_TATCTCAAGGCCGAAT_1,0.0015140696412969585
P5TLH_CCCATACAGTTGTAGA_1,0.0015104917034900404
P4TLH_ATTTCTGGTGGTAACG_1,0.00146924285011278
P4TLH_ATCCACCGTGCCTGGT_1,0.0014513808758364302
P5TLH_CCTTCGAGTGACGCCT_1,0.0014415849344643033
P4TLH_ATCCACCGTTTGACAC_1,0.001434041606239146
P4TLH_TAAGAGATCTTCATGT_1,0.001414167534599982
P4TLH_TCGCGAGAGTAGTGCG_1,0.001411638346239426
P4TLH_CTCTACGGTACCGTTA_1,0.0013542358626003387
P5TLH_ATGCGATAGCCTCGTG_1,0.001318549632311909
P4TLH_GACAGAGGTCTTGATG_1,0.0013096682805051928
P2TLH_CGTAGCGCACGGATAG_1,0.00129650267970469
P3TLH_TCAGGTAGTAATAGCA_1,0.00129513078154188
P5TLH_CTTCTCTGTAGCGTCC_1,0.001273303931516269
P4TLH_ACGATGTTCAGCTCGG_1,0.0012622529523061276
P3TLH_TGACAACCACGGCTAC_1,0.0012069276734645615
P1TLH_TTCTTAGTCTTGTTTG_1,0.001184223037422853
P5TLH_TCGTACCCAGCTTAAC_1,0.0011797818130314197
P4TLH_ACTGAGTTCAAACCGT_1,0.0011595497255321664
P2TLH_CACCACTGTTACGTCA_1,0.0011543058970074718
P4TLH_GCCAAATCAACACGCC_1,0.0011202340508430018
P2TLH_GACTAACTCTGGCGAC_1,0.0011065759497689337
P2TLH_AGCGTATGTCACTGGC_1,0.0010954107940652038
P4TLH_ATTTCTGAGGCTAGAC_1,0.001083848333631804
P5TLH_CGTGTAACATGCCCGA_1,0.0010775953419231011
P4TLH_CGTTAGATCGCTAGCG_1,0.0010655034898217205
P4TLH_CCTCTGAGTTACGCGC_1,0.0010485066963166476
P1TLH_TCTATTGGTGTGTGCC_1,0.0010440898255195306
P4TLH_ACGGGCTAGCGTGAAC_1,0.0010422514609336358
P4TLH_CAGTCCTTCCGCATAA_1,0.001033581061590738
P2TLH_TCAATCTAGTTGAGTA_1,0.0010252036997221762
P2TLH_CTGCGGACAAGGTTCT_1,0.0010238415886116082
P2TLH_TAAACCGTCACCGGGT_1,0.001020771090437745
P5TLH_TGCCCTACATCGTCGG_1,0.0010195807085086601
P4TLH_TCTGAGATCAGAGACG_1,0.0010156835608272205
P2TLH_TTCGGTCTCTCATTCA_1,0.0010118405196747624
P5TLH_CGCGTTTGTACGACCC_1,0.0010111446685453157
P4TLH_GAACCTATCGTACGGC_1,0.001010021995250875
P4TLH_AAGTCTGTCGTATCAG_1,0.0010100067136268015
P3TLH_ACTGATGAGACAAAGG_1,0.0009747921311964789
P1TLH_ATAACGCGTCACTGGC_1,0.0009708600706872171
P5TLH_ACTTTCATCCGGGTGT_1,0.0009634864628592659
P4TLH_TTTGTCACACCAGCAC_1,0.0009486002206167385
P4TLH_ACTGAACGTGTGACGA_1,0.0009475660829097332
P4TLH_CGAGCCATCCTGTACC_1,0.000946643650932482
P4TLH_CGCTTCATCGTACCGG_1,0.0009414549326762179
P2TLH_TCGTACCAGATGTAAC_1,0.0009403540315990268
P3TLH_TGAGCCGGTACCGCTG_1,0.0009400363654876992
P2TLH_GTAACGTGTCATGCCG_1,0.0009327684405457977
P5TLH_CATCGAACAAGTTCTG_1,0.000928249849130962
P2TLH_GAATGAATCCGTCATC_1,0.0009183013896357357
P1TLH_GTAACTGAGCCAACAG_1,0.0009174366833218239
P4TLH_CCTTCGAAGTCAATAG_1,0.0009158444986484337
P5TLH_CAAGGCCCATCCCACT_1,0.0009085116897629503
P2TLH_GCGCGATTCCGAACGC_1,0.0009043403362196631
P4TLH_TTCGGTCGTCTAGCCG_1,0.0009040568777590214
P4TLH_TTTGCGCGTTACCGAT_1,0.0009029280220326009
P5TLH_CACAAACGTTTGCATG_1,0.000900732714992384
P4TLH_CTAACTTAGTCCTCCT_1,0.0008922779632423351
P4TLH_AACTCCCTCAGATAAG_1,0.0008785914980276071
P1TLH_TATCAGGAGCGTTTAC_1,0.0008730050277995222
P3TLH_AGAGCGAAGAGTAAGG_1,0.0008723077662198404
P4TLH_CGGACGTAGGGTTTCT_1,0.0008717769896944847
P1TLH_CTCTGGTAGTTAAGTG_1,0.0008693889847234834
P3TLH_TGGCGCAGTTATCGGT_1,0.0008574169376821646
P4TLH_TGATTTCGTCGAAAGC_1,0.0008521844643966163
P3TLH_ACATGGTTCGGAAACG_1,0.0008498067403896267
P4TLH_ACCGTAACAGTTCATG_1,0.0008496841949094735
P5TLH_ACATCAGCATCTCCCA_1,0.0008405325872959848
P5TLH_TCTTCGGAGGACCACA_1,0.0008352343636412927
P4TLH_CACACAACAATGAAAC_1,0.0008343364077893912
P4TLH_GCATGCGTCTGCTTGC_1,0.0008337448892744753
P4TLH_TTGGCAATCATTGCGA_1,0.0008286506506752778
P1TLH_CACAGTATCAATAAGG_1,0.0008252908648152482
P1TLH_TGACTAGTCCTTAATC_1,0.0008244195317768351
P4TLH_TTCTTAGTCGGTGTTA_1,0.0008215679053403649
P4TLH_GTGGGTCGTCTAGTCA_1,0.0008135581647648584
P2TLH_TACTCGCCAACGATCT_1,0.0008046260062575133
P4TLH_CAGCGACTCCGCATAA_1,0.0008035293131763463
P5TLH_GCTGCAGCATAGGATA_1,0.0008034330177223373
P3TLH_CGAGCACAGAAACCAT_1,0.0008020272985319341
P3TLH_CGCTATCAGCCACGCT_1,0.0007981064882586362
P4TLH_GGACAGACACATGACT_1,0.0007958783800151738
P4TLH_ACGGGTCCATCTGGTA_1,0.0007924944563630448
P1TLH_TGAGCATTCAACACCA_1,0.0007893340852106652
P4TLH_TCACGAAGTGTGAAAT_1,0.0007691079059037925
P1TLH_ATGAGGGGTATATCCG_1,0.0007690832292974895
P2TLH_CTACACCAGGGTTCCC_1,0.0007662875474188202
P4TLH_CCACGGATCGCGTAGC_1,0.0007659042937011644
P5TLH_CAGAATCGTGTAATGA_1,0.0007642180946171814
P5TLH_ACGATACGTGTTGAGG_1,0.0007590316221183759
P2TLH_TACTCATCAGGGCATA_1,0.0007535602883350094
P2TLH_GATCGTATCTTTACAC_1,0.0007494751059609135
P3TLH_TGACTTTTCCTCAACC_1,0.00074576474108669
P5TLH_GACCAATGTGGTACAG_1,0.0007449146045051387
P4TLH_CTACCCATCCCACTTG_1,0.0007441598808500156
P1TLH_GACTAACAGAAACGCC_1,0.0007421794485238783
P4TLH_CTCGAGGAGGGCTTGA_1,0.0007410606903491138
P5TLH_CAGCAGCTCTCTAAGG_1,0.0007402260928331402
P1TLH_TATCTCATCCTAGGGC_1,0.000739282504879174
P1TLH_CCTTACGCAGGGATTG_1,0.000734607400379931
P3TLH_AAGGTTCTCTGCCAGG_1,0.0007336494382442296
P4TLH_ATCTGCCAGTGGTCCC_1,0.0007317998490370488
P2TLH_TGCCCATCACGACGAA_1,0.000731025020144349
P5TLH_GCATGATAGAGCTTCT_1,0.0007292468731297227
P4TLH_GGGAATGAGGTTACCT_1,0.0007252960423819941
P4TLH_ACCTTTAAGCGATCCC_1,0.000723810835777567
P2TLH_GCGCAACGTCGGCATC_1,0.0007224847442423111
P4TLH_CCTTTCTTCGGAGCAA_1,0.0007179123490207202
P5TLH_TCAGCAAGTCGCTTCT_1,0.0007162688783819013
P4TLH_ATCATGGGTCTCTTTA_1,0.000716204664380662
P4TLH_CTACACCGTCGCGAAA_1,0.0007135349336615913
P3TLH_CATATGGGTCTTCGTC_1,0.0007087744845456227
P4TLH_AGATTGCGTCAAGCGA_1,0.0007078065629143208
P3TLH_GTTACAGAGACTACAA_1,0.0007008051159651593
P1TLH_CGATCGGTCACAATGC_1,0.0007004220658226833
P2TLH_CTAACTTGTGCGATAG_1,0.0007003614808531997
P5TLH_GAAGCAGTCTCAAGTG_1,0.0006996926113994233
P4TLH_AAGCCGCAGACTTGAA_1,0.0006969919273942181
P5TLH_TACCTTATCTGTTGAG_1,0.0006963413229796063
P4TLH_CACAAACCACGACTCG_1,0.0006943641653088648
P3TLH_TGAGCCGCATGAAGTA_1,0.0006892453053938835
P4TLH_CGTCACTCAAGTCTAC_1,0.0006862719436632615
P5TLH_GTTCATTCAGATCGGA_1,0.0006795621842276291
P4TLH_CTAGCCTAGTGGGATC_1,0.0006768572419451688
P4TLH_GTCGGGTAGTACGACG_1,0.0006756058040159321
P4TLH_CTGCTGTCAACTGCTA_1,0.0006747776749591366
P1TLH_TGACGGCTCGCAAGCC_1,0.0006744777572246826
P4TLH_TGGTTCCGTTGAGGTG_1,0.0006742345886672472
P5TLH_CTTTGCGTCACCTCGT_1,0.0006741025825907827
P3TLH_ACGAGGATCCGCGGTA_1,0.0006735185022730107
P1TLH_TCGGGACTCACCATAG_1,0.00067016053690076
P4TLH_CATCAGAGTACCTACA_1,0.0006688005181207339
P5TLH_CTGATCCCAATACGCT_1,0.0006656255898247842
P5TLH_GATCGCGAGACTGGGT_1,0.0006655976002922359
P5TLH_ACAGCCGCACTGTGTA_1,0.0006630385544354879
P5TLH_CACACTCCACGAAATA_1,0.0006626769839336508
P5TLH_GCGACCACAATAGAGT_1,0.0006622007329615459
P5TLH_TGCGGGTTCACCCGAG_1,0.000661583479284361
P3TLH_TCAGCTCGTCGAACAG_1,0.0006603413500946878
P5TLH_CCTTTCTCAACACGCC_1,0.0006579391198949094
P5TLH_CCATGTCAGTGAAGTT_1,0.0006542705888271918
P4TLH_TTCGAAGTCAAGGCTT_1,0.0006506204494246425
P2TLH_AGTGGGATCCGAACGC_1,0.0006491860115984109
P5TLH_TGGTTCCGTATTCGTG_1,0.000647171157287054
P4TLH_CTTAGGACATGAACCT_1,0.0006458342795699359
P4TLH_GTGTTAGCAAAGGCGT_1,0.0006458129997527742
P4TLH_CTAGTGACAATCGAAA_1,0.0006450724022927744
P1TLH_CATGGCGCATCTATGG_1,0.0006442285341542822
P4TLH_CTGATAGTCCTAAGTG_1,0.0006395740519880011
P4TLH_CGCCAAGAGCGACGTA_1,0.0006378871934726849
P5TLH_GCTTGAACAGCTGTAT_1,0.0006363861393026654
P4TLH_TTGAACGAGCTAGTTC_1,0.0006357395389000688
P5TLH_CCCTCCTCACATGTGT_1,0.000635694198755995
P4TLH_TCTCATATCGCCTGTT_1,0.0006322472462178259
P1TLH_CTTAGGAGTAACGACG_1,0.0006319162198206756
P4TLH_GGGCACTCAAATTGCC_1,0.0006274812523933979
P2TLH_AAGGAGCTCCGCAAGC_1,0.0006259748869669104
P1TLH_ACAGCTAAGCTGTTCA_1,0.0006251190184085771
P5TLH_TTTACTGTCGTCTGAA_1,0.0006207899557134175
P1TLH_CCGTACTTCCATTCTA_1,0.00061902001303737
P4TLH_TATTACCGTTGTGGCC_1,0.0006150122264946432
P5TLH_CTCGAAATCCGGCACA_1,0.0006141447911040853
P1TLH_CTCCTAGCAATGCCAT_1,0.0006088882002534283
P4TLH_ACCTTTAAGCAGACTG_1,0.0006082915883878253
P5TLH_ATTACTCAGAGTCGGT_1,0.0006054919406644076
P1TLH_AAACCTGTCCTCATTA_1,0.0006049714153476666
P5TLH_TCAGATGCATAACCTG_1,0.0006001848320854299
P5TLH_CGTCCATTCCGCATCT_1,0.000599521431808581
P4TLH_AATCGGTCACCATCCT_1,0.0005982410236060876
P5TLH_AACCATGTCTATCGCC_1,0.0005963000867999887
P2TLH_TGGGCGTAGGCTAGCA_1,0.0005953200968244076
P1TLH_TCCCGATAGAACAACT_1,0.0005945668181772304
P4TLH_CTGAAACGTTGATTGC_1,0.0005929600784397075
P4TLH_AGAGCGACATGATCCA_1,0.0005926002708793964
P3TLH_ATCTGCCCACGGCGTT_1,0.0005884722547828196
P5TLH_GGATGTTCATCGATGT_1,0.000587360716074531
P4TLH_GCTTCCATCTTAGAGC_1,0.0005834577341883689
P3TLH_GGACATTCACGTCAGC_1,0.0005816116962965679
P2TLH_GACTACATCTCATTCA_1,0.0005813154854870028
P4TLH_ACTGTCCTCTGGTTCC_1,0.0005805136602567807
P2TLH_AGACGTTGTCACACGC_1,0.0005796907042932035
P4TLH_CTAGAGTCACTCAGGC_1,0.0005796482012702004
P5TLH_TGAGCATTCCGCAGTG_1,0.0005792356323546557
P4TLH_CAACCTCCAAACCCAT_1,0.0005790749408545653
P4TLH_CTCGGGAGTCGCGTGT_1,0.0005786015857983513
P5TLH_CATTCGCTCGCAAGCC_1,0.0005751598695517305
P3TLH_TCCCGATAGAAGGCCT_1,0.0005729680635913042
P2TLH_ACACCGGGTACTTGAC_1,0.0005728599720252568
P3TLH_AAATGCCAGTGCCAGA_1,0.0005717453983697661
P2TLH_CATGACATCATGCTCC_1,0.0005696366618006073
P5TLH_TACAGTGAGACTAGAT_1,0.0005683180192644717
P2TLH_GAGGTGACAGACTCGC_1,0.0005681742624138944
P5TLH_AGTAGTCCACGGTGTC_1,0.0005676514560650179
P4TLH_CCACCTAGTACAGACG_1,0.0005673587269256131
P4TLH_TGCGCAGGTCATACTG_1,0.0005672037138075806
P3TLH_GCAGCCACACGACGAA_1,0.0005636862363434924
P3TLH_ATCGAGTAGCTTATCG_1,0.0005633296091990924
P2TLH_TCATTACAGCTCAACT_1,0.0005627595008577311
P4TLH_TGACTTTAGGATGTAT_1,0.0005617355258323395
P4TLH_ATTATCCAGCTGGAAC_1,0.0005610738093169057
P2TLH_ACCGTAAGTAGGACAC_1,0.0005588491227273082
P4TLH_AAAGATGTCATCGCTC_1,0.000557735951476215
P4TLH_AGGCCACAGGCAGGTT_1,0.0005575890693332175
P4TLH_GTCTCGTCACACGCTG_1,0.0005568728020490919
P4TLH_ACTGATGCAACACGCC_1,0.0005565328736274356
P4TLH_GCCTCTAAGCCTTGAT_1,0.0005530687815410216
P1TLH_CCTTTCTCATCTCGCT_1,0.0005524300022511859
P4TLH_CTAGAGTGTCTAAACC_1,0.0005522214524533322
P4TLH_GCTGCGACAAACGTGG_1,0.0005502252811114345
P5TLH_GCGCGATAGGCTCTTA_1,0.0005490279828965019
P3TLH_TAGACCAGTTAAAGAC_1,0.0005481009698664732
P4TLH_TACGGTAGTATCACCA_1,0.0005464214357684244
P5TLH_TCATTACAGGAGTAGA_1,0.0005464174493754261
P4TLH_CATATTCGTTGAGTTC_1,0.0005449326262899431
P1TLH_GTGCATAAGTAGCCGA_1,0.0005448075244068738
P5TLH_TCTATTGGTTACCAGT_1,0.0005428798121002135
P5TLH_TCGGTAAAGCACCGTC_1,0.0005418833769338753
P1TLH_TCAGATGGTCTAACGT_1,0.0005417341497363246
P3TLH_CGTAGGCTCAACACTG_1,0.0005414232043838783
P2TLH_TGTATTCAGTACGATA_1,0.0005408862039214194
P3TLH_TTGACTTTCATTTGGG_1,0.000540652006084054
P4TLH_ACGCAGCGTACCGCTG_1,0.000540490052286751
P3TLH_CGTCTACTCGCATGAT_1,0.0005402018780700013
P5TLH_ACACCAACAACGATCT_1,0.000538239819094133
P4TLH_CCACTACGTCTCCCTA_1,0.0005380828237503731
P4TLH_TCAGCAAAGTGTCCCG_1,0.0005379381896475039
P4TLH_TACAGTGAGTTGCAGG_1,0.0005378235135376147
P5TLH_TACGGGCGTATCGCAT_1,0.0005376840291445062
P5TLH_GTACTCCAGACTGGGT_1,0.0005373678943843166
P1TLH_AGGGAGTTCTCAAACG_1,0.000534579364160926
P3TLH_GCGCCAATCAAACCGT_1,0.0005324385635975222
P4TLH_GCGCCAAGTCGTTGTA_1,0.0005312320316487005
P2TLH_TCAGCAAAGCTGCAAG_1,0.0005301815970992272
P4TLH_CATTATCTCACCACCT_1,0.0005300941209094818
P5TLH_TAAGTGCAGTCCAGGA_1,0.0005291977325913412
P5TLH_CGAGCACAGACCTTTG_1,0.0005283278271335239
P3TLH_CAGTAACCACCAGATT_1,0.0005273661834470581
P3TLH_AAGACCTAGAGAGCTC_1,0.0005270512051736956
P4TLH_TAGTGGTTCATTCACT_1,0.0005267166049720887
P5TLH_GCATGTACACCCATGG_1,0.0005235632742014557
P4TLH_ACATGGTTCCTAGAAC_1,0.0005231623901128806
P1TLH_CGTCAGGGTGGTCCGT_1,0.0005228689764047908
P4TLH_TCTTTCCCAGGCTCAC_1,0.0005224334143835476
P3TLH_CAGCTGGCAATCGAAA_1,0.0005221969838547701
P3TLH_CAGATCAAGGGATCTG_1,0.0005210762182598534
P5TLH_ACGATGTTCAAGGTAA_1,0.0005207188684964095
P1TLH_TAAGCGTAGATAGCAT_1,0.0005202373836259205
P4TLH_CTTAACTTCGCTAGCG_1,0.0005197858532408192
P1TLH_TGCCCTACAAGCCGCT_1,0.0005195480022600042
P4TLH_CCTAGCTCACAGGAGT_1,0.0005188645359604318
P4TLH_GACGGCTTCCTCCTAG_1,0.0005187974459774948
P4TLH_GCGCAGTAGTGAACAT_1,0.0005186444767851694
P2TLH_GGGAGATCAGGGTATG_1,0.0005174669650619658
P3TLH_AAGTCTGCAGCATACT_1,0.0005173707706917042
P5TLH_CATGACATCCTGCTTG_1,0.0005166435714354216
P3TLH_ATCTACTAGATGCGAC_1,0.0005162849817911801
P5TLH_GCATACATCGAACGGA_1,0.0005160184159993299
P3TLH_TAAGCGTCATGGTTGT_1,0.0005157535095268496
P4TLH_TTAACTCAGCAGACTG_1,0.0005142273900167678
P4TLH_CAGCCGATCACTTATC_1,0.0005115721887826772
P3TLH_CTCTACGAGGTTCCTA_1,0.0005113858606712708
P5TLH_ACTGCTCGTTGGTAAA_1,0.0005110135647707595
P5TLH_TCCCGATCACCCAGTG_1,0.000510887755102695
P4TLH_ATTGGTGCAGCTATTG_1,0.0005092917020211057
P4TLH_AACTCTTGTGCTAGCC_1,0.000508516660284073
P5TLH_GTTAAGCCAGATCCAT_1,0.0005083856365557696
P4TLH_ATCATGGAGAGAGCTC_1,0.0005081942771423478
P3TLH_ATCACGACAATCGGTT_1,0.00050808596948053
P4TLH_GTCCTCAGTGCAGGTA_1,0.0005079104286827374
P4TLH_TGAGGGAAGAGGACGG_1,0.0005060919828465802
P3TLH_CACCAGGCATCCTAGA_1,0.0005045504755975292
P1TLH_CTGATAGAGGTAGCCA_1,0.0005036600077572974
P4TLH_TTCTCAAGTACCGTAT_1,0.0005035127782619952
P4TLH_GCTGGGTGTTGAGGTG_1,0.0005034105978014802
P5TLH_TCAGGTATCGAATGCT_1,0.0005015185198104601
P4TLH_GACTGCGAGCAGCCTC_1,0.0005010501180323007
P2TLH_AAGACCTAGAGCTGCA_1,0.0005009159977895604
P1TLH_TACCTATGTAGAAGGA_1,0.0005008628989158274
P3TLH_CAGCTGGGTACAGTGG_1,0.000498517493253654
P1TLH_ACGGGTCGTGCCTGCA_1,0.0004978830687644316
P5TLH_CCCAATCAGCTAAGAT_1,0.0004976662086829767
P5TLH_AAGGCAGAGTATCGAA_1,0.0004962576076318482
P4TLH_GCATGCGGTGTTGGGA_1,0.000495971936888882
P1TLH_CCACTACCATGCAACT_1,0.0004959464001996444
P4TLH_GCAAACTTCTGTGCAA_1,0.000495427374522129
P3TLH_CCTCAGTAGCTAGTGG_1,0.0004950569305813903
P5TLH_GTCGGGTCAGACGCCT_1,0.0004945844337805723
P4TLH_GTTCTCGTCTAAGCCA_1,0.0004944224981364733
P5TLH_CGGACTGCACACCGAC_1,0.0004939370115228913
P4TLH_CAACCAACAACTGCTA_1,0.0004932878468167879
P4TLH_AACTGGTGTAGTGAAT_1,0.0004931155433502106
P5TLH_GACAGAGGTCTCTTAT_1,0.0004920345150008507
P4TLH_GCGCAGTAGGGCATGT_1,0.0004916889663816685
P1TLH_CTAGAGTCAGATCCAT_1,0.0004914548034043711
P5TLH_GACACGCAGTTTGCGT_1,0.0004913355181274254
P1TLH_CGGAGTCAGTTGCAGG_1,0.0004912206440887579
P3TLH_AGCGTCGCATCGTCGG_1,0.0004905524672504369
P1TLH_CCCATACAGAGTAAGG_1,0.0004903484199548253
P4TLH_CGACTTCCAACAACCT_1,0.000490295025242809
P5TLH_CACCAGGTCCTTTCTC_1,0.0004898159021411061
P1TLH_TGCGCAGTCACAATGC_1,0.0004891673954835946
P4TLH_TGCCCTAAGGCATTGG_1,0.000488059362061843
P4TLH_CAGTCCTAGGACATTA_1,0.0004878534481907535
P4TLH_TGGCCAGAGTAGCCGA_1,0.0004873768579722735
P4TLH_TCTTCGGAGAGCTGGT_1,0.00048613296841561784
P5TLH_ACATCAGCAGGGATTG_1,0.00048612511710149453
P2TLH_CGGAGCTAGAAACCGC_1,0.0004854242883782461
P4TLH_CCATTCGAGATCTGCT_1,0.00048494947072892744
P4TLH_GTACTTTCACATGGGA_1,0.0004843863122589783
P4TLH_CTGATCCTCTGCGGCA_1,0.00048369534818487424
P4TLH_TGCGCAGCATGGTTGT_1,0.00048188995926373083
P4TLH_CTGATCCTCTTGTCAT_1,0.00048178223362374886
P3TLH_CACATAGAGATGCCAG_1,0.00048079010629574053
P3TLH_CGTAGGCCACTGCCAG_1,0.000478890271515954
P5TLH_TACTCGCAGGATTCGG_1,0.00047810412112403146
P4TLH_GACGCGTCAAAGGCGT_1,0.00047751798175317176
P3TLH_TCATTACTCGTCCGTT_1,0.00047688337932387173
P4TLH_TGGTTCCCAGGGATTG_1,0.0004760396525353345
P3TLH_CTAGCCTCAATTCCTT_1,0.00047575628319409223
P2TLH_GCATGATTCACCCTCA_1,0.0004748831937243174
P5TLH_TATTACCTCTGTCCGT_1,0.000474696941101786
P5TLH_TACAGTGTCTAACTGG_1,0.000474158241620504
P3TLH_GACACGCTCGTGACAT_1,0.0004735940476348229
P4TLH_GCTGCGAAGATATGCA_1,0.0004724939325849077
P1TLH_GTAACGTAGCCTATGT_1,0.0004714507750778286
P5TLH_GGGTTGCCATGCTGGC_1,0.00047022752198333154
P5TLH_ACATGGTCAATGGAAT_1,0.00046807451944139226
P5TLH_GACACGCCAAATCCGT_1,0.0004680606215943628
P3TLH_GGAGCAAGTACGACCC_1,0.0004667948878549677
P3TLH_AAGGCAGCAATCCGAT_1,0.00046615504582482326
P1TLH_CGTGTCTCATATGGTC_1,0.000465049319954825
P3TLH_CGATCGGTCATTCACT_1,0.00046463445288851934
P3TLH_CGTTCTGTCTTGCCGT_1,0.00046374912654651145
P5TLH_AGTGAGGAGCAACGGT_1,0.00046326709155900653
P4TLH_ATTTCTGCATTGCGGC_1,0.00046244385653460305
P5TLH_TGGACGCTCTCTAAGG_1,0.00046074640244350565
P2TLH_CGGACGTTCATCGCTC_1,0.0004607064403056696
P5TLH_AATCGGTTCATCATTC_1,0.00046027219808571495
P2TLH_GCATACACACATCTTT_1,0.0004595669146675355
P3TLH_TGGCCAGAGCAGATCG_1,0.000459407166090922
P4TLH_GTACTTTTCCACGTTC_1,0.00045815561889383805
P5TLH_GTTACAGTCAGTTCGA_1,0.00045750674038927587
P4TLH_GCATGCGGTGTGACGA_1,0.0004570513984732123
P4TLH_CCGTGGACACGCTTTC_1,0.0004568236088013472
P4TLH_TCTCTAAGTGGCGAAT_1,0.0004561773224891869
P1TLH_CTCTACGAGGATATAC_1,0.0004553164932221978
P2TLH_ACGCCGATCAAACGGG_1,0.00045430397490851636
P2TLH_GTATTCTTCCTCTAGC_1,0.00045418694200803855
P3TLH_GATCGTATCCCGACTT_1,0.000453965306599849
P3TLH_GGGCATCCAAGACACG_1,0.00045204555479075076
P1TLH_GTGCATACATACGCTA_1,0.00045197404366028606
P3TLH_AAGACCTAGTGTACTC_1,0.000450309999482718
P1TLH_GAAATGAGTCAGAAGC_1,0.00045001187907609165
P5TLH_ATCATCTGTACGCACC_1,0.00044962676229206065
P1TLH_TGTGTTTTCTATCCCG_1,0.0004495550404453061
P5TLH_AAAGATGAGATCCCAT_1,0.00044886794793109336
P4TLH_ACTGTCCGTCCTCTTG_1,0.00044867927284859366
P5TLH_GTCACGGTCCACGTGG_1,0.0004475102831911096
P3TLH_TAGCCGGGTTGGTGGA_1,0.00044729887652037164
P5TLH_CCTATTACAGTCTTCC_1,0.00044717443141354383
P2TLH_TGACGGCGTCTCGTTC_1,0.00044714971614505784
P4TLH_CTGATAGGTCTCTTAT_1,0.00044681716340313473
P1TLH_GTTAAGCGTAGCACGA_1,0.0004464116143388459
P4TLH_ACGGGTCCAACACCTA_1,0.0004463962482908359
P5TLH_CTTACCGTCTTACCGC_1,0.00044624589215017276
P3TLH_GTTACAGAGGCTAGGT_1,0.0004457609570081246
P1TLH_ACCTTTAGTCCGAATT_1,0.00044403988756356845
P2TLH_AACTCCCTCCTCAATT_1,0.0004434013629674738
P3TLH_TAGTGGTGTGATGCCC_1,0.0004400478713569571
P5TLH_GGGCACTGTCGATTGT_1,0.0004395331788040508
P4TLH_AGCAGCCCATTGGGCC_1,0.0004371311933756755
P5TLH_GGGAGATAGACTTGAA_1,0.000436817594451439
P4TLH_GAAATGAAGGACACCA_1,0.0004364474333437584
P5TLH_AGTGTCACAGGTGGAT_1,0.0004363148372683619
P1TLH_CAGAATCTCCGCTGTT_1,0.0004354103776893774
P4TLH_AGATCTGGTCGTTGTA_1,0.00043514186228620853
P4TLH_TCAGCAAAGTGGTAGC_1,0.00043510542990105467
P2TLH_AGAGTGGCACTTGGAT_1,0.0004347172849655045
P5TLH_ATCTGCCCACAGCGTC_1,0.0004343342177217503
P4TLH_GTGCATAAGTGCGTGA_1,0.00043429341224887077
P2TLH_AGCGGTCCAAGACGTG_1,0.00043360460323579923
P1TLH_GACGCGTAGACCTTTG_1,0.0004335108388046521
P3TLH_CACTCCATCGGTTAAC_1,0.0004330695813442604
P3TLH_CATTATCGTTCAGTAC_1,0.00043234447570204967
P4TLH_ATCCACCGTTGTGGCC_1,0.0004319883899275033
P1TLH_CGATTGACACTTAAGC_1,0.0004313757033707037
P4TLH_ATCTGCCGTAAACACA_1,0.0004313277329224265
P5TLH_ACGCCGAGTACGCACC_1,0.00043104649983168616
P5TLH_TTCTCAATCACTGGGC_1,0.0004297998773764037
P4TLH_CCGGGATCAAATTGCC_1,0.0004290746388763728
P3TLH_TCATTTGCAATGCCAT_1,0.00042838545028397383
P4TLH_TTCCCAGTCAACACCA_1,0.00042725995278910676
P1TLH_GACGTGCTCTTCGGTC_1,0.00042679240893676125
P1TLH_CCATTCGAGGCGCTCT_1,0.0004258785832567384
P3TLH_CGTTCTGTCTGATACG_1,0.0004255705221123385
P5TLH_AGCTTGAGTGGCCCTA_1,0.000425466746551577
P3TLH_GCACTCTCACTGAAGG_1,0.0004245244901170202
P5TLH_CTAGAGTGTGAGCGAT_1,0.0004243665066085381
P2TLH_AGTTGGTTCGCGGATC_1,0.0004242256861708256
P5TLH_TGAGCCGCACTTAACG_1,0.00042349160786721963
P5TLH_CCTAAAGTCGATCCCT_1,0.00042318243923367106
P2TLH_ACAGCTAGTTGAGTTC_1,0.00042208926394368446
P5TLH_GTTTCTAGTTCCATGA_1,0.0004211878755841322
P3TLH_AGTTGGTGTTCATGGT_1,0.0004208556435079553
P3TLH_CGGCTAGTCTACCAGA_1,0.0004191787075710511
P5TLH_CTCGAGGAGGGCACTA_1,0.00041889934082010166
P5TLH_GCTTCCACAAACCCAT_1,0.0004185741701339863
P1TLH_GCGCCAAAGTCAATAG_1,0.00041704585092879
P5TLH_CTCAGAAAGGAATCGC_1,0.0004160612565753525
P1TLH_TACGGGCCAAGCCCAC_1,0.00041598340874071345
P5TLH_CGCGTTTCAAACGTGG_1,0.0004154781692256452
P5TLH_CGTTAGAAGCTGCCCA_1,0.00041456589517631316
P4TLH_AATCCAGCAGAAGCAC_1,0.000414188633911403
P4TLH_ATCGAGTCAATCCGAT_1,0.00041416972531685685
P3TLH_TGTGGTAAGCACCGCT_1,0.0004129554192480056
P1TLH_GAAACTCCATCATCCC_1,0.0004128202961877559
P1TLH_ATGCGATTCGTTGCCT_1,0.0004127821003400527
P4TLH_CATTATCAGCGCCTCA_1,0.0004120146983875204
P4TLH_AAGTCTGGTCTAGTCA_1,0.00041146617063330846
P3TLH_CAGCTGGAGTGTGGCA_1,0.00041079704597940113
P4TLH_CAGCAGCGTATCTGCA_1,0.0004106270417412082
P2TLH_ACTTGTTTCGGCGCAT_1,0.0004106084894673846
P4TLH_CAGTCCTCAAGAAAGG_1,0.0004094801151959052
P4TLH_GACAGAGAGGCTCATT_1,0.0004088683280291017
P5TLH_GACTAACGTCGAAAGC_1,0.00040860861722416536
P4TLH_GTTCATTGTTTGACAC_1,0.00040838620020394755
P3TLH_CAACCTCAGGCCCTTG_1,0.0004076449162365045
P3TLH_ATCATCTTCAGCGACC_1,0.00040689087278623746
P3TLH_CTTACCGAGATACACA_1,0.0004064635140126189
P4TLH_TTTGTCATCTGGTTCC_1,0.00040614577373224435
P4TLH_TGCGGGTCAGGCTGAA_1,0.0004061410072787365
P4TLH_CATGCCTGTAATAGCA_1,0.00040609455633195833
P3TLH_AGCAGCCAGCAGATCG_1,0.00040541933544133954
P1TLH_GGGACCTGTGGTCTCG_1,0.00040506179757610826
P4TLH_CAGAATCGTGATAAAC_1,0.00040504279685544387
P3TLH_ACGCCAGAGGCTCATT_1,0.00040425885236968195
P5TLH_TCGCGTTTCCTTCAAT_1,0.0004040209613498294
P2TLH_TCTCATACAAACAACA_1,0.0004039271883827465
P1TLH_TGAGGGAGTATTAGCC_1,0.00040377036137768295
P4TLH_TGAAAGATCTGGAGCC_1,0.00040248277618016567
P5TLH_AACTCTTTCCTGCCAT_1,0.00040217724897060095
P3TLH_TGACAACCAGGCTCAC_1,0.0004019295909255742
P5TLH_GTAGGCCAGTGGAGAA_1,0.0004016815064403447
P3TLH_TTGCGTCAGATGTGTA_1,0.0004011873661442972
P4TLH_CTGAAGTCAGGTGCCT_1,0.00040031924439571195
P5TLH_AGGTCCGGTAGCGCTC_1,0.0004001979360987597
P4TLH_CATATGGTCATGCAAC_1,0.0003999452120126587
P5TLH_GGACAAGCATTGGCGC_1,0.0003993900834780535
P3TLH_AGTAGTCTCCCTTGCA_1,0.0003988810553502532
P3TLH_ATTTCTGAGGAGCGTT_1,0.0003986214317552276
P5TLH_TGCTACCCAGTGACAG_1,0.00039801765411742295
P5TLH_ACGATGTCAGGAATCG_1,0.0003979186250010931
P1TLH_GGCTCGACAAGCCTAT_1,0.0003977747358052112
P4TLH_TGCACCTGTTGCTCCT_1,0.00039729230381448344
P5TLH_ACACTGAGTCCGAATT_1,0.00039649430014304134
P2TLH_TGAGGGACAGACGCTC_1,0.0003961373562644446
P3TLH_CCCAGTTGTTCGAATC_1,0.00039608185991883585
P4TLH_TCCCGATCATCATCCC_1,0.0003956852823576132
P5TLH_AAACCTGCAGTTCATG_1,0.0003949468477447447
P4TLH_TTTGGTTTCTGATTCT_1,0.0003943502371660612
P3TLH_ACGAGGATCACAACGT_1,0.0003933655366742476
P1TLH_GGGACCTGTTTCCACC_1,0.0003932172158615521
P4TLH_CATCGAATCTTGTATC_1,0.0003931320634934844
P5TLH_AGCAGCCTCGCAGGCT_1,0.0003929833376725427
P4TLH_CATATTCTCTTGTCAT_1,0.00039233035408808083
P4TLH_TTGCGTCAGTCCGGTC_1,0.0003919980616352412
P1TLH_CGCTATCAGTAGGCCA_1,0.00039097235684725006
P1TLH_ACGAGGAGTGCGAAAC_1,0.00039077287526066777
P4TLH_ATTACTCAGATCCCGC_1,0.0003900540794116278
P3TLH_TTAGTTCCAAACGTGG_1,0.00038981374757575946
P1TLH_CTGATCCTCCAGTAGT_1,0.0003897022304355042
P1TLH_CTGAAACCAGACGCCT_1,0.00038920761625145246
P4TLH_CTCGAAACATTCCTCG_1,0.0003875173986778017
P4TLH_ATGGGAGTCTCTAAGG_1,0.00038724641666723386
P1TLH_TTTATGCTCCTCAACC_1,0.00038668707865187406
P5TLH_TGGCTGGCACCTGGTG_1,0.0003864661375596505
P4TLH_GCGGGTTAGACGACGT_1,0.00038642021785970245
P5TLH_CCGTTCAGTTCAGACT_1,0.0003856524886326626
P5TLH_TGGCGCAGTCGCTTCT_1,0.0003844024841849528
P3TLH_CAGCATAGTCATCCCT_1,0.000384015374017273
P3TLH_ACACCAAAGACTTTCG_1,0.00038392583737649586
P2TLH_GGCCGATTCTATCCTA_1,0.00038383246279192416
P5TLH_TAGAGCTTCTCATTCA_1,0.00038376285828780156
P1TLH_TCCCGATGTTGATTCG_1,0.0003836749693712145
P5TLH_CCCTCCTCAATGGTCT_1,0.0003830178364963733
P4TLH_CTGTGCTTCTCTGTCG_1,0.0003822573712102208
P4TLH_TCAACGAGTCTTGCGG_1,0.0003821320471844984
P3TLH_GGTATTGCAGCTGTTA_1,0.0003821237474534987
P4TLH_CATCGGGAGCGTCAAG_1,0.00038176685917780314
P4TLH_GCATGCGTCAGCACAT_1,0.00038122806243085216
P2TLH_CTGATAGCAAAGGCGT_1,0.0003808139814480001
P5TLH_ACATCAGGTGGTAACG_1,0.00038078600803547206
P3TLH_GGCTCGATCTGTCTCG_1,0.00038069712909415685
P4TLH_AGTGTCATCGTACCGG_1,0.00038031625248952095
P1TLH_ATGTGTGAGGAATGGA_1,0.0003801486330531001
P4TLH_TACAGTGCATTACCTT_1,0.00037938199534932106
P3TLH_GCTGCAGTCTCGGACG_1,0.0003792972564028043
P3TLH_AGCCTAATCGACAGCC_1,0.0003786794072042468
P4TLH_GGATGTTAGTTACGGG_1,0.00037863758065189156
P3TLH_ACCAGTAGTCGGCATC_1,0.0003781849350384324
P2TLH_ATTCTACTCTGCAGTA_1,0.000378161813466063
P3TLH_GGTATTGTCAGCACAT_1,0.0003780994576901807
P4TLH_CATCGAACACCACGTG_1,0.00037766376287935575
P2TLH_CCAGCGACACGCATCG_1,0.0003775842150668773
P3TLH_AGGCCACGTCAGGACA_1,0.0003775752246518153
P3TLH_AGCATACGTAAGAGGA_1,0.00037635429818815057
P1TLH_CCTTTCTAGTCTCAAC_1,0.0003757053315745143
P3TLH_CGAGAAGCATACAGCT_1,0.0003755395445128756
P4TLH_CTGATCCGTTCTGTTT_1,0.0003751558851461307
P4TLH_TCGCGTTTCAAAGTAG_1,0.0003749236494034293
P3TLH_GTATCTTTCTAACGGT_1,0.00037400130179694735
P2TLH_GCAGCCAGTAGTGAAT_1,0.0003734999750524982
P4TLH_AACTCCCAGCCACGTC_1,0.0003732962382057253
P5TLH_CCTTTCTCAATGGTCT_1,0.0003731870251099067
P5TLH_CGTCTACAGCGCTCCA_1,0.0003731153819611368
P3TLH_CCTCTGAGTACGCTGC_1,0.0003730519957748616
P5TLH_GCGCAGTTCCATTCTA_1,0.0003729364530308409
P5TLH_CGAGCCATCTGAAAGA_1,0.0003725453600299751
P3TLH_ATCACGACATTACCTT_1,0.0003715308815962332
P1TLH_CACACAAGTCACTTCC_1,0.0003712482382109028
P1TLH_GTCGTAAAGGACGAAA_1,0.00037098403658614957
P4TLH_GCAGTTATCTCTAGGA_1,0.0003708789573168529
P4TLH_CTCATTAGTCGAGATG_1,0.00037070180294850237
P5TLH_AGGGTGAAGGAGTTTA_1,0.00037067934272171327
P1TLH_TGTGTTTTCTGAGTGT_1,0.00037058923071191604
P3TLH_GACCTGGGTCAATACC_1,0.0003700373175439018
P5TLH_GATGAAAGTACAGTGG_1,0.00036935564068122734
P1TLH_TGTCCCACAATTCCTT_1,0.000369180013307881
P3TLH_GACACGCAGGGTATCG_1,0.00036910599211527166
P5TLH_GACGGCTCAGCGATCC_1,0.00036881257380810486
P3TLH_TGCTGCTTCTTTACAC_1,0.0003687292386025477
P3TLH_TGAGAGGCATATACGC_1,0.0003687210645616676
P1TLH_GTATCTTGTTTACTCT_1,0.0003680044091665346
P3TLH_AAAGTAGGTAGCGTCC_1,0.0003679327900520862
P3TLH_AGAATAGGTGTTTGGT_1,0.000367142242194708
P3TLH_CAGCTGGCAGCATGAG_1,0.0003670679686895839
P5TLH_ACGATACGTGATAAAC_1,0.0003664380262750885
P5TLH_GTACTTTTCGTGGTCG_1,0.0003661935526225478
P1TLH_GGCGACTAGGGCACTA_1,0.0003661057581185496
P3TLH_AACACGTAGAGCTTCT_1,0.0003658823305474249
P4TLH_TAAGAGATCAGCAACT_1,0.00036583311597206
P3TLH_CGAGCACAGACGACGT_1,0.0003647637235626891
P4TLH_TACGGATAGGAACTGC_1,0.00036470352244232147
P4TLH_GGAATAACAAGTAATG_1,0.00036465802412041624
P3TLH_TTGACTTCAAGGGTCA_1,0.00036423759586504676
P1TLH_CGGGTCAAGGCCGAAT_1,0.00036361743327019197
P4TLH_CTTCTCTAGGCCATAG_1,0.00036356218857597043
P2TLH_TGGCTGGTCGGCCGAT_1,0.0003625999202403509
P4TLH_TACTTACAGAGCTGGT_1,0.000362532789738625
P3TLH_CGTGTCTAGATGTGTA_1,0.00036227936560998057
P3TLH_CGACCTTCATTGGGCC_1,0.000361165091328233
P4TLH_ACCTTTACATTCGACA_1,0.0003602929889981655
P3TLH_AGCGGTCTCAACTCTT_1,0.0003602553769476039
P4TLH_TAAGCGTTCTCGTATT_1,0.0003598841753776789
P5TLH_CGGAGTCAGATGTGGC_1,0.00035961928122095645
P1TLH_GGCAATTTCGATCCCT_1,0.00035910900632396986
P5TLH_CCTCAGTGTCCGCTGA_1,0.000359035172183814
P4TLH_TCGGGACCAGCGATCC_1,0.0003588942718907305
P3TLH_CGTCTACGTTACGGAG_1,0.00035856451111988987
P5TLH_CGGGTCAAGGGATGGG_1,0.0003584784438650941
P3TLH_GGGAATGTCCTAAGTG_1,0.0003580954817760129
P3TLH_TTAGTTCGTCGTTGTA_1,0.00035788638734409286
P5TLH_CACCACTTCCAAAGTC_1,0.0003575533000390638
P1TLH_GCTTGAAGTGCAACTT_1,0.000357445206956915
P3TLH_TTGGAACCAGGCTGAA_1,0.00035685953032066364
P5TLH_CATGCCTGTACAGTGG_1,0.00035658640409527313
P5TLH_TGTATTCTCTCGTTTA_1,0.00035633356370909337
P5TLH_CTGCGGAAGTGGTAAT_1,0.0003562529952261613
P4TLH_GAGGTGATCCCGGATG_1,0.00035612030828407034
P4TLH_TGAGGGAGTATCAGTC_1,0.0003559808038224276
P1TLH_CTAAGACTCGACGGAA_1,0.0003559042598232224
P5TLH_CACATTTAGGAATCGC_1,0.000355864394036492
P4TLH_AAAGTAGGTCTGGAGA_1,0.0003558121864071531
P3TLH_GTCTTCGGTGGCAAAC_1,0.00035578575416024864
P5TLH_TGCCCATCACGCCAGT_1,0.00035559312428523946
P2TLH_GTCGTAAGTCGCCATG_1,0.00035538952283776864
P3TLH_GTAACTGTCCTAGTGA_1,0.00035447866125931285
P1TLH_TACCTATAGGACAGCT_1,0.00035435489519538047
P2TLH_GGCCGATGTCTGATTG_1,0.0003537953042841213
P3TLH_CAACCTCCAAGGACAC_1,0.0003527291028185645
P2TLH_TGACTAGGTCTAGGTT_1,0.00035258748502731753
P5TLH_CCATTCGAGTCCCACG_1,0.00035252387645042226
P3TLH_GCTTGAAGTTCTGTTT_1,0.0003524124770802247
P5TLH_CGTCAGGCAACACCTA_1,0.00035237122069272736
P3TLH_ACGATGTGTTACAGAA_1,0.00035231710035406316
P5TLH_CAACCTCAGTATGACA_1,0.0003521882727638467
P4TLH_TGGTTAGTCCGCGGTA_1,0.00035160404385763724
P5TLH_CGCTGGAAGCTCTCGG_1,0.0003509095282865539
P1TLH_CAAGTTGAGTAGATGT_1,0.0003508079899932568
P3TLH_CATGCCTTCCTGTAGA_1,0.0003505018758027078
P5TLH_GTGCATAGTTATCCGA_1,0.0003491924422119611
P5TLH_CTGCTGTTCAGATAAG_1,0.00034917385596257544
P3TLH_ATCATGGCATGGGAAC_1,0.000348827406893731
P4TLH_CACACCTTCGGCGCAT_1,0.0003487063444413501
P1TLH_GCTCCTAAGAGTCGGT_1,0.00034819865918370814
P5TLH_TCGAGGCGTTATGTGC_1,0.000347863504267914
P5TLH_CAGCAGCGTACTCTCC_1,0.00034755406005560223
P4TLH_TACGGTAAGACAATAC_1,0.00034728864283943415
P5TLH_TGGTTCCAGGCTCTTA_1,0.0003469944707397298
P1TLH_AGAGCTTTCGTTACGA_1,0.00034658905755243657
P4TLH_GCGGGTTCATCCCATC_1,0.0003464006851729642
P3TLH_TGGGAAGTCTATCCCG_1,0.0003458695743136193
P4TLH_GGCCGATGTCAGCTAT_1,0.00034577333452776395
P4TLH_GGAACTTGTTTGTTGG_1,0.00034530822917197784
P4TLH_GCTTGAAAGTGTCTCA_1,0.0003452581295282557
P1TLH_ACGGAGAAGATATACG_1,0.00034514493441659757
P3TLH_GATCGTAGTGTGCCTG_1,0.00034499064479644995
P3TLH_TCTGGAACAGACGTAG_1,0.0003448874629042852
P4TLH_TCTATTGGTGCCTTGG_1,0.00034462250812456174
P4TLH_TGAGCCGTCTTGGGTA_1,0.000344589334266902
P3TLH_CATATGGAGCTACCGC_1,0.0003443697615951182
P5TLH_ATCATGGAGTCAATAG_1,0.0003443166736007514
P1TLH_GGATGTTAGCCACGTC_1,0.00034403338635716164
P3TLH_TGAGGGACATGTTCCC_1,0.00034352528509924533
P3TLH_GATCGTACAATCAGAA_1,0.0003432565449870132
P1TLH_AGCTCTCGTGCCTGGT_1,0.00034273003144220433
P3TLH_CCGGGATGTAGCACGA_1,0.0003423979313783915
P5TLH_CGTGAGCCAGACACTT_1,0.00034189383002426635
P1TLH_CCCAATCGTGAACCTT_1,0.00034153042599402287
P4TLH_TTAACTCAGAGCCTAG_1,0.000341166522043734
P3TLH_CCTAAAGGTACGAAAT_1,0.0003411421796030495
P2TLH_CCTTCCCAGTGCGATG_1,0.000340928272707888
P5TLH_GTGCAGCGTCACCTAA_1,0.00034091922315422564
P3TLH_AATCGGTGTAGCACGA_1,0.0003404578713389671
P2TLH_AGATCTGTCACTTCAT_1,0.00034038353542143433
P4TLH_CATTCGCCATACTACG_1,0.0003402517349186497
P3TLH_CATCAAGGTACCGCTG_1,0.0003402290225406337
P3TLH_ACGCAGCAGAACAATC_1,0.0003399959960890812
P2TLH_AGTCTTTAGCTGGAAC_1,0.00033930773703544007
P3TLH_TCATTACAGTACACCT_1,0.0003390379744358487
P3TLH_ACATACGTCTAGCACA_1,0.0003388674541796975
P5TLH_ATCTACTGTCTAGGTT_1,0.00033840930188160236
P3TLH_CCTTTCTGTTAAGTAG_1,0.00033836716160080734
P4TLH_AGAGCGAGTAAGAGAG_1,0.00033833052510621103
P3TLH_TCAGATGAGTAAGTAC_1,0.00033801855237143146
P3TLH_GACTGCGAGACAGGCT_1,0.000337337543901299
P4TLH_CTTAGGATCCACGACG_1,0.0003370483885715009
P5TLH_AAAGCAATCCTACAGA_1,0.000336774377229138
P4TLH_TGACGGCTCCTATGTT_1,0.00033660977991895795
P3TLH_ACGCCGACATCACAAC_1,0.0003362936937699388
P4TLH_CCTACCAAGACAAAGG_1,0.00033619475686445533
P4TLH_GGGTTGCAGTAGATGT_1,0.0003360683506776656
P4TLH_GTGCATATCTGCAGTA_1,0.0003358665296385886
P1TLH_CCTAAAGCAGCGATCC_1,0.00033568535473071015
P5TLH_ACATACGTCCCTAATT_1,0.0003356817892286651
P4TLH_ACGCAGCGTTCTGAAC_1,0.0003356204568567377
P4TLH_GCATGCGCAGCCAATT_1,0.0003354819202579093
P3TLH_CGAGCACGTTTGGGCC_1,0.0003353608036890419
P1TLH_GGCAATTGTCGTGGCT_1,0.0003353499800739215
P1TLH_GTTCGGGGTTCCGTCT_1,0.0003351981458905144
P5TLH_TTGGCAAAGAGGTTAT_1,0.0003351503086701361
P3TLH_ACGGGTCGTGAGTGAC_1,0.00033483495046622883
P4TLH_AAACCTGAGACCACGA_1,0.000334805847734187
P1TLH_ATGTGTGAGTGTTAGA_1,0.00033432627388130546
P5TLH_AGCGTATTCAAACCAC_1,0.00033430530423277316
P2TLH_GGGAATGGTTAGTGGG_1,0.0003336957321783579
P4TLH_TTGTAGGCAGATGAGC_1,0.00033369086600965893
P4TLH_TTGACTTCACGGTGTC_1,0.0003333768525606382
P5TLH_GGACGTCAGCCCTAAT_1,0.00033329221807093046
P3TLH_TCGTAGAAGACAGAGA_1,0.0003331960803292067
P3TLH_GGGATGACACGGTAGA_1,0.0003327235564732209
P3TLH_CGATGTAAGTACGCCC_1,0.00033267171303327315
P4TLH_CGGAGTCAGAGAGCTC_1,0.00033262057054249156
P1TLH_CCCAGTTAGTCCAGGA_1,0.00033257240148728764
P1TLH_GAACCTATCCTTCAAT_1,0.0003323394024763163
P4TLH_AACGTTGCAAGCCGTC_1,0.00033230140180716275
P3TLH_CAAGAAATCGTGGTCG_1,0.00033200341172094573
P4TLH_CCTATTACACGGTAGA_1,0.00033153069595769026
P4TLH_AACTGGTGTCCCGACA_1,0.0003311457928336481
P4TLH_ACGGCCAAGGGAACGG_1,0.0003309831216160039
P3TLH_GTAACTGAGCAGACTG_1,0.0003308240969806002
P5TLH_CTCTAATGTATCAGTC_1,0.0003299720002668844
P5TLH_TGCTACCTCGTGGACC_1,0.0003286711856726538
P3TLH_ATAGACCAGCTGATAA_1,0.00032856829817466514
P5TLH_CAAGTTGGTGCCTGTG_1,0.00032755986966015796
P4TLH_CGAATGTAGGCAGTCA_1,0.0003273533998742055
P4TLH_GGAACTTCATGACATC_1,0.00032734326810707497
P5TLH_CTCGTCAAGTTAACGA_1,0.00032702171703924155
P2TLH_GGACGTCGTTTGGCGC_1,0.000326536623337228
P5TLH_CGCGGTAAGAAACGCC_1,0.00032638717647870934
P4TLH_AGCGTCGTCTCCGGTT_1,0.0003263592098158433
P4TLH_GTCTTCGTCCGTAGTA_1,0.0003261278302377848
P4TLH_CGTAGGCAGCATCATC_1,0.00032558161409163315
P5TLH_TACACGACATCTGGTA_1,0.00032518564003704823
P3TLH_CCGGGATCACCACCAG_1,0.00032469537528486645
P1TLH_GTGCATAAGGCCCTTG_1,0.00032450289607753564
P2TLH_CCAATCCAGTACCGGA_1,0.0003244692951284087
P1TLH_AGATTGCTCAAAGTAG_1,0.00032442168734580124
P3TLH_ACTGTCCGTCGCGAAA_1,0.0003242646072502055
P3TLH_AGTGGGAAGACTAGGC_1,0.0003242079744670472
P5TLH_AAGACCTGTTTAGGAA_1,0.00032355764921350184
P2TLH_GGATGTTCAGACGCCT_1,0.0003235265662558171
P4TLH_ACATGGTCAAGAGGCT_1,0.0003232272179182131
P5TLH_CGAATGTCAGACACTT_1,0.0003229925229813066
P1TLH_CCAATCCGTTTAGGAA_1,0.0003227029868825646
P1TLH_CGGACACAGGCAGGTT_1,0.0003223059271327977
P4TLH_ATGAGGGTCGGAATCT_1,0.00032215311948037453
P2TLH_TGGTTCCAGACGCAAC_1,0.00032186773227486443
P3TLH_ATGAGGGTCACTTATC_1,0.00032165095014816456
P5TLH_GGAAAGCCACAGCCCA_1,0.00032082975164052734
P3TLH_CCTATTACAAGTTGTC_1,0.00032030639379678746
P5TLH_ACCGTAAAGTGTCCAT_1,0.0003200792617679862
P3TLH_AAATGCCTCAAGAAGT_1,0.0003200187181396643
P3TLH_CGTGTCTAGTGCCATT_1,0.00031966476279313117
P3TLH_TCTCTAATCTTTAGGG_1,0.00031938817205878626
P2TLH_AATCCAGCAATGAAAC_1,0.00031922731384123257
P3TLH_GGCGTGTCAATGGTCT_1,0.0003191294117123242
P5TLH_GCAGCCATCACCGTAA_1,0.0003191283395900776
P3TLH_ACGCCGATCTTAGAGC_1,0.00031897477478278873
P2TLH_AACTCCCTCCAACCAA_1,0.0003188651317091115
P4TLH_TTGTAGGCATCCTTGC_1,0.00031866370803821753
P5TLH_TTAGGACGTTTAGGAA_1,0.0003185168538277598
P5TLH_ACGAGGAAGAAGGGTA_1,0.000318454334208808
P2TLH_ACTATCTAGTGCCAGA_1,0.0003179235462915881
P4TLH_AGCTTGACACGAAGCA_1,0.0003173077300821657
P4TLH_AACTGGTAGTAAGTAC_1,0.0003172420065344289
P3TLH_CTGCTGTCAAAGGTGC_1,0.0003171087176486634
P5TLH_CTCGTACCAAGACGTG_1,0.00031669356208782534
P4TLH_TTCCCAGTCTTACCGC_1,0.00031648899734824975
P3TLH_ACCTTTATCCGTAGTA_1,0.00031645654287150925
P5TLH_AACACGTCAGAGTGTG_1,0.00031610824080606633
P3TLH_CGGACACCAGCTGCAC_1,0.0003157696353696601
P4TLH_TACACGAAGGTCATCT_1,0.00031550698190738137
P4TLH_TGCTGCTAGCTCAACT_1,0.0003153085874809587
P5TLH_TTTATGCTCACGATGT_1,0.00031516119492622474
P3TLH_CGTAGCGAGGCGACAT_1,0.00031480800979272124
P1TLH_CCTCTGATCAATACCG_1,0.0003147035803376314
P1TLH_AGGTCCGAGTTCCACA_1,0.0003144767147408456
P1TLH_TCTGAGATCATGCAAC_1,0.0003141796786513164
P1TLH_TACTCGCTCACGACTA_1,0.00031324879024713966
P3TLH_TTTACTGTCACGCGGT_1,0.00031312738995387243
P4TLH_GGTGCGTCATCACGTA_1,0.0003129963197905937
P1TLH_TCTATTGAGGCATGGT_1,0.000312834184509934
P5TLH_CCATGTCCAGTATGCT_1,0.00031253754535978234
P3TLH_TACGGTAGTCCAACTA_1,0.0003121472229588996
P4TLH_ACAGCTATCAGGTTCA_1,0.00031180917273937616
P3TLH_CTGGTCTTCACAACGT_1,0.00031167946529174815
P4TLH_CATCGGGAGAACAACT_1,0.00031134058824118223
P3TLH_GGCCGATGTACAAGTA_1,0.0003110424471938234
P1TLH_CTCAGAACAGTCGATT_1,0.00031051726737640716
P3TLH_GGATGTTGTCATACTG_1,0.0003104500639096715
P5TLH_ATTACTCGTATGCTTG_1,0.00030986692266540594
P5TLH_GTCGTAAAGTGCGATG_1,0.0003093304961628955
P3TLH_ACATACGCAAAGTCAA_1,0.0003091134104485432
P4TLH_CTCTAATCATCGGAAG_1,0.0003090766334351747
P3TLH_TAAGTGCTCAAGATCC_1,0.00030864571514757226
P5TLH_CTCTACGGTAATCACC_1,0.00030813173353369706
P2TLH_CAGATCAAGCGTCTAT_1,0.00030799468902366014
P4TLH_CACACCTTCCCATTTA_1,0.00030776303920313755
P4TLH_GGGCACTAGACACTAA_1,0.00030765107830306936
P3TLH_CTACCCACACTCAGGC_1,0.00030733773807424856
P2TLH_AACTGGTCAAACTGTC_1,0.00030731501771327
P4TLH_GCTTGAATCATTGCCC_1,0.000307028976480559
P2TLH_TGGCCAGGTACTTAGC_1,0.0003069487280853881
P3TLH_CGATCGGTCTAACTCT_1,0.00030682217793931633
P3TLH_GCACATACAGCCTTGG_1,0.0003066796016617923
P4TLH_TCTGAGATCTGGCGTG_1,0.0003060024531320489
P4TLH_TACCTTAAGGAACTGC_1,0.00030490151238040297
P5TLH_CCATGTCAGGGTCTCC_1,0.0003044557188939061
P3TLH_ACACCGGTCACGGTTA_1,0.0003042644279808621
P3TLH_CGAACATGTGACTACT_1,0.0003040573199854124
P1TLH_CGGCTAGTCTGTCAAG_1,0.0003040105993603467
P1TLH_TTAGTTCGTCCGTCAG_1,0.00030371149634960374
P4TLH_CTTGGCTGTGAACCTT_1,0.0003035909779279217
P3TLH_ACTATCTCAAGCCATT_1,0.00030341973568104926
P3TLH_CGCGGTAGTCTAGTCA_1,0.0003033832170610979
P4TLH_GGAATAACATCACGTA_1,0.00030322577332589004
P3TLH_TTAACTCTCCTTGCCA_1,0.0003030771232876894
P1TLH_ACTGAACGTTGCTCCT_1,0.0003028971032950585
P2TLH_ACGAGCCCACCACGTG_1,0.0003027057155241026
P4TLH_TCACAAGTCGCGTAGC_1,0.00030269621987116905
P1TLH_CGGACGTGTGCCTGTG_1,0.0003023483547723049
P4TLH_TTAACTCTCCGTACAA_1,0.0003020446800308055
P3TLH_GACTGCGCACCCAGTG_1,0.00030194926573418897
P5TLH_ACGGAGATCATTGCCC_1,0.0003017376186153551
P5TLH_GGATGTTGTTCACCTC_1,0.00030173143507851723
P1TLH_AGGCCGTGTGGGTATG_1,0.0003013548971880089
P3TLH_GCCTCTAAGATGTGGC_1,0.0003010944512857583
P5TLH_CAACTAGTCCGCAGTG_1,0.0003009877223409292
P3TLH_GTTCATTTCTGGGCCA_1,0.0003005838970940143
P3TLH_AGCTCTCTCAGTCCCT_1,0.000300362060082598
P2TLH_ACTGCTCTCGAATCCA_1,0.00030005151884527183
P4TLH_TACTCGCCAAGTAATG_1,0.0003000416046856637
P3TLH_CATCAAGGTGAGCGAT_1,0.00030003004665099547
P5TLH_TCAACGAGTACACCGC_1,0.00029999580087603373
P4TLH_CCTACACGTCATATGC_1,0.00029997447441129524
P1TLH_AAGGCAGCAGCAGTTT_1,0.00029997097495675513
P4TLH_TCAGATGAGTTACCCA_1,0.00029974141246488415
P3TLH_CTGTTTAGTCGCTTTC_1,0.0002996404711823141
P1TLH_GACGGCTAGCCGTCGT_1,0.00029954371418099146
P3TLH_GCGCAGTAGCTCCTCT_1,0.0002993790343424358
P1TLH_AAGGTTCAGTGGACGT_1,0.0002993331996929118
P1TLH_TATCTCAGTGCGATAG_1,0.0002992101453858475
P5TLH_CCCATACTCAGGATCT_1,0.00029917449289576953
P5TLH_GGAAAGCTCAGCTTAG_1,0.00029915876669800575
P4TLH_CTGAAACAGGACACCA_1,0.000299076065921618
P3TLH_GGCGTGTTCCAAACAC_1,0.0002990276170724323
P1TLH_CGATCGGGTTCGTTGA_1,0.0002989539365331885
P5TLH_ACCCACTAGTCAATAG_1,0.000298915819198474
P3TLH_TTAGTTCGTAATAGCA_1,0.0002984994675561916
P2TLH_GGTGCGTCATATGAGA_1,0.0002983573814539288
P2TLH_GAAGCAGAGCTAAACA_1,0.0002983096571333142
P2TLH_GAAGCAGGTAAACACA_1,0.00029823325110208944
P3TLH_TTCGAAGAGAGGTAGA_1,0.00029818714037278295
P3TLH_CACAAACAGGGAAACA_1,0.0002980700788531984
P1TLH_GTGCATATCTAACTTC_1,0.0002980233922898741
P4TLH_CGATTGAAGGCTCAGA_1,0.000297809674681648
P3TLH_GTCACAAAGACATAAC_1,0.00029763873602758233
P5TLH_CCATGTCTCGGTTCGG_1,0.0002975896091526422
P5TLH_CACCAGGCACAACGTT_1,0.00029758397109752826
P5TLH_ACGATGTCAACCGCCA_1,0.00029687320150398295
P5TLH_CCACTACTCAGCGACC_1,0.0002962980841296947
P5TLH_ATGTGTGTCGCATGAT_1,0.0002957815821320088
P5TLH_CTGGTCTTCCTTGGTC_1,0.00029553709400267203
P2TLH_TAAGCGTTCCGCATCT_1,0.00029550210463085216
P4TLH_CGTTCTGAGAGTGAGA_1,0.0002953811808254527
P1TLH_GTTTCTACACGGCGTT_1,0.00029506955077043904
P2TLH_ACTGTCCTCTTCAACT_1,0.00029425085081188776
P4TLH_CCGTACTAGTGCGATG_1,0.000293866010732204
P1TLH_CATGGCGCAGCTGTTA_1,0.0002935111612574274
P5TLH_CCCATACGTTGTGGCC_1,0.0002927271594861528
P2TLH_ACTTTCACAAATCCGT_1,0.00029272389495695647
P4TLH_GGTGAAGAGTAGCCGA_1,0.00029224294658155783
P3TLH_CGAATGTTCCGTTGTC_1,0.0002921832620492082
P3TLH_AACTTTCTCAACTCTT_1,0.00029169094902670964
P2TLH_GCGCAGTTCACATGCA_1,0.0002915641976788878
P4TLH_CGCTTCAGTTCCTCCA_1,0.0002913114346725589
P1TLH_CGGACTGCACCGGAAA_1,0.0002912656676043143
P4TLH_GACAGAGAGACTGTAA_1,0.0002911646969167638
P5TLH_CGTAGCGCAAGGACTG_1,0.00029086748922044756
P4TLH_TATCTCATCCAAACAC_1,0.00029035758168267505
P1TLH_CTACACCTCCTTTCTC_1,0.00028992892145574244
P3TLH_TAAACCGAGCTGTTCA_1,0.0002899136923012489
P5TLH_CCGGTAGAGGAACTGC_1,0.0002899048506656177
P5TLH_GCTGCGAGTTGGACCC_1,0.0002896151896911692
P5TLH_GTGCTTCGTCTCCCTA_1,0.00028930842400046213
P3TLH_AGGTCATGTAACGCGA_1,0.00028930748398040327
P5TLH_GATGCTAGTCTCTTTA_1,0.00028924696567893683
P4TLH_GGGTCTGTCCCTAATT_1,0.0002892333362182145
P3TLH_CATGACACACGGCGTT_1,0.00028901004492933735
P3TLH_TAAGCGTAGCGCCTCA_1,0.00028892525151252694
P4TLH_CACATAGTCGCAAACT_1,0.0002889181234616274
P1TLH_TACACGAGTCGCATAT_1,0.0002888414104029031
P3TLH_CGAACATAGTCCTCCT_1,0.0002888203142859756
P5TLH_CAAGGCCTCCCAACGG_1,0.0002886747144617735
P2TLH_ATCCACCAGCCGTCGT_1,0.00028849641788152697
P1TLH_AACTCTTTCAACGAAA_1,0.00028829699828927433
P3TLH_CGGAGTCGTAGAGCTG_1,0.00028823374802437263
P3TLH_GTGTTAGCACCGATAT_1,0.000288140807705627
P1TLH_TACCTTAGTGTGGCTC_1,0.0002875481010659093
P5TLH_TCGCGTTGTCTGATTG_1,0.0002873066686208028
P1TLH_TGAGGGACACAGACTT_1,0.00028691505248497855
P1TLH_CAGTAACCAAGCGTAG_1,0.00028686104281597615
P5TLH_CTGTGCTGTCATACTG_1,0.00028680690758623904
P4TLH_CTAAGACGTTACGGAG_1,0.0002867280370615625
P3TLH_TGAGCATAGTCCGTAT_1,0.00028638144876081176
P4TLH_ATGGGAGGTAGCGCAA_1,0.0002861520356187513
P5TLH_ATCTGCCGTCAGAATA_1,0.0002861305823154852
P3TLH_ACGGAGACACCAGGTC_1,0.0002861198182423655
P5TLH_CTTAGGATCGCACTCT_1,0.0002854949462203667
P3TLH_ATTGGTGTCAGAGCTT_1,0.00028527735515061954
P3TLH_AACTCCCAGTATTGGA_1,0.00028509687585761656
P4TLH_TGCGTGGAGAATTCCC_1,0.00028489501130846546
P4TLH_CGTGTAAGTGTTCGAT_1,0.0002844908224106821
P2TLH_TACTTGTCAACAACCT_1,0.00028434484632822935
P2TLH_GGGTTGCGTAGCGTGA_1,0.0002842445196367788
P4TLH_TATTACCGTTGGTTTG_1,0.00028422477817109394
P4TLH_TCACGAAGTTGAGGTG_1,0.0002842200559884205
P1TLH_CCAATCCTCACGAAGG_1,0.00028403137500576306
P1TLH_GGACATTAGTCGCCGT_1,0.0002839458842712926
P4TLH_TAGTTGGCATCAGTAC_1,0.0002839071128859362
P1TLH_TCGGTAATCTTGACGA_1,0.00028387889410740416
P3TLH_CGACTTCCATTACCTT_1,0.0002836383156123574
P3TLH_GAACCTATCTGTTTGT_1,0.00028351379525005493
P5TLH_GATTCAGCATCGGACC_1,0.00028346780483559745
P1TLH_ACACCAAAGACAGACC_1,0.00028345521154447985
P3TLH_GATGAAACATACCATG_1,0.0002834263617014845
P4TLH_GGCCGATAGCCACGTC_1,0.0002830363351370444
P5TLH_CAGCTAACATTCACTT_1,0.00028287018129106995
P3TLH_TCAACGATCAGTACGT_1,0.00028278943383334786
P5TLH_CGTGTAACATGACGGA_1,0.00028274482780133494
P5TLH_TTTGTCATCCACGCAG_1,0.00028270301047772446
P4TLH_TAAGAGACAGCTTCGG_1,0.00028269516183800726
P3TLH_TGGGCGTTCAGTTCGA_1,0.0002826488010981008
P3TLH_AACTCCCAGTCCGGTC_1,0.0002826066631696897
P1TLH_TCTCATAAGCGATCCC_1,0.00028210417268274336
P2TLH_TACTTACAGTACGTTC_1,0.00028200580928792
P4TLH_ACTGATGTCGCCTGTT_1,0.0002819372665600914
P5TLH_GGGAGATCACAGTCGC_1,0.0002816350695487339
P1TLH_TCAGCTCGTACAGACG_1,0.00028146736534788495
P3TLH_GGACGTCAGTACGCCC_1,0.00028144165877178376
P5TLH_TGGCCAGTCAACGCTA_1,0.00028133613536875107
P1TLH_GTATCTTGTTCGTGAT_1,0.00028124111648256025
P3TLH_ACCGTAACAAGCGTAG_1,0.00028121782197111254
P3TLH_CTAATGGCACCAGGTC_1,0.000281125132391249
P3TLH_GCATACATCTGCCCTA_1,0.00028092677071451415
P2TLH_GTTTCTACAGCCTTTC_1,0.0002808530990481188
P3TLH_GAATGAATCACAGTAC_1,0.000280554356697053
P3TLH_CACACTCGTCGCGAAA_1,0.0002804145736127159
P4TLH_GTCATTTGTGAACCTT_1,0.00028009191170066266
P4TLH_TTTACTGAGGAATTAC_1,0.00028002392675421255
P2TLH_ATCATCTGTCGCGGTT_1,0.0002799665389337431
P5TLH_ACTGAGTAGAGACTTA_1,0.0002798922718186274
P5TLH_CACCACTGTGTCGCTG_1,0.00027979167987668446
P5TLH_GAGGTGACACGCCAGT_1,0.00027935749251005557
P2TLH_TGCGGGTGTCTTCAAG_1,0.0002787210097289757
P3TLH_GAAGCAGAGGCTCAGA_1,0.0002785291413942945
P3TLH_TACAGTGGTCTCCATC_1,0.0002783242854244181
P1TLH_CACACCTCACGGTGTC_1,0.0002782014397873505
P4TLH_TCGTAGAAGACTGGGT_1,0.0002781042157414934
P2TLH_TTTGTCAAGGTGTGGT_1,0.00027794977690528895
P3TLH_AACCGCGGTACCGCTG_1,0.00027755345343340925
P2TLH_ACTTACTAGCGGATCA_1,0.00027730961867074863
P1TLH_CAAGATCCAACACGCC_1,0.0002772112270461929
P4TLH_CACCTTGAGAGCTGGT_1,0.00027716050771806733
P3TLH_AGCATACGTGCAACGA_1,0.00027710799002536325
P4TLH_TCCCGATCAGACAGGT_1,0.00027684634531183373
P4TLH_GCTCTGTTCACCTTAT_1,0.0002768388853256169
P5TLH_CCGGGATCAGCATACT_1,0.00027681991165627866
P1TLH_CAAGTTGCATTAGGCT_1,0.0002765393298460582
P2TLH_CGATCGGAGACCGGAT_1,0.0002764165930088475
P3TLH_GCGCAGTCAAAGCGGT_1,0.00027632246409025165
P3TLH_ACACCCTTCCTTGGTC_1,0.0002759056623065773
P3TLH_CCTTTCTAGATCTGAA_1,0.000275818795469116
P1TLH_CGTGTCTGTATGAAAC_1,0.00027576194928045965
P3TLH_ATTATCCGTCTGCAAT_1,0.00027574406986707276
P2TLH_CGCGGTAGTGCGATAG_1,0.0002757359239468494
P5TLH_TCGCGAGTCAAGCCTA_1,0.00027572927118835904
P3TLH_GATCGCGTCTAACTCT_1,0.0002755614179158034
P2TLH_TCAGATGGTCCTAGCG_1,0.00027502631437469337
P3TLH_ACGCCGACAACTGCTA_1,0.000274659607883401
P1TLH_AGCTCTCCAACAACCT_1,0.00027463657362050155
P1TLH_GATCGATTCTGGTGTA_1,0.0002745171777371792
P4TLH_CCTCTGATCGGTGTTA_1,0.0002745046842349492
P3TLH_TTTACTGGTCTCCCTA_1,0.0002742842699196917
P3TLH_GAATGAAAGGGCTTCC_1,0.00027410115062646146
P2TLH_CATGGCGGTCGCGAAA_1,0.00027384175211812997
P1TLH_CCGTGGAAGTTGAGAT_1,0.00027381812887075375
P2TLH_GATTCAGGTCGCGAAA_1,0.00027381141275305846
P3TLH_AGCGTCGAGGACTGGT_1,0.0002737974544148744
P2TLH_CTTAGGAGTAAGGATT_1,0.0002734343299935168
P5TLH_CACATAGCAAGTTAAG_1,0.00027334984637836354
P3TLH_CCACGGAAGTCAAGGC_1,0.00027322914587411823
P4TLH_GCGCAGTTCTCTTGAT_1,0.0002732232431405008
P4TLH_TCTGAGACAATGTTGC_1,0.00027313839459472655
P1TLH_CTCATTAAGCCCTAAT_1,0.00027297005748332163
P3TLH_TACGGATCACATCTTT_1,0.00027286241704428335
P2TLH_CTCACACTCGCTAGCG_1,0.0002727364539338819
P3TLH_CCATTCGGTAGGAGTC_1,0.0002726359994529702
P5TLH_GACACGCGTTGGTTTG_1,0.00027261564010790654
P1TLH_GACCAATCAAGTAGTA_1,0.0002725559892894075
P2TLH_AAACGGGGTTGACGTT_1,0.0002722609408434227
P5TLH_CTAGCCTAGTCAAGCG_1,0.00027220814726215334
P5TLH_TTTGTCAGTGTTCTTT_1,0.00027185147770857277
P4TLH_GTACTCCCATCAGTCA_1,0.00027132094695010657
P3TLH_GAACATCCAGAAGCAC_1,0.0002710740995170675
P1TLH_TTGAACGGTACAGTTC_1,0.0002710482959006474
P4TLH_GTTCGGGTCAGCTCGG_1,0.0002706279730726364
P1TLH_CTCAGAAAGAAGCCCA_1,0.0002705589208148316
P1TLH_GACTAACCAACACGCC_1,0.00027040250495130857
P3TLH_TGCCAAAGTTATTCTC_1,0.0002702982454223112
P3TLH_GCATACATCATCGGAT_1,0.0002701976585340026
P2TLH_CAACTAGCAGCGTAAG_1,0.0002697105792770857
P3TLH_CGTCACTTCGGCTACG_1,0.00026951281987806823
P3TLH_AACTCCCGTCTTGCGG_1,0.00026950845231891475
P2TLH_GTCATTTTCGGAATCT_1,0.0002689555314527612
P3TLH_CAGCGACCATTCTCAT_1,0.0002687731966636121
P5TLH_AAACCTGAGTACGTTC_1,0.00026864921560730494
P5TLH_GTATTCTAGTACATGA_1,0.00026851900973298996
P5TLH_CATCAAGCACTAAGTC_1,0.0002682910708971234
P3TLH_CTGATCCCAAAGGTGC_1,0.00026826061944013795
P3TLH_CTCGTACCATGTTCCC_1,0.0002678894852547684
P5TLH_AGTGAGGCACGGTTTA_1,0.00026788170157705945
P3TLH_TTTCCTCAGCGGCTTC_1,0.00026711480866046605
P1TLH_TTATGCTTCCAAGCCG_1,0.0002670290651277867
P4TLH_GTCATTTGTACAGCAG_1,0.00026673577194092946
P3TLH_CACAGGCCAAGGTTTC_1,0.0002667143565335547
P4TLH_CACACCTCAATAAGCA_1,0.00026648161957002934
P3TLH_TGTCCCAGTGTGACGA_1,0.00026644544140976234
P5TLH_TAGAGCTAGCTCTCGG_1,0.00026640854394258606
P4TLH_CGGGTCATCTGGCGAC_1,0.00026582898069856876
P1TLH_CGTCTACCACGAAATA_1,0.00026541814795068096
P5TLH_TGAGCCGCAGGAATCG_1,0.00026535532835300467
P4TLH_AAGGTTCAGAGCTGGT_1,0.0002648757771744021
P5TLH_CTAAGACTCATGCAAC_1,0.0002646446639194209
P2TLH_TTCCCAGTCCAGTAGT_1,0.00026422682461549183
P5TLH_TGCGGGTGTGCCTTGG_1,0.0002636831131357404
P3TLH_AACCATGCATCCCACT_1,0.0002636558221720131
P5TLH_ACGCCAGCACGCTTTC_1,0.0002636330100461031
P5TLH_GATCAGTGTAAAGGAG_1,0.00026361216469074567
P1TLH_GGCTGGTGTAGGGTAC_1,0.000263478248866483
P4TLH_CATATGGCAGACAAGC_1,0.00026306387655198227
P4TLH_ACACCAAGTCGAGTTT_1,0.0002625783101202688
P3TLH_GTGCATACATCCGCGA_1,0.00026227794351945635
P4TLH_GAAGCAGAGGTTACCT_1,0.0002620576990848679
P4TLH_TAGTGGTCATCGGAAG_1,0.0002619111808015129
P3TLH_CGGAGTCGTAAACACA_1,0.0002616207028756803
P2TLH_CTCTGGTGTGAGTATA_1,0.0002615352976906521
P3TLH_CAACCTCAGGCATGTG_1,0.0002614013414307347
P2TLH_GAAACTCAGAGTAAGG_1,0.00026120943698524615
P3TLH_CTCGAGGGTCACTGGC_1,0.00026097421073468597
P2TLH_ATTGGACGTATATCCG_1,0.0002608719938735666
P1TLH_ACTATCTGTGGGTATG_1,0.00026078626121867044
P4TLH_GCAGTTAGTATTAGCC_1,0.0002604474293312169
P2TLH_GTACGTATCACAATGC_1,0.0002604355711843134
P5TLH_GACGTTAAGTGCGATG_1,0.0002601449999036461
P5TLH_CACTCCATCCCTAATT_1,0.00026012530760231124
P3TLH_GTGCTTCCAACGATGG_1,0.00025982737042434004
P4TLH_GTGCTTCAGATGTAAC_1,0.000259778412242447
P3TLH_CTGGTCTTCTGTCTAT_1,0.00025968146354285975
P3TLH_TTTGTCATCTCCAGGG_1,0.00025967663517195596
P5TLH_CTGAAGTAGGCTCTTA_1,0.0002594784587995743
P1TLH_TCCCGATGTGCTGTAT_1,0.00025906382569490895
P5TLH_TACTTGTTCACTATTC_1,0.00025889760075588
P1TLH_CGTTGGGCAGCTCCGA_1,0.0002587645681229609
P1TLH_AGCGTCGAGAACTGTA_1,0.0002586266331042203
P4TLH_ACGTCAAAGCCTATGT_1,0.00025852222094281446
P3TLH_TCGGTAATCAACCATG_1,0.0002582590226821125
P3TLH_GTGGGTCAGCAAATCA_1,0.0002581788767950809
P5TLH_CTAGCCTTCTGCAGTA_1,0.00025804706777751533
P5TLH_CATATTCGTATAAACG_1,0.0002579076049356203
P4TLH_ATGGGAGTCGCCGTGA_1,0.0002578832856252935
P3TLH_GACTAACAGTCACGCC_1,0.00025758864819658446
P5TLH_CACCAGGCAATCGAAA_1,0.0002574434885475503
P4TLH_TTCTCAAAGGAATTAC_1,0.0002573816661344583
P3TLH_GCAAACTCAGCTGCAC_1,0.00025713505919866905
P4TLH_ACACCAAAGTCATGCT_1,0.00025705704752890983
P4TLH_GGACATTCACATTCGA_1,0.00025700148045179795
P3TLH_AGCTCCTGTTTGTGTG_1,0.00025697642457321953
P4TLH_CACACTCTCGCACTCT_1,0.00025695460939731646
P4TLH_CCGTGGATCACGGTTA_1,0.000256495636084673
P1TLH_ACAGCCGAGATAGTCA_1,0.00025621505222938706
P2TLH_ACTATCTGTCGGCTCA_1,0.00025609946974769205
P3TLH_GATCGATCAGTCAGCC_1,0.00025609770245130117
P5TLH_TTGCGTCGTCATGCCG_1,0.00025597570725189396
P2TLH_CTACCCACACATTCGA_1,0.00025580949479778945
P4TLH_GATGAAAGTGTGAAAT_1,0.0002557929123184054
P2TLH_GCGCAGTCAATAGCGG_1,0.0002555545963480393
P2TLH_CCTATTATCTTCAACT_1,0.000255495931041436
P1TLH_TACTCATAGCTCTCGG_1,0.0002554694420372776
P5TLH_TGGCGCAGTTGTTTGG_1,0.00025536694037089154
P3TLH_TGGCCAGGTCTAACGT_1,0.00025519797200752544
P3TLH_GATGAGGCACCATGTA_1,0.00025509180772568667
P1TLH_TGACTAGAGAGTTGGC_1,0.00025498697443304967
P3TLH_TACGGTAAGTCATCCA_1,0.0002548019396085637
P4TLH_TGGTTCCTCAGCGATT_1,0.00025430121211995476
P3TLH_AGGGTGACAGACACTT_1,0.00025428176385909764
P5TLH_TGGCTGGGTCTGCAAT_1,0.000254094406026096
P5TLH_CAGTAACCAGCCAGAA_1,0.00025373190889955744
P2TLH_TCAGCAATCTCGCATC_1,0.00025337979770247024
P3TLH_CTGCCTAAGTGTCCAT_1,0.00025324639681738884
P3TLH_AAAGTAGGTCTGCGGT_1,0.0002532099745516089
P2TLH_ACGAGGAAGCGGCTTC_1,0.00025310196609334333
P2TLH_GTTACAGCAAGTAGTA_1,0.0002530568046353425
P5TLH_CTGATCCCAAGCTGTT_1,0.00025291714542473645
P1TLH_TAAGAGACATCGGTTA_1,0.0002528120428794666
P4TLH_CTCATTAAGTCGATAA_1,0.00025226562911610453
P3TLH_CTTAACTTCGTCTGAA_1,0.000252181374754817
P4TLH_CAAGTTGAGCAGGTCA_1,0.0002521063354382378
P3TLH_TGACTAGCACAGCCCA_1,0.0002520508675848738
P5TLH_CAGCAGCAGTGTCCAT_1,0.0002520458258956633
P4TLH_AACCATGCACCAGCAC_1,0.0002518565351624108
P1TLH_CCAATCCGTTAAGTAG_1,0.00025183186668717797
P2TLH_TTTCCTCAGCCGTCGT_1,0.0002517840601730813
P3TLH_TGTCCCATCAGCATGT_1,0.0002515910175004085
P1TLH_TACTCATCACGCTTTC_1,0.00025118088320854004
P4TLH_TCAGGTACAGGACCCT_1,0.0002510391201650784
P3TLH_GCAAACTAGGGATGGG_1,0.00025098668850386793
P5TLH_CACACCTGTATCAGTC_1,0.0002509611356541689
P2TLH_TTGAACGTCGTCACGG_1,0.00025082316940055414
P3TLH_ATTCTACTCCTATGTT_1,0.0002504842357967443
P4TLH_AGCGTATGTGCACGAA_1,0.0002503992476930946
P3TLH_CCTATTATCGTACGGC_1,0.0002503292247177517
P3TLH_CTAATGGTCTCGCATC_1,0.0002501488889582361
P1TLH_TTGGCAAGTACTTAGC_1,0.00024999679659069596
P2TLH_ACACTGAGTAAGGGAA_1,0.00024982881202557054
P1TLH_GTTCATTAGTTCGATC_1,0.00024975988916715956
P3TLH_ACGGAGATCGCAGGCT_1,0.00024973589250954344
P2TLH_CAACCTCCACCGATAT_1,0.0002493922707624674
P1TLH_TTGGAACAGCAGATCG_1,0.0002493690968751252
P4TLH_TGACGGCTCGTCTGCT_1,0.00024936295108602595
P5TLH_ACGAGGACAGTATAAG_1,0.0002490727221237756
P5TLH_TCATTTGCAGACGCCT_1,0.00024905597992386274
P2TLH_CATTATCGTACAGACG_1,0.0002489710010354798
P5TLH_TTTGCGCCAATGACCT_1,0.00024894744693668196
P5TLH_CGTGTCTGTGCAACTT_1,0.00024883811567578463
P3TLH_CATCCACAGTTGTAGA_1,0.00024875174347417775
P4TLH_CATCGGGGTCATCCCT_1,0.0002485689636190346
P5TLH_TACTCGCAGGGTATCG_1,0.00024794515663777937
P3TLH_CCTTACGTCCTAGTGA_1,0.00024784991263625066
P5TLH_TTCTACAAGGCAAAGA_1,0.00024726355982196044
P3TLH_TAAGAGATCGAATGGG_1,0.0002471998740483022
P5TLH_AGACGTTTCGTGGTCG_1,0.00024704540940364373
P4TLH_CCTACCATCCAAACAC_1,0.00024703064283188925
P1TLH_TCGCGAGAGAATAGGG_1,0.0002469662778156116
P5TLH_GTTCGGGTCAAGGTAA_1,0.0002469456816979302
P4TLH_TGAGCATCAAGAAGAG_1,0.0002468075474431978
P3TLH_ATAACGCAGCACAGGT_1,0.000246806608824086
P4TLH_ATCATCTGTGACCAAG_1,0.00024680385089047714
P4TLH_ATGTGTGAGCTGATAA_1,0.0002467283695986205
P1TLH_CTCACACTCTATGTGG_1,0.0002465823775447139
P4TLH_ATAAGAGGTCCGCTGA_1,0.00024640211593399575
P3TLH_TGTGTTTAGGCTAGGT_1,0.00024631024496809184
P5TLH_GATCTAGAGAAACGCC_1,0.00024626178367241484
P5TLH_CCTCAGTTCTAACTCT_1,0.0002461530370269404
P4TLH_CGGACTGTCGCAAGCC_1,0.00024611280985202793
P4TLH_TGGGCGTAGGGAAACA_1,0.0002460406911576217
P1TLH_GTCACGGCATCCGCGA_1,0.00024578976349788514
P2TLH_TCTGGAATCTTGTTTG_1,0.00024563639325603183
P4TLH_TTAACTCGTCCGAGTC_1,0.0002454782408272908
P3TLH_CTTAGGACAAGTTAAG_1,0.000245312954649792
P5TLH_CAGTAACCAATAGCAA_1,0.0002450605257906326
P3TLH_CCTAGCTAGTATCGAA_1,0.00024497921883815185
P5TLH_TGGGCGTAGCGGATCA_1,0.0002448994472042601
P2TLH_TACGGGCGTGGAAAGA_1,0.00024486742047217223
P3TLH_AGGGTGACAGACGTAG_1,0.0002448380744663923
P4TLH_GGCCGATAGCCACTAT_1,0.00024481531114467335
P1TLH_TATGCCCTCTAACTTC_1,0.00024469006007436724
P1TLH_TCAGGTAGTTGCTCCT_1,0.00024462623437020387
P3TLH_ATAAGAGCACATCTTT_1,0.00024453165569794227
P3TLH_AGGGAGTCAAGGTTTC_1,0.00024448143762450505
P3TLH_CGGAGCTTCCACGAAT_1,0.00024415490497778814
P3TLH_GTGCAGCCAGGGTACA_1,0.00024412756285773708
P3TLH_TACTCGCCACTTACGA_1,0.00024401903976851763
P4TLH_CAGAGAGTCTGGAGCC_1,0.0002437984922247844
P1TLH_ATGAGGGTCTTGTCAT_1,0.0002436766365356343
P3TLH_CGTGTAAAGACCGGAT_1,0.00024344159666048922
P1TLH_GTTACAGAGGATCGCA_1,0.00024329093646340268
P3TLH_GAACATCCAAAGAATC_1,0.000243183995888154
P3TLH_CCACTACCATGACATC_1,0.00024301882682279722
P5TLH_GCACATATCACCAGGC_1,0.00024283492146654124
P1TLH_ACGATGTGTTGTGGCC_1,0.0002427573620427731
P3TLH_CAGTCCTGTGTCAATC_1,0.00024235468687653795
P1TLH_CTCGGAGAGCTAGTGG_1,0.000242218914191332
P3TLH_GGCCGATCAATGAAAC_1,0.00024214129512904894
P4TLH_CACAGTAAGAGGGCTT_1,0.0002418017645182955
P1TLH_CGGACACAGATGTGGC_1,0.00024177729145732788
P1TLH_AGGGATGAGCGATAGC_1,0.00024162181471492402
P3TLH_ACATCAGCAGGCTCAC_1,0.00024160982511044085
P1TLH_TACTCATTCAGCTTAG_1,0.00024160718600489583
P3TLH_TGTGTTTAGATCCCGC_1,0.0002415436801135915
P3TLH_GTGCAGCGTAGCGTGA_1,0.00024135838092571673
P3TLH_AGGCCACAGCAGACTG_1,0.000241249475712787
P2TLH_CGTAGCGAGAATGTGT_1,0.00024113295467300614
P1TLH_TGACTAGGTTGGGACA_1,0.0002410106315912274
P3TLH_CCATTCGCATGTCGAT_1,0.00024099600337531315
P3TLH_TCGGGACTCAACACAC_1,0.00024097435807783187
P5TLH_AAATGCCAGTGTCTCA_1,0.0002402094833053125
P5TLH_TCAGATGTCCAGGGCT_1,0.00023988622880284885
P2TLH_AGGGTGAAGAGCCCAA_1,0.00023980607023441788
P2TLH_ATAACGCGTCAGCTAT_1,0.0002397936800918023
P3TLH_GCAAACTTCAAAGTAG_1,0.00023978003945100774
P3TLH_CTGAAGTGTATAGTAG_1,0.0002393862111046681
P2TLH_ATGGGAGTCGCATGGC_1,0.0002393832401856552
P2TLH_CTTAACTTCAGTTCGA_1,0.0002393375820119242
P5TLH_TTGCCGTAGCTGTCTA_1,0.0002390900044887917
P5TLH_CTACGTCGTGACGGTA_1,0.00023890673186228366
P5TLH_CTTACCGTCAGTGCAT_1,0.00023858589506283877
P5TLH_TTCTCCTGTCTAGCCG_1,0.00023847793592841497
P5TLH_GAAACTCCACGAAACG_1,0.00023833754576338788
P4TLH_AGTGTCAAGACCCACC_1,0.00023822915983841612
P3TLH_CACCAGGGTACAGTGG_1,0.00023805601113472113
P1TLH_CACATTTGTACCGAGA_1,0.00023790522871462383
P3TLH_ACTGAGTAGGCTCTTA_1,0.00023774801314638407
P1TLH_ACTTGTTGTAGCAAAT_1,0.0002376766881386913
P1TLH_AGGGTGACAGAGCCAA_1,0.0002375762588323562
P1TLH_ATTATCCCATTCCTCG_1,0.00023757248680099396
P3TLH_GAAGCAGTCTGCTGTC_1,0.00023752490991061742
P5TLH_ACATGGTCAAGTCTGT_1,0.00023739157073975856
P1TLH_ACAGCTAAGGAACTGC_1,0.0002373852265194154
P3TLH_ACGGAGAAGATAGGAG_1,0.00023727874688049837
P1TLH_GTTAAGCAGTACATGA_1,0.00023724397661010408
P2TLH_CGTCCATAGGCATGTG_1,0.00023679540413063083
P2TLH_TACTCGCGTCAAACTC_1,0.00023667843757271551
P4TLH_GGTGAAGTCAGTTCGA_1,0.00023667344313876176
P5TLH_TTGGCAAGTGTAACGG_1,0.00023667085289740293
P5TLH_CAACCTCAGGAGTTTA_1,0.0002365518763890319
P1TLH_CTCGGGACAAAGGAAG_1,0.00023653404050516576
P2TLH_GACTAACAGGAGCGTT_1,0.0002364881917298428
P3TLH_CGAGAAGGTAGAGCTG_1,0.00023644208740667278
P5TLH_TCTATTGAGGCGCTCT_1,0.00023623937986305194
P3TLH_AAACCTGCAAGTCTAC_1,0.0002361622538103269
P2TLH_CCTAGCTCATATACCG_1,0.00023580428026021997
P5TLH_CCCATACAGACAGAGA_1,0.00023549506405981738
P4TLH_TATCAGGGTTCCTCCA_1,0.0002352578862083863
P1TLH_AGAGTGGTCAGTGTTG_1,0.00023509705064945693
P1TLH_CCACGGATCACCCTCA_1,0.00023502351065268052
P1TLH_GACACGCCAGCGATCC_1,0.00023487257938712474
P1TLH_CTCTGGTGTCTAGTGT_1,0.00023480635152765592
P5TLH_CTCGTCAAGAGTGAGA_1,0.00023449794008327128
P4TLH_CAACCTCCAAACGCGA_1,0.0002340598507734068
P1TLH_CATATTCTCAAGAAGT_1,0.0002340046979633166
P4TLH_TGACAACAGTGCGTGA_1,0.00023391509783662987
P1TLH_ATTATCCGTGACTCAT_1,0.00023391003984657828
P3TLH_GAACCTATCCGTTGCT_1,0.00023386980141898938
P3TLH_AGTCTTTCACACAGAG_1,0.00023374569391189276
P5TLH_CCCTCCTTCAAGAAGT_1,0.00023364943379064227
P4TLH_AGCCTAACAACTTGAC_1,0.0002336079077267389
P1TLH_TCACGAAAGTGGTCCC_1,0.00023354898020926148
P5TLH_TAAACCGAGTGTACGG_1,0.00023329015727074348
P5TLH_TCATTACAGTTAGCGG_1,0.00023313453081978366
P4TLH_TTTCCTCGTCTTGTCC_1,0.00023309414713704968
P5TLH_CAGGTGCTCAAGCCTA_1,0.00023309363302720018
P2TLH_GCGCGATAGTATTGGA_1,0.00023301214692370912
P4TLH_CGCTTCACAGTGGAGT_1,0.00023300415676949084
P5TLH_TCTTCGGGTTCCAACA_1,0.0002327530624048868
P1TLH_AGCTCTCGTTACCGAT_1,0.00023252803768682967
P5TLH_CAGGTGCGTAGCGCTC_1,0.00023216266013045454
P3TLH_ATTCTACAGAGCTGGT_1,0.00023207518685842466
P4TLH_GCGCAACGTCCATCCT_1,0.00023202041964745615
P3TLH_CCACTACGTGCAGGTA_1,0.00023199069371431492
P5TLH_GCGCAACGTCACTGGC_1,0.00023161051263472242
P5TLH_CCACTACAGATGGGTC_1,0.00023137280103080647
P3TLH_ACTGAACCATGTAAGA_1,0.00023132230128243656
P3TLH_CATCGGGTCGAATGCT_1,0.00023127755075558955
P3TLH_AGGCCACGTGCGAAAC_1,0.00023118740238076417
P4TLH_TTTGCGCAGACTGGGT_1,0.00023107393170402837
P5TLH_GACCAATGTTCACGGC_1,0.00023101452936456456
P3TLH_TGATTTCCACGAAACG_1,0.00023099205088979635
P4TLH_CTCATTATCTGTGCAA_1,0.00023087980422545017
P4TLH_CGTGTCTTCTCCGGTT_1,0.00023065505461538756
P4TLH_GCATGTATCTGGGCCA_1,0.00023060386140814288
P5TLH_GTAGTCAAGTGAAGTT_1,0.00023059679932351077
P2TLH_TGCCAAAAGCCGTCGT_1,0.00023046313578467545
P2TLH_ACATACGCACCGCTAG_1,0.00023033165403898583
P3TLH_AAGGCAGAGAAGGTGA_1,0.00023007400746647365
P3TLH_GGAACTTAGCTTATCG_1,0.000229666510946361
P5TLH_AGAATAGGTCGACTAT_1,0.00022966222224374088
P1TLH_GTACTTTTCCTTGCCA_1,0.00022963694318482394
P4TLH_TACAGTGGTGTATGGG_1,0.00022960893356546505
P4TLH_CACACAACATCGATGT_1,0.00022954455117014247
P4TLH_TGCGTGGCAAAGCGGT_1,0.0002294584497009674
P5TLH_CCCATACCATGTTGAC_1,0.000229423377195925
P1TLH_GCATGCGGTAGAGTGC_1,0.0002293219744345457
P4TLH_ATGGGAGCATGGTCAT_1,0.00022924431593990415
P1TLH_TGATTTCCACGGTAGA_1,0.0002292239884835667
P1TLH_GTGCTTCCAGAAGCAC_1,0.00022919818872862172
P3TLH_GTCGGGTGTCTTGCGG_1,0.00022875417301047537
P3TLH_GGAGCAAGTATGAAAC_1,0.00022855935992805132
P1TLH_ACTTTCAGTGTGAATA_1,0.0002285239460929887
P3TLH_GGGATGACATATGCTG_1,0.00022847220923913968
P2TLH_GACGCGTAGCAGCCTC_1,0.0002284486708740085
P3TLH_CTCGGGACATATGAGA_1,0.00022832272501871652
P1TLH_TGACGGCCACGGATAG_1,0.00022813141677230895
P3TLH_CAAGATCCACATTTCT_1,0.000228039976457714
P2TLH_GAGCAGAGTTCAGACT_1,0.00022778901151763876
P3TLH_GTTTCTAAGCTCTCGG_1,0.0002273814316164659
P3TLH_CGGACACCAGGAATCG_1,0.00022737819014561448
P1TLH_GTGTGCGTCAATACCG_1,0.00022733415329252943
P4TLH_CAGCGACTCTGGCGAC_1,0.0002271548051452972
P1TLH_CCCAGTTTCTGATTCT_1,0.00022696151557868489
P5TLH_ACTTACTCATCCAACA_1,0.00022684763207467075
P1TLH_CTACCCATCTAACCGA_1,0.00022677980601840632
P4TLH_GTGTGCGAGGCGCTCT_1,0.0002267539288440725
P1TLH_TGCGTGGCACGCCAGT_1,0.00022668157873735354
P2TLH_ACTTGTTTCCTGCCAT_1,0.0002265216675664303
P2TLH_TGGGAAGGTATAATGG_1,0.00022648694779495672
P1TLH_CCTAGCTCATTGGGCC_1,0.00022641190998661325
P4TLH_CTTACCGAGAAGGGTA_1,0.0002263925350830295
P2TLH_GACACGCTCCGCAGTG_1,0.00022624645185412062
P5TLH_ACGCCAGTCGGAGCAA_1,0.00022615651139176965
P5TLH_GGGTCTGTCGATCCCT_1,0.00022588255577505112
P2TLH_AGTTGGTTCGCAAGCC_1,0.00022584020286804094
P4TLH_ATTATCCCATGCCTAA_1,0.00022568796648224831
P4TLH_TCATTTGGTTCCGGCA_1,0.00022567282397897463
P3TLH_ATCACGAAGGCTAGAC_1,0.00022566828262112612
P3TLH_TATTACCTCTGCGACG_1,0.00022543320146063957
P3TLH_ACGAGGACATGTCTCC_1,0.0002251190435299881
P4TLH_CGATGTAAGAGAGCTC_1,0.00022510317626551641
P3TLH_TGTGGTAAGAAACCAT_1,0.00022510238204423446
P5TLH_CAAGAAAAGGCAGTCA_1,0.00022508733230361234
P2TLH_GAGGTGAAGACTGTAA_1,0.0002250034174709778
P3TLH_GTTTCTAGTTCAGACT_1,0.0002248959812470194
P3TLH_ACTTACTGTCCCTACT_1,0.00022470302313762358
P5TLH_CTCTAATCATAGAAAC_1,0.00022455303006892752
P1TLH_CTCGGGACAAGTTCTG_1,0.00022438580788520298
P1TLH_TTTACTGTCACCCGAG_1,0.00022436892136153317
P1TLH_AGTGTCAGTCCCGACA_1,0.00022427950028926412
P3TLH_CGAATGTAGAAGGCCT_1,0.00022408298978239684
P4TLH_CGGAGTCTCAACGGCC_1,0.00022400771754007095
P1TLH_CAGCATATCAGTTGAC_1,0.00022399032512179624
P3TLH_TTAGGACGTGTGCGTC_1,0.0002239828649574033
P2TLH_TTCTACAGTTCAGACT_1,0.000223926805159071
P3TLH_TTTGCGCCAATCTGCA_1,0.00022374428664151142
P3TLH_GACTGCGCAGGTCGTC_1,0.0002234903424908075
P1TLH_CAGTAACTCGGAGGTA_1,0.00022329274563749277
P3TLH_GTTCGGGTCTGTACGA_1,0.00022317332575124668
P1TLH_GTGAAGGTCCTTTACA_1,0.00022316578675393023
P4TLH_CTGATCCTCCAAGCCG_1,0.0002230858605594164
P4TLH_TAAGAGACAGCATGAG_1,0.00022304998122996914
P4TLH_GTTAAGCGTAGGGACT_1,0.00022294666336558617
P4TLH_CGCTGGATCTGTCCGT_1,0.00022293460000668937
P5TLH_TGCTGCTAGTGGGCTA_1,0.0002227480668484281
P3TLH_GATGCTACAGACGTAG_1,0.00022264910976626398
P2TLH_TAGACCATCTAACTGG_1,0.00022262149733156644
P4TLH_AGCGTCGCACCGATAT_1,0.00022255421825889368
P1TLH_TCAGATGAGAGTACCG_1,0.00022237870120734806
P5TLH_ACGATACAGGTTCCTA_1,0.00022213260649115628
P5TLH_CGTCAGGGTCAATGTC_1,0.00022210998788341693
P2TLH_CTAGCCTCAGAGCCAA_1,0.00022204476404313975
P3TLH_CGCCAAGTCACTTATC_1,0.00022192069573155997
P2TLH_CCTTCGAAGGCGCTCT_1,0.00022169756522917456
P3TLH_CATCAGAAGTCGTACT_1,0.00022165686718537313
P4TLH_GTCGTAAGTTACTGAC_1,0.00022149438551812416
P4TLH_ATTATCCCACCTCGGA_1,0.00022145241562632255
P3TLH_GACCAATGTTTGGCGC_1,0.00022108584138383187
P3TLH_CGAATGTGTCGCGGTT_1,0.00022089293369415724
P4TLH_TCAATCTGTTGATTCG_1,0.0002203145225155038
P4TLH_CAGCATACACAGGTTT_1,0.00022029458029193614
P4TLH_CCACTACTCCGTAGGC_1,0.0002198916524946007
P4TLH_CGACCTTAGATAGCAT_1,0.0002197916339682527
P2TLH_GTCATTTCATTAGGCT_1,0.00021964821001917517
P5TLH_TTGAACGTCGCCGTGA_1,0.0002195126021115835
P2TLH_TTGACTTGTTCGGGCT_1,0.00021949054125849107
P1TLH_GACTGCGTCACAATGC_1,0.00021916161227276645
P1TLH_GCATGCGTCACCACCT_1,0.0002191134371120636
P1TLH_GTACTTTAGATCGATA_1,0.00021909366958273242
P5TLH_ACGGGTCGTATTCGTG_1,0.00021904840217070967
P1TLH_AGCTTGAGTGAGGCTA_1,0.0002189536447273474
P3TLH_ATCTGCCGTGTCCTCT_1,0.00021893957536852965
P5TLH_CGCTATCAGTGAAGTT_1,0.0002189132354455366
P5TLH_TGCGCAGGTAAATGTG_1,0.00021890488717398837
P2TLH_ACAGCCGCATCCGGGT_1,0.00021878453323716864
P1TLH_CCACTACCATCCCACT_1,0.00021875719517832352
P3TLH_CTAGAGTAGATCCCGC_1,0.000218747823075522
P5TLH_AAGGAGCCAGCATGAG_1,0.0002185592190186379
P3TLH_TGACTTTAGCCATCGC_1,0.00021850238973353391
P4TLH_CCTCAGTCATATGGTC_1,0.00021837045184558966
P5TLH_CTTACCGAGATCGATA_1,0.00021820316884663013
P5TLH_ATAAGAGGTACCATCA_1,0.00021812253686052027
P3TLH_GGAGCAACAGACAAGC_1,0.00021808350842215056
P3TLH_AGCATACAGGATCGCA_1,0.00021803447680822515
P4TLH_TGCGCAGTCCCACTTG_1,0.0002180097898232075
P1TLH_CACACTCTCCGAGCCA_1,0.00021759565325605776
P3TLH_AAGGAGCGTTCCCTTG_1,0.000217450512340275
P5TLH_ACAGCTAGTTACCAGT_1,0.00021718167235480748
P3TLH_GCACTCTAGGCGACAT_1,0.0002168304790125291
P3TLH_TTTCCTCAGTGGTCCC_1,0.0002167651334845263
P1TLH_ACATGGTCATCCTTGC_1,0.00021666212177645457
P1TLH_CACAAACAGGCAAAGA_1,0.00021659828658687912
P3TLH_GATGAGGAGGAATTAC_1,0.00021657589915909434
P3TLH_CGTTGGGAGTTACGGG_1,0.0002163556331238681
P1TLH_TTGACTTCACGTTGGC_1,0.00021635030443507047
P5TLH_CCTAAAGCAGACAGGT_1,0.0002163134181482158
P3TLH_CGGAGCTGTACAGACG_1,0.0002162935097203531
P5TLH_CGTCTACTCACCGGGT_1,0.00021619927267617272
P3TLH_CGCTTCACACACCGAC_1,0.0002160166310684183
P5TLH_GTCATTTCACATTTCT_1,0.00021600553134264015
P5TLH_CATGCCTTCGTCTGCT_1,0.00021598728263993872
P3TLH_CATGGCGTCTCAACTT_1,0.00021586637418754545
P4TLH_CATGACAAGAGGACGG_1,0.0002158079139890459
P3TLH_CTTAGGATCTTGTACT_1,0.0002157906686528596
P5TLH_TGGTTAGAGAGTACAT_1,0.00021574398351867317
P2TLH_CTCGGAGGTGAGGCTA_1,0.00021571134278942466
P1TLH_GCTCCTATCTTGTCAT_1,0.00021570205411216737
P4TLH_ATGAGGGAGAGCCCAA_1,0.00021547236512041513
P3TLH_TCTCATATCACCTCGT_1,0.00021545859101449653
P1TLH_GCGCAACAGGCTATCT_1,0.00021537352624613427
P5TLH_CCAGCGACATAGAAAC_1,0.00021513426013161632
P3TLH_CACACCTCACGAAACG_1,0.00021509010514227643
P5TLH_TCGAGGCAGAATTGTG_1,0.00021506356637882002
P5TLH_GGGACCTGTTCAGACT_1,0.00021490476529009895
P5TLH_ATGTGTGGTCTCTTAT_1,0.00021486322764930442
P5TLH_CACACTCCATTACCTT_1,0.00021481303748131127
P2TLH_GCGCCAACACACCGAC_1,0.00021478624615880987
P4TLH_TCGTAGACACTAGTAC_1,0.00021459608559175816
P3TLH_GTACTTTAGCAATCTC_1,0.0002145702002242144
P5TLH_ATTGGACTCTTGTATC_1,0.00021455315889349957
P2TLH_GGAATAACAAGCGCTC_1,0.00021435921278826434
P3TLH_ATCCACCCACGCATCG_1,0.0002143226978022631
P4TLH_GTGTTAGAGGAGTTGC_1,0.0002143173228097273
P3TLH_CTCGGAGAGGACAGCT_1,0.0002143072809851336
P4TLH_ACATCAGAGACGCTTT_1,0.00021422951054806465
P4TLH_GGCAATTAGGCATGTG_1,0.00021419044667419007
P4TLH_ATTATCCTCTCTGAGA_1,0.0002141271082505465
P4TLH_TGCGCAGAGGAACTGC_1,0.00021409482811329968
P2TLH_CATATGGAGGTGCTTT_1,0.0002140598864133704
P2TLH_CTAAGACGTCTCATCC_1,0.00021399933068324696
P4TLH_GATGAGGTCAGCACAT_1,0.00021387317326128805
P3TLH_GCTGCGAGTACTCGCG_1,0.00021366016160252445
P3TLH_CGCTGGAGTGTGACCC_1,0.0002135472612926542
P3TLH_AGCTCTCCAGCTGTGC_1,0.00021352117916029274
P4TLH_AAACGGGCATATGCTG_1,0.00021339338258173805
P1TLH_GTTCTCGGTACCAGTT_1,0.00021336477836010276
P5TLH_ATGAGGGAGAACTGTA_1,0.0002132304038059263
P3TLH_ACGATACCAGGATTGG_1,0.00021284615362059459
P4TLH_GACGTTAAGGATGTAT_1,0.0002127593766012751
P3TLH_CACATAGGTGTGACCC_1,0.00021270563549379988
P3TLH_GGTGCGTTCCAACCAA_1,0.00021269356190323815
P2TLH_CAGATCAGTTTGTTGG_1,0.00021268674695759304
P4TLH_CCTTACGGTTAGGGTG_1,0.00021259522523896528
P3TLH_CGTAGCGAGGTGCACA_1,0.00021249828580845024
P1TLH_ACGTCAAAGCGCTCCA_1,0.00021238319076840977
P4TLH_CAGCTAACACCAGATT_1,0.00021231579075463907
P1TLH_TATCTCAAGACTAAGT_1,0.0002122613085313786
P3TLH_CCATTCGAGAAGGACA_1,0.00021193450761604278
P4TLH_ACATGGTAGGGTCTCC_1,0.00021192080261302762
P3TLH_CTCCTAGGTACTTAGC_1,0.00021185954473795825
P5TLH_AGGGAGTAGAGCAATT_1,0.00021185861663210195
P5TLH_GGTGAAGTCTAAGCCA_1,0.00021178856024221034
P1TLH_AGGGATGCACGCTTTC_1,0.00021177589197131008
P5TLH_CCGGTAGGTATCGCAT_1,0.00021161857411708594
P1TLH_GAACGGATCGTATCAG_1,0.00021135756043194295
P5TLH_ATCCGAAAGTATGACA_1,0.00021133056059694373
P5TLH_CACAGTAAGTAGGCCA_1,0.00021132544024744966
P3TLH_TTTGCGCGTCCAACTA_1,0.00021120788664802083
P2TLH_ATTACTCTCCGTTGCT_1,0.00021113890392021609
P1TLH_CTGCTGTAGCAATCTC_1,0.00021086779865656484
P3TLH_CGAGAAGAGTACGTAA_1,0.00021082083902463925
P3TLH_CATCAGAGTTCTGTTT_1,0.00021081885906967953
P2TLH_TCCACACGTATAATGG_1,0.0002107055616695689
P1TLH_GCTTCCATCGGAGCAA_1,0.0002106374301303212
P4TLH_CTCCTAGTCAACACGT_1,0.00021044157510451434
P2TLH_CGAGCCAGTCACCCAG_1,0.00021031908549729353
P5TLH_GTACTCCTCACGACTA_1,0.00021026088769724393
P4TLH_GCTCTGTAGCGATGAC_1,0.00021009082352156937
P1TLH_TCGGGACAGACGACGT_1,0.00021003870072889495
P2TLH_TGCTGCTTCCTTGCCA_1,0.00020983626389548573
P3TLH_CCTCTGAGTTCCACGG_1,0.00020977364004573626
P3TLH_ACGATGTAGCTAACTC_1,0.00020977297183740794
P5TLH_ATTGGTGTCTGGGCCA_1,0.00020967779133716641
P4TLH_ACCGTAAGTGTTGGGA_1,0.0002096296567707644
P2TLH_AGCGTCGTCAAACCAC_1,0.00020956743648336263
P1TLH_CTGATAGGTTCCGGCA_1,0.0002095567590829876
P1TLH_CCCAATCGTGGTCTCG_1,0.00020952028905339712
P3TLH_TACGGGCAGCTTATCG_1,0.00020951899858975506
P5TLH_GCGCCAAGTCAGTGGA_1,0.00020949811294833912
P2TLH_ACGAGGAAGACAATAC_1,0.0002093990525669596
P5TLH_CAGCGACGTGAGCGAT_1,0.0002090966542974452
P5TLH_TGCTACCTCCGTCATC_1,0.00020904401185121172
P3TLH_CGACCTTCAGCCACCA_1,0.0002090279053536249
P3TLH_TGCGTGGTCATGGTCA_1,0.00020895762844518883
P3TLH_ATGGGAGAGTCGTACT_1,0.0002089247811670572
P4TLH_TCGGGACTCAGTCCCT_1,0.00020884981373279072
P1TLH_CAAGTTGTCCTGCTTG_1,0.00020883401118999118
P5TLH_GCTTGAATCTCAAACG_1,0.00020869370068748682
P3TLH_TTTGCGCTCTGCTTGC_1,0.0002086034366102078
P3TLH_GATCGATAGGCCCTCA_1,0.0002085889734874392
P4TLH_CACAAACTCTGCGGCA_1,0.00020854174978454835
P1TLH_GTACGTATCTATCGCC_1,0.0002084945201105497
P2TLH_CTAGCCTGTGGTAACG_1,0.00020847103208973137
P4TLH_CGCTTCACAAATACAG_1,0.00020825165292889333
P3TLH_CATCAAGAGCAGATCG_1,0.0002080283163368781
P1TLH_CCACCTAAGCCATCGC_1,0.0002079775039529786
P1TLH_CACATAGCACTGAAGG_1,0.00020787578339292074
P1TLH_GGCGACTAGAGTAAGG_1,0.0002078710349901749
P1TLH_AGGGATGAGGTCGGAT_1,0.00020785111662914989
P4TLH_CACATAGCAAGGGTCA_1,0.00020781172637711752
P3TLH_AAGACCTAGGAGTTTA_1,0.0002077386488956427
P3TLH_GACGTTATCGTGTAGT_1,0.00020764782791513666
P5TLH_GACTAACGTGACAAAT_1,0.00020744435180618275
P1TLH_ACATGGTCACATGACT_1,0.00020742987195416073
P3TLH_AGCAGCCAGTGTACGG_1,0.00020740428650817925
P5TLH_ACATGGTCATTATCTC_1,0.00020729184464262653
P2TLH_TAAGAGAAGGACAGAA_1,0.00020723953191789408
P4TLH_AATCCAGTCAGCTTAG_1,0.00020717696661944055
P1TLH_TTCGGTCTCCTCCTAG_1,0.00020691609584864678
P3TLH_GAGTCCGAGAATGTGT_1,0.00020689461690654728
P5TLH_ATCATCTTCTTAACCT_1,0.00020687313309706592
P4TLH_ATCATGGTCTACCAGA_1,0.0002068443202495231
P5TLH_TGGCTGGAGATTACCC_1,0.00020681239029616514
P3TLH_AGGGAGTTCTGGGCCA_1,0.00020672156653154513
P2TLH_TACGGTATCGTCGTTC_1,0.0002066997061413777
P5TLH_CTAGAGTAGCTCTCGG_1,0.00020662975971828267
P4TLH_TCGCGTTTCGGCGGTT_1,0.00020658511477691967
P4TLH_GACTGCGTCTGGTGTA_1,0.0002064487578610983
P4TLH_TACACGAGTGACTCAT_1,0.000206353731361882
P5TLH_ACTATCTGTAGTGAAT_1,0.00020632917975387923
P4TLH_GTGCGGTAGTGAACAT_1,0.00020564294155409198
P3TLH_CATTCGCTCGTAGGAG_1,0.00020554343827870226
P5TLH_TGAGAGGGTCAAACTC_1,0.00020548376131351457
P3TLH_CTAGTGAGTTCTGAAC_1,0.00020548251323585342
P5TLH_CAGCCGACATCTACGA_1,0.00020540705047315398
P3TLH_GGGAGATAGGTGCTTT_1,0.00020534255498642003
P4TLH_CCTAAAGGTGTGTGCC_1,0.00020532206583833847
P1TLH_AGCTTGAGTCAGAGGT_1,0.00020528755368694852
P3TLH_ACTATCTCAGCGTCCA_1,0.000205276761765896
P4TLH_ACGATACCAGATCTGT_1,0.0002049657977144835
P5TLH_GCTGCAGTCACCATAG_1,0.0002049204888763062
P5TLH_CTGAAGTGTGCACTTA_1,0.0002048680647094224
P2TLH_GACGGCTCACACGCTG_1,0.00020466252156860825
P5TLH_TACGGATAGGGTATCG_1,0.00020458829473889474
P4TLH_ATGCGATAGTCATGCT_1,0.0002045140111826383
P3TLH_AGAGCGAGTCGGCTCA_1,0.0002044745480042443
P3TLH_ATTTCTGTCTCTTGAT_1,0.00020441948329625814
P3TLH_TGCTACCTCTGCGACG_1,0.00020434629841807394
P3TLH_CCCTCCTAGGCATGGT_1,0.0002043042678112024
P1TLH_CGACCTTAGTCTTGCA_1,0.00020417209191855103
P5TLH_TATCTCAAGAGATGAG_1,0.0002040121230583483
P2TLH_GTACTTTCATGGGACA_1,0.00020398776306755533
P5TLH_ACGTCAAGTATATGGA_1,0.00020397580726098653
P4TLH_TGCGCAGAGATCCTGT_1,0.00020378449490099802
P3TLH_ACACTGAGTCGGCACT_1,0.0002036651825501665
P3TLH_GATCGCGCATAACCTG_1,0.00020365950988461906
P5TLH_TCTCATAAGGCAATTA_1,0.0002032791371393816
P3TLH_CGTTAGATCCGCGGTA_1,0.00020326716283870842
P5TLH_GGACAAGTCGGTTCGG_1,0.00020317214521928646
P4TLH_GTGCTTCGTATAAACG_1,0.00020316332382373957
P1TLH_GCTTCCATCGATCCCT_1,0.0002026099566603488
P2TLH_GGACGTCTCCCGGATG_1,0.0002025900071065045
P4TLH_CCACCTAAGGAGTTTA_1,0.00020255345638764278
P5TLH_TCCCGATTCACTATTC_1,0.0002023654242302082
P3TLH_GTTTCTAAGGATGTAT_1,0.00020219219344534353
P4TLH_GGACAAGTCAAACCAC_1,0.0002021589382125065
P3TLH_GTATCTTTCCGTCATC_1,0.00020207639076516443
P4TLH_CAGATCAGTGCACGAA_1,0.00020201933800070745
P3TLH_TCGTAGACAGCTGTGC_1,0.00020197456368360785
P5TLH_ACGATGTGTTACGTCA_1,0.00020188744177543602
P5TLH_GTCTTCGTCTTTAGGG_1,0.00020188167418957456
P5TLH_AAGACCTCATCTACGA_1,0.00020187186746599057
P5TLH_TTTGTCATCAGCTTAG_1,0.00020186888227943805
P3TLH_TCTTCGGCAAGGTGTG_1,0.00020186030587497335
P1TLH_GTCTCGTAGAGGTACC_1,0.00020171600108036014
P1TLH_CCCATACCAACACCCG_1,0.0002015983323379055
P3TLH_TGAAAGACACGTGAGA_1,0.00020157745519128336
P5TLH_GCTTCCATCTACCAGA_1,0.00020156182233320495
P5TLH_ATTTCTGGTCAGTGGA_1,0.00020145409704731642
P2TLH_TACTCATGTTACCGAT_1,0.00020145215702762782
P1TLH_CTCGAGGTCGGAAATA_1,0.00020132945633520816
P3TLH_TGGCTGGGTGAAATCA_1,0.0002012627667891102
P5TLH_GTCGTAAAGTTTCCTT_1,0.00020118049854676287
P4TLH_TTAGTTCTCCATGAAC_1,0.0002010764503244923
P3TLH_CGATGTACATGCATGT_1,0.0002010641161691358
P1TLH_AGAATAGGTTTGACTG_1,0.00020097873620358652
P5TLH_CATGGCGCAAGTCATC_1,0.00020096915678250224
P3TLH_CCTACACGTAGTACCT_1,0.000200940513236201
P5TLH_CCCATACCATGTTCCC_1,0.0002008986032777018
P5TLH_TCAATCTTCAGTACGT_1,0.0002008808302485381
P1TLH_CGATGTACAGCTGCAC_1,0.00020079466313244163
P5TLH_CAAGTTGTCTGTTGAG_1,0.00020060185053701136
P5TLH_CGTTGGGTCGGAAACG_1,0.0002005390787701532
P3TLH_CATGCCTGTAATCACC_1,0.00020035857032944102
P5TLH_GAAATGACACCGAATT_1,0.00020031689568624604
P3TLH_GATCGATGTTCACGGC_1,0.0002001506720418598
P5TLH_GTTTCTACAGCTCGCA_1,0.00019974362137734086
P1TLH_AAAGCAACAGTAAGAT_1,0.00019973309608267508
P2TLH_CTTGGCTCATAAAGGT_1,0.00019967133572967218
P3TLH_TTTGCGCGTGAAAGAG_1,0.00019948924918897164
P5TLH_CTAATGGAGAGTGAGA_1,0.00019944103065657143
P2TLH_AACTCAGTCCACTGGG_1,0.00019941066600042822
P5TLH_CTTACCGTCGTTTGCC_1,0.00019938154657627387
P1TLH_CGAGCCATCGGTTCGG_1,0.0001993593183992543
P3TLH_TGCTACCTCAGTTAGC_1,0.00019935419273413044
P5TLH_ACACCCTAGCCGGTAA_1,0.00019931333946986322
P3TLH_TTAGGCAAGCACACAG_1,0.0001992936095312314
P5TLH_TGTATTCAGTGACATA_1,0.000199279865166267
P5TLH_CTCGGAGAGTCGATAA_1,0.00019922948111749633
P1TLH_GTCAAGTAGCAGGTCA_1,0.00019919224168646373
P1TLH_CTCATTACAGACACTT_1,0.00019911929935263094
P4TLH_AACTCCCTCCTCGCAT_1,0.0001984823851977973
P5TLH_GTTACAGGTCTGCGGT_1,0.00019844826019136213
P4TLH_TACGGATTCGTAGATC_1,0.0001983957811482387
P1TLH_TCCACACAGAATGTGT_1,0.00019830950259758698
P3TLH_AGATCTGCAGTCGTGC_1,0.00019826965751949203
P4TLH_GCATGTAGTACGAAAT_1,0.00019824123971841543
P4TLH_CAAGGCCAGCCGATTT_1,0.00019823328095488452
P1TLH_TTCGAAGGTTCGGGCT_1,0.00019821896154422974
P5TLH_CGCGTTTGTGATAAAC_1,0.00019819644518944766
P4TLH_TATGCCCTCTACTATC_1,0.00019812532597321866
P2TLH_CGTTGGGTCATCATTC_1,0.0001979832157360521
P4TLH_GATCTAGGTGAGTATA_1,0.00019781370147020034
P3TLH_AAGGCAGTCGGTGTCG_1,0.00019767225731553533
P5TLH_AACTTTCTCTTATCTG_1,0.00019764998552533882
P5TLH_CGGGTCATCAGGATCT_1,0.00019756971310061703
P1TLH_TCTGGAAAGACTAGGC_1,0.00019754043903257547
P5TLH_CCTAGCTGTGCCTTGG_1,0.00019753115130311167
P2TLH_ATTCTACTCGTATCAG_1,0.0001972800938270792
P1TLH_CACTCCACATCCAACA_1,0.00019687681982822212
P2TLH_TGAGAGGAGTGTCCAT_1,0.00019684259570166857
P1TLH_TACCTATGTGTTTGGT_1,0.00019682928314367372
P3TLH_CAAGATCGTAGGCTGA_1,0.00019667715942820873
P4TLH_TCACGAATCAGCACAT_1,0.0001966571709684522
P3TLH_ATCCACCGTGATGTCT_1,0.00019656302420987265
P3TLH_TTTATGCTCAACTCTT_1,0.00019656024941977067
P3TLH_CAGCATAGTCAAACTC_1,0.00019645592887339956
P1TLH_CCACCTACACTTAAGC_1,0.0001964381110088334
P4TLH_AACTTTCTCCAGAAGG_1,0.0001962490561915265
P1TLH_ATCCGAAGTGAAATCA_1,0.00019622855465076166
P3TLH_AGCTTGATCCTATTCA_1,0.00019608654653780828
P1TLH_CGGGTCACACATGTGT_1,0.00019602587509125286
P1TLH_GACACGCAGAGCAATT_1,0.00019597618275553897
P3TLH_GCTTCCAGTGCACCAC_1,0.00019596837235128555
P5TLH_GGTGAAGGTTATCACG_1,0.00019592257353309478
P2TLH_TCCCGATGTTGTCTTT_1,0.00019582587460617923
P2TLH_CCTTCGATCAAGCCTA_1,0.00019580839716024342
P3TLH_GGCCGATTCGACCAGC_1,0.00019572961897224388
P3TLH_TACCTATAGCGCTCCA_1,0.00019555215953842014
P4TLH_GGAACTTTCCCTCAGT_1,0.0001954642906770032
P3TLH_CGAGCCACATGGTCAT_1,0.00019540234697526597
P1TLH_AGAGTGGGTCCCTACT_1,0.0001953443949920436
P5TLH_GCGACCAGTCGTGGCT_1,0.00019526527732010438
P1TLH_GTGCTTCAGTCCTCCT_1,0.00019526016208285733
P1TLH_TTTGGTTAGCAGCGTA_1,0.00019525610627817229
P4TLH_AACTTTCAGCTAACAA_1,0.00019525329816497415
P3TLH_TTCCCAGCATCCGTGG_1,0.00019522997152953797
P4TLH_GGTGTTAAGAAGAAGC_1,0.0001951143783917212
P4TLH_TGCCCATTCCTATTCA_1,0.00019507019037609457
P3TLH_TGAAAGATCGTGGGAA_1,0.00019489359650983883
P3TLH_GGACGTCGTTTAGCTG_1,0.00019475628136674422
P1TLH_GACTAACTCGTGTAGT_1,0.0001947275572565903
P3TLH_CAGCCGAAGCTACCTA_1,0.00019467758665709682
P3TLH_TTTGTCACATCCTTGC_1,0.00019456505271451304
P2TLH_CATATGGAGGATGGAA_1,0.00019453288334456704
P5TLH_TCTTTCCTCCTTTCTC_1,0.00019438837024677035
P5TLH_CAGTAACTCGCTGATA_1,0.00019426998994771978
P3TLH_TGGCCAGAGATAGGAG_1,0.00019425238393163525
P3TLH_CGAGCACCAAAGAATC_1,0.0001941358789565156
P2TLH_TCTGAGATCTTGGGTA_1,0.00019378115435345427
P5TLH_CATTATCCATATACCG_1,0.00019346267373581961
P3TLH_AAGCCGCGTATCAGTC_1,0.00019336508421021942
P4TLH_AAAGTAGAGGTTCCTA_1,0.00019332875280906367
P2TLH_CTACATTCATGGTTGT_1,0.00019310921450749096
P3TLH_TTAGTTCAGCAGGCTA_1,0.0001929802763082786
P3TLH_ATCTACTGTATAAACG_1,0.0001928216513634387
P2TLH_GGATTACGTTTGTGTG_1,0.0001926062536274849
P3TLH_AGGCCACGTTAGAACA_1,0.00019240737731892967
P5TLH_GACCAATCACTGAAGG_1,0.00019232337118255946
P3TLH_ACGGGTCTCGAGCCCA_1,0.00019220542338132352
P5TLH_GCAATCACAATGACCT_1,0.0001921729241145783
P5TLH_ACACTGAGTCGCATAT_1,0.0001921566206743161
P3TLH_CCTCAGTTCTGTTGAG_1,0.0001920703322073876
P4TLH_ACTGAGTTCTGGAGCC_1,0.00019192503536876818
P3TLH_CTGCGGACAATTCCTT_1,0.0001919238764970325
P5TLH_GCAGTTAGTAATTGGA_1,0.0001918927154375174
P5TLH_TGTGGTAGTACCGTTA_1,0.00019188493760647978
P3TLH_GCTTCCACACAACGCC_1,0.0001918840702059868
P3TLH_GCCTCTAGTACCGAGA_1,0.00019174534212064928
P3TLH_GCCTCTAGTCTTGTCC_1,0.00019154088042744097
P1TLH_TACTTACCAATCTACG_1,0.00019145819233107924
P4TLH_CCGTTCACAGGTTTCA_1,0.0001914533730601966
P3TLH_GTCGGGTAGAGACTTA_1,0.00019144802634540122
P4TLH_TGTGTTTAGATTACCC_1,0.00019126503395717025
P3TLH_CGGACTGCAAACTGCT_1,0.00019123425141148704
P3TLH_TCATTACGTCTCTCGT_1,0.0001912177654988805
P5TLH_TGGCCAGTCTACTTAC_1,0.00019120591632815974
P3TLH_CATCGAACACACGCTG_1,0.00019111706702648956
P1TLH_CGTCACTAGTACATGA_1,0.00019106636988454068
P4TLH_CCGTTCATCTTGTATC_1,0.00019104048952059882
P3TLH_GGACAGATCTAGCACA_1,0.00019075438330795255
P5TLH_ATAGACCGTAGGCTGA_1,0.0001907242268736287
P2TLH_GGGCATCTCTGCCAGG_1,0.0001906985630427937
P3TLH_CAGCTAAAGGGTCGAT_1,0.0001905587082466766
P3TLH_TGGGCGTTCTAAGCCA_1,0.00019040465636142645
P2TLH_ATAGACCTCGCAAGCC_1,0.00019024424048728062
P5TLH_GACGGCTCACAAGACG_1,0.00019021454710616372
P4TLH_ACTGAACGTGTCGCTG_1,0.00019012991968441487
P2TLH_CTCGTACCACGGCCAT_1,0.00018995812250693081
P3TLH_GATCTAGTCCATGCTC_1,0.00018992422870814425
P4TLH_GCTGCAGCAAACCTAC_1,0.00018990317857518066
P4TLH_GCATGTACATGTCTCC_1,0.0001898564405649901
P3TLH_AGCAGCCTCGACCAGC_1,0.0001897261943120059
P2TLH_GGTGCGTTCTCGATGA_1,0.00018965571948625985
P2TLH_TCAGGTAGTAAACGCG_1,0.00018956540046349339
P5TLH_CCTTCCCTCGCCTGAG_1,0.00018947174111171562
P5TLH_CTGTGCTAGCAATCTC_1,0.00018929658942288527
P2TLH_CAAGTTGTCCAGATCA_1,0.00018924334731101606
P1TLH_GAAGCAGGTAGCGTAG_1,0.00018920790704084092
P2TLH_TGGTTAGCAAGTCATC_1,0.0001891149472650096
P3TLH_ACGGAGATCGAACTGT_1,0.000189066942546465
P3TLH_AATCGGTTCTCGCATC_1,0.00018890089020730532
P1TLH_GACTAACTCTAACTCT_1,0.00018889137098672529
P3TLH_TACTCATCATCCGTGG_1,0.0001887152152124235
P2TLH_AACTCTTAGCCCTAAT_1,0.00018850694738094652
P3TLH_GACCAATCAATAGCAA_1,0.00018847535664603425
P1TLH_AGCTCTCCACGTAAGG_1,0.0001883899487472972
P3TLH_AAGGCAGGTCCCTTGT_1,0.00018833700224933658
P5TLH_CGTAGCGCATGCGCAC_1,0.00018820204243749492
P1TLH_ACTGCTCGTACTCAAC_1,0.00018797844348601627
P5TLH_TCGAGGCTCCATGAGT_1,0.00018789069485054314
P4TLH_CTCTGGTAGAAGCCCA_1,0.00018787987997971324
P3TLH_CGGACACAGCTAGTTC_1,0.00018768308905957952
P1TLH_TTGAACGCATGTCCTC_1,0.00018740506880694354
P1TLH_TGGGAAGGTTTAAGCC_1,0.00018733506509251187
P3TLH_CGAACATAGCTCCTCT_1,0.00018733230853463237
P5TLH_GTCTTCGGTAATAGCA_1,0.00018701235550889968
P2TLH_TGTCCCATCTGGTATG_1,0.00018693919616616435
P3TLH_GCCAAATGTAGGCATG_1,0.0001868372028400976
P3TLH_GAATAAGAGTTACGGG_1,0.00018667941062550263
P5TLH_CCATTCGTCAACCATG_1,0.00018651088096574672
P5TLH_AAAGATGAGCGGCTTC_1,0.0001864608518406205
P2TLH_AACTCAGCAGCATGAG_1,0.00018638203530605871
P3TLH_GGTATTGCACATTTCT_1,0.00018634470966746836
P1TLH_GATGAAAGTCGCATAT_1,0.0001863261200219417
P5TLH_CAGTCCTTCAAAGACA_1,0.00018618987578855522
P5TLH_CATCAAGGTTTGGGCC_1,0.00018601556492042092
P3TLH_CAGCATAAGAGCAATT_1,0.0001859254883495934
P2TLH_CACAGTAAGTTCGATC_1,0.00018579987894698936
P1TLH_AGTCTTTAGGAGCGTT_1,0.0001857170259600064
P3TLH_CTGAAGTTCTGCCCTA_1,0.00018562489945841583
P2TLH_GGTGAAGAGTTGAGAT_1,0.0001856227149000777
P5TLH_TGACTTTCATGTAGTC_1,0.00018559432409297075
P3TLH_TACCTTAAGCCGTCGT_1,0.00018554322546784685
P5TLH_TACCTTAGTTTGACAC_1,0.0001854775020033876
P3TLH_TCACGAATCACCCTCA_1,0.00018547296689713292
P4TLH_ACGGCCATCGCGTTTC_1,0.00018530403284705593
P5TLH_GAAATGATCTTCAACT_1,0.00018508146073718527
P1TLH_CCCATACTCTGATTCT_1,0.00018507324179176384
P4TLH_GGGTTGCCAAAGAATC_1,0.00018507183779260035
P5TLH_GACAGAGGTACTTCTT_1,0.00018500472366558975
P5TLH_TACTCATTCCTTGGTC_1,0.00018491947329906863
P5TLH_GGATGTTAGAGCCTAG_1,0.0001848142595236988
P4TLH_CTAGAGTTCCGCAAGC_1,0.0001846369738569222
P4TLH_AGGTCATCATGTCGAT_1,0.00018461011891751313
P3TLH_GCTTGAATCTCGCATC_1,0.00018444417029106754
P5TLH_GCGCAGTGTGTAATGA_1,0.0001844163100220648
P3TLH_CGTTGGGAGTGGGCTA_1,0.00018439432761821375
P3TLH_AGAGCGAAGCTAACAA_1,0.0001842458425202762
P5TLH_TGCCAAAAGTCTCGGC_1,0.00018412125268255536
P1TLH_TGTGTTTGTTTGGGCC_1,0.00018408142352895963
P3TLH_CTTACCGTCAACCATG_1,0.00018401065748715085
P4TLH_GACAGAGAGATCACGG_1,0.0001840096754877649
P3TLH_GATGCTATCGGCATCG_1,0.0001839785285513832
P3TLH_TGAGCCGTCTCGTATT_1,0.0001839567106968327
P5TLH_GGGACCTGTCACACGC_1,0.0001839212713262219
P2TLH_CTACATTGTATTCTCT_1,0.00018392122865579845
P1TLH_GCACATAGTTCGTTGA_1,0.00018368964117042075
P5TLH_CAGCCGAAGAGACTAT_1,0.00018359655420088723
P3TLH_GACTACACAATAAGCA_1,0.00018352823500803446
P5TLH_CATCCACGTTCAGTAC_1,0.00018323108242037137
P3TLH_TACTTACGTACAGACG_1,0.0001832215218349733
P3TLH_TCACAAGGTATATGGA_1,0.0001831812347597993
P3TLH_TTAGGCAGTTGCGCAC_1,0.0001830854694681247
P4TLH_CCTTCCCCAATCAGAA_1,0.00018297881677148783
P1TLH_GCGCAGTCATCGGACC_1,0.0001828787101967246
P4TLH_CACATTTAGAGACTAT_1,0.00018286588980926055
P3TLH_CGTCTACAGAGTGAGA_1,0.00018284045011555123
P4TLH_CGCTTCAAGGCTCTTA_1,0.0001828343934410924
P4TLH_CGCGGTATCATTTGGG_1,0.00018258022434041842
P5TLH_GAGGTGATCACCGTAA_1,0.0001825044812687985
P3TLH_TTTGTCACACGAGAGT_1,0.00018249918912390667
P2TLH_CAGTCCTAGCCCTAAT_1,0.00018238680738310857
P3TLH_GCAATCAAGGTTCCTA_1,0.00018238207821938586
P3TLH_GCATACAGTATGAAAC_1,0.00018236875200704572
P5TLH_AGCCTAACATGTAGTC_1,0.0001823209510219895
P2TLH_AAACGGGAGGCAAAGA_1,0.00018207509888898597
P5TLH_ACTGAGTTCCTCATTA_1,0.00018188077932020552
P3TLH_GTTCATTAGAATAGGG_1,0.00018187137964953182
P4TLH_GACCAATCAGGTGCCT_1,0.0001818128435659069
P5TLH_CGATCGGTCTTCAACT_1,0.00018180305104799094
P5TLH_TCTCTAACACGCGAAA_1,0.00018173706997425714
P1TLH_GTAGTCAAGGAGTCTG_1,0.00018162503812497975
P4TLH_AAACGGGCAGGCTGAA_1,0.00018161398455050575
P5TLH_TCAGCAAGTAACGCGA_1,0.00018156291782817907
P3TLH_TTTCCTCAGGCATGGT_1,0.00018150303456910855
P4TLH_TCACAAGCACGGTGTC_1,0.0001813340121010438
P2TLH_GACGTGCTCACTCTTA_1,0.0001813211211945719
P3TLH_AGGGATGTCATTCACT_1,0.00018131109707108405
P3TLH_CATGACAGTAAATACG_1,0.00018119734034965524
P3TLH_TACGGATAGTGATCGG_1,0.0001811220619194016
P4TLH_TCAGGATAGCCGCCTA_1,0.00018092885249600113
P5TLH_GGCAATTGTAACGACG_1,0.00018092166252921114
P3TLH_CTCTGGTTCTCTGCTG_1,0.00018088558210587285
P3TLH_TGCGGGTAGTCAAGGC_1,0.00018082147579677428
P4TLH_TCTGAGATCCGCAGTG_1,0.00018065589802818005
P3TLH_CAGCATATCCAGATCA_1,0.00018051964579712148
P3TLH_GAAGCAGGTTGGTAAA_1,0.00018037465507178525
P3TLH_GATCGCGGTACAGCAG_1,0.0001803498545593099
P4TLH_CATCCACTCTTCCTTC_1,0.00018025043704546936
P2TLH_TAAGAGAAGGCACATG_1,0.00018024549914510835
P2TLH_CTGGTCTGTAAAGGAG_1,0.00018012403439985364
P5TLH_CTCGGGATCTACTCAT_1,0.00018011407091910063
P3TLH_CACAAACAGAAGGTTT_1,0.00018006813254957263
P5TLH_CCTTCGAAGTGTCTCA_1,0.0001800224869074099
P5TLH_ACGCAGCTCGGTCTAA_1,0.00018001380795112582
P2TLH_CCGTTCAGTGTCTGAT_1,0.00018000717816835213
P3TLH_GGACGTCCAAGAGGCT_1,0.00018000137654783602
P3TLH_GAACATCAGGTGATAT_1,0.0001799751104737286
P5TLH_TTGAACGTCGAACTGT_1,0.00017989720567415684
P3TLH_GTCAAGTGTGAACCTT_1,0.00017985130279207507
P3TLH_TGAGAGGGTCGCGTGT_1,0.00017983532154368186
P1TLH_GACCAATAGGCATGGT_1,0.00017975509942989515
P3TLH_TCTGAGACACAGACTT_1,0.00017968730118576227
P5TLH_GACACGCTCTCACATT_1,0.000179650604798628
P4TLH_GGCTGGTGTGTTAAGA_1,0.00017963959506852475
P5TLH_GCGACCAAGCGATCCC_1,0.00017963116688253844
P3TLH_AGCAGCCCAAGGTGTG_1,0.0001795337775854227
P5TLH_AGAGCTTTCATCACCC_1,0.0001793790435612435
P3TLH_CAAGTTGAGTTTGCGT_1,0.0001792276626002815
P3TLH_GCTGCGAAGTCGATAA_1,0.00017916800774835228
P2TLH_CTTAACTCACCTATCC_1,0.00017914244317095704
P2TLH_CTCGTCAGTGAGGGAG_1,0.0001791214181471641
P3TLH_TTGACTTCAGGGAGAG_1,0.00017909459273039
P3TLH_CGGACTGAGCACCGCT_1,0.00017909421273838895
P5TLH_GCTGCTTTCTGTTTGT_1,0.00017908326640085203
P3TLH_AGCGGTCTCTTCCTTC_1,0.00017891603135452243
P3TLH_CCAGCGATCACCTCGT_1,0.0001788547896125103
P2TLH_ATTCTACCATCGATGT_1,0.00017885134635561078
P5TLH_GGCCGATCACGCTTTC_1,0.00017874362429310558
P1TLH_CGTCAGGTCCCATTAT_1,0.00017870405260343784
P3TLH_AAGCCGCGTCACCCAG_1,0.00017854305972124144
P3TLH_TTGCGTCTCACCCTCA_1,0.00017848658582683694
P5TLH_CTCTAATCAATGGAAT_1,0.00017848654688389705
P3TLH_ACGGCCAGTCGCCATG_1,0.00017816630748176496
P1TLH_TAGAGCTCACAAGACG_1,0.00017814940991190854
P4TLH_TCAATCTCAACAACCT_1,0.00017806444145062404
P3TLH_CCCATACCACGTGAGA_1,0.00017803021698433081
P3TLH_CTAGCCTGTGTGCGTC_1,0.0001778906355833164
P2TLH_CCTTCCCAGCTAACAA_1,0.00017789060937774845
P1TLH_TGGGAAGAGACAGAGA_1,0.0001777712462880027
P5TLH_CCTAGCTGTAAAGGAG_1,0.00017773559275576355
P5TLH_GTGCTTCAGCCAGGAT_1,0.00017770369551791857
P3TLH_TAGTTGGTCATACGGT_1,0.00017766765193645442
P1TLH_TCAATCTCAATGTAAG_1,0.00017760311688622024
P5TLH_GGTATTGTCCCAAGAT_1,0.00017754180161797743
P3TLH_CATCGGGGTACCATCA_1,0.00017742904372182637
P5TLH_CATATTCAGGCGATAC_1,0.0001773318334905092
P4TLH_GAAACTCAGCCAACAG_1,0.00017726331583102609
P2TLH_GGGCACTGTTCCACGG_1,0.0001772173889609812
P4TLH_AGGTCATAGAGCCTAG_1,0.0001772123946267461
P5TLH_GTCCTCAGTGATGTCT_1,0.00017720648788945283
P4TLH_CAGCGACGTATGAATG_1,0.00017717839090279877
P3TLH_AAACCTGCATGCCCGA_1,0.0001771681549008138
P2TLH_CTAGAGTTCTTGTCAT_1,0.00017707956878477445
P3TLH_TCCCGATCACCTTGTC_1,0.00017688194043464307
P3TLH_CCTATTACATCGGTTA_1,0.00017683965553723577
P3TLH_ACCCACTAGATGCCTT_1,0.00017679586870621264
P4TLH_CAGAGAGTCAACCATG_1,0.00017659071332919878
P2TLH_GCAAACTCATTCACTT_1,0.00017655327194639005
P3TLH_GATGCTAGTAATCACC_1,0.00017653797818801035
P3TLH_TACGGATAGTTATCGC_1,0.0001764563549413193
P4TLH_ACGCCGACACATCCAA_1,0.0001764103034296156
P5TLH_TTGTAGGAGCTTATCG_1,0.00017620554353597057
P3TLH_ATCATGGCATTTGCTT_1,0.00017619145553711958
P3TLH_AAATGCCGTGACAAAT_1,0.00017613282345589073
P3TLH_GTGCAGCTCCGTACAA_1,0.00017610556328292372
P5TLH_AAAGCAAGTTATCACG_1,0.0001761017773614368
P3TLH_CACATTTAGACCACGA_1,0.00017601508879701316
P3TLH_GCATACACACTTGGAT_1,0.00017599017168335357
P2TLH_AGTGGGAAGGCTACGA_1,0.00017597791082177156
P5TLH_CGTCTACGTTAAGAAC_1,0.00017597703717976845
P3TLH_CTGAAACAGGTTCCTA_1,0.00017588849221620147
P2TLH_CAAGGCCGTCCGAATT_1,0.00017581089655378863
P4TLH_AATCGGTTCTAACTCT_1,0.0001757893467222505
P3TLH_TGACTTTAGTACACCT_1,0.00017575780279185902
P4TLH_GTTCATTCACAGAGGT_1,0.00017563445676341814
P4TLH_CCTATTAAGATACACA_1,0.00017560366156327555
P4TLH_GCGCAACAGTCGATAA_1,0.00017556075109472928
P3TLH_CGACTTCCACTGTTAG_1,0.00017547510525546317
P5TLH_CTGGTCTAGAAGGACA_1,0.00017545248242044315
P1TLH_CTTCTCTAGGAATTAC_1,0.0001754520363567284
P2TLH_AAGACCTAGCTGAAAT_1,0.00017525131622667562
P5TLH_CACTCCACATCGGACC_1,0.0001752432649539836
P3TLH_CCATGTCCATGTAAGA_1,0.00017517070482764646
P3TLH_CGATGGCTCGGTGTCG_1,0.00017516264714591848
P1TLH_AAACGGGAGTAGGCCA_1,0.0001751411923714813
P4TLH_GCAGCCACATTACGAC_1,0.0001750626781390781
P3TLH_TTGCCGTTCGCCAAAT_1,0.00017501863435761205
P2TLH_CTGCGGACATCAGTAC_1,0.00017499764566147877
P3TLH_TGACTAGGTACTTCTT_1,0.00017493351586122662
P3TLH_TATCAGGCACCACCAG_1,0.00017484266847619164
P3TLH_GATCTAGCACGCCAGT_1,0.00017481790785642
P3TLH_GTATCTTTCTGTCCGT_1,0.00017477287770965275
P2TLH_CTGCGGAAGTACGTAA_1,0.0001746548873491037
P1TLH_GCAGTTATCGCCTGAG_1,0.00017454740229998715
P3TLH_ATGCGATCATAAGACA_1,0.00017453094112246893
P3TLH_CGCCAAGAGGGTTCCC_1,0.0001744367054957757
P2TLH_TCACGAAGTAAGAGAG_1,0.00017443466267017503
P3TLH_TGACAACTCTCTGCTG_1,0.00017431860081499494
P1TLH_CCTTACGCACGACTCG_1,0.0001743108731018969
P4TLH_AACTCAGTCTGTGCAA_1,0.00017422987234395128
P3TLH_CGATGTAGTCTGCAAT_1,0.00017419178068094627
P1TLH_ACGTCAACACAGAGGT_1,0.00017418847423305556
P1TLH_TTAGGACAGGTGTGGT_1,0.00017397102218646198
P5TLH_GTTAAGCAGAGTAAGG_1,0.0001737144787827315
P3TLH_ATTGGTGCAATGAATG_1,0.0001736733137791747
P4TLH_CATCGGGAGGCTATCT_1,0.0001735821879855659
P4TLH_ATGTGTGGTCACACGC_1,0.00017353020674934605
P3TLH_GCAGTTATCGCCAGCA_1,0.00017330238664856501
P3TLH_CACACTCTCCCTCAGT_1,0.00017289118189823017
P1TLH_CGAACATAGGACATTA_1,0.0001728743309389412
P2TLH_TGCGTGGAGACTGTAA_1,0.00017268712604498652
P5TLH_CTTAACTGTGCAACTT_1,0.00017266349553636762
P1TLH_CTACATTTCCTTTACA_1,0.00017250200808662766
P5TLH_CTCGAAAAGTGAACGC_1,0.00017245090743104395
P4TLH_CTCGGAGGTATCAGTC_1,0.0001723853880049876
P3TLH_ATAACGCTCCCACTTG_1,0.00017235843551848367
P4TLH_GTTACAGTCATGTAGC_1,0.0001720082458286131
P2TLH_CACCAGGTCCACGTGG_1,0.00017197585905346806
P3TLH_TCAATCTAGGCGACAT_1,0.00017195149779999713
P5TLH_GGGATGACAAGCCCAC_1,0.00017184329506716902
P2TLH_ACGAGGAAGTGGTAGC_1,0.0001718095711650718
P4TLH_AGGCCGTGTGTGACCC_1,0.00017177438429991795
P4TLH_TACTTGTAGAGACTAT_1,0.0001717004287092611
P3TLH_CCTACCATCCCAACGG_1,0.00017158353410109639
P3TLH_AGCGTATAGCTAGGCA_1,0.00017150738656161697
P5TLH_AGCGTCGTCATAAAGG_1,0.0001714515302510386
P5TLH_CTGAAACGTGAACCTT_1,0.00017133352844962292
P3TLH_GCTGGGTGTCTTTCAT_1,0.0001712515509137881
P3TLH_GCTGCGAGTCTAAACC_1,0.00017119599648093145
P3TLH_CCGGGATTCTATCGCC_1,0.00017115795188861124
P4TLH_CGGACACTCCTACAGA_1,0.00017113976008757307
P4TLH_AGCCTAAGTACTTAGC_1,0.00017110143688776745
P3TLH_ATCATGGCAGTACACT_1,0.00017109059730894166
P3TLH_CGATTGATCCCACTTG_1,0.00017097459005809004
P2TLH_CAGCTGGTCCATTCTA_1,0.00017086298778735948
P3TLH_CTTGGCTTCTTGAGGT_1,0.00017079034975206385
P4TLH_GGTGTTAGTCGCATCG_1,0.00017072747331867697
P4TLH_CGAGCACAGCTGTCTA_1,0.00017072021452416242
P4TLH_CAGTAACCAGCCAGAA_1,0.0001705510653308196
P5TLH_GGGTTGCCACGTAAGG_1,0.00017045551093092918
P5TLH_AGAATAGCAAGTAGTA_1,0.00017038831018925955
P2TLH_GCGCAACCACGACTCG_1,0.00017030792964511712
P1TLH_TTTGTCATCCTAAGTG_1,0.00017027738424193193
P4TLH_CACCACTTCAAAGTAG_1,0.0001702766832632516
P3TLH_CAAGTTGCATATACGC_1,0.00017025963645942777
P2TLH_GAACATCAGAAACGCC_1,0.0001702503725959897
P3TLH_CTCGAAACATGAAGTA_1,0.00017023814686974506
P4TLH_TCGGTAACACCGAATT_1,0.00017023161854603844
P3TLH_TCAACGAGTCCGAAGA_1,0.00017018706056182682
P3TLH_CTCTACGGTAGAGCTG_1,0.00017015458337733586
P5TLH_ACAGCTACAGAAGCAC_1,0.00017006956556917107
P3TLH_ATTTCTGGTCGAACAG_1,0.00017006241793607495
P2TLH_AGCAGCCCAGTATAAG_1,0.00017001999883463283
P3TLH_CATGACACATAGACTC_1,0.00016994455991700366
P4TLH_TTGACTTCAGCATGAG_1,0.00016988513837397893
P3TLH_CACCTTGTCTCTAAGG_1,0.00016973645619453137
P5TLH_CACACTCCAGCCTGTG_1,0.00016972698708343323
P4TLH_GTACGTAAGACGACGT_1,0.00016968524101589413
P3TLH_ATCGAGTCAAGCGAGT_1,0.00016963696711444162
P5TLH_TCTCTAAGTCTGCAAT_1,0.00016960854546055822
P5TLH_TGGTTAGTCCGAACGC_1,0.00016957571975009293
P1TLH_TTGGAACGTATAAACG_1,0.00016948243246534247
P5TLH_GACCTGGTCGCCATAA_1,0.00016938784074509232
P2TLH_AGTCTTTCAAGCGATG_1,0.00016929221162784524
P3TLH_GATCAGTGTCACCTAA_1,0.00016924337902579444
P3TLH_GTGCATAGTTCCCTTG_1,0.00016922170959498767
P1TLH_ATTGGTGCAAGTCTGT_1,0.00016911887127547657
P3TLH_ATAACGCCAGTAAGCG_1,0.00016908995265579982
P2TLH_CACATAGGTCAAAGCG_1,0.00016877011034444078
P5TLH_AGTAGTCAGCTAACAA_1,0.0001687316768652668
P5TLH_GGGCACTCAGGGAGAG_1,0.00016865333014676412
P5TLH_GCTGCGAAGTCCAGGA_1,0.00016851897827111536
P2TLH_GTCACAATCAAACAAG_1,0.0001684799290289739
P5TLH_GGGCATCAGCTGCAAG_1,0.0001684123696363179
P3TLH_GTCATTTGTTATCCGA_1,0.00016840762929033341
P5TLH_TCTATTGGTGTGAAAT_1,0.0001683761836842963
P1TLH_TTCGGTCGTTACAGAA_1,0.00016835195745364026
P5TLH_TCATTACCAAGTTCTG_1,0.00016831987878549026
P3TLH_CCGTTCAAGAGGGATA_1,0.0001682454694376614
P2TLH_GTACGTAAGAGCTGCA_1,0.00016808116636100905
P3TLH_TGAGCATCATTTGCCC_1,0.00016789912892646748
P4TLH_GTGCATAGTGCTAGCC_1,0.00016783525715880092
P3TLH_CCTACCAGTTCACGGC_1,0.00016778836543962435
P4TLH_ATCGAGTGTAGAAGGA_1,0.000167690837511213
P3TLH_TCATTTGAGACCTAGG_1,0.0001674856178522365
P1TLH_CACAAACAGTCGTACT_1,0.00016744656799772264
P4TLH_CCGGTAGTCCGGGTGT_1,0.00016743293456043289
P4TLH_CGTCAGGCATTACGAC_1,0.00016735789906542002
P4TLH_GCGAGAAGTCATCCCT_1,0.00016733901217670075
P1TLH_AGCGGTCAGATATGCA_1,0.00016727747193263858
P2TLH_GCAGCCAAGAGTAAGG_1,0.00016726830920482094
P3TLH_CTTAACTGTGCCTTGG_1,0.00016726646608919814
P4TLH_TACCTTAGTCCTCTTG_1,0.00016724217477905604
P2TLH_TCCACACAGTACGTTC_1,0.00016721061880133802
P4TLH_CCTACACTCACCATAG_1,0.00016710514261592034
P5TLH_TACCTATCAGTTCCCT_1,0.0001670638657335471
P2TLH_CAAGGCCCACCGCTAG_1,0.00016704010340630178
P3TLH_GTCATTTGTGGTGTAG_1,0.00016700628548343882
P5TLH_CAAGAAAAGACAGGCT_1,0.00016681865875446282
P3TLH_GCTTCCAGTACAGCAG_1,0.00016677839493037594
P4TLH_TCGTAGAGTTAAGGGC_1,0.00016673381777073754
P3TLH_GTGCGGTGTTCGTGAT_1,0.00016671966474158002
P3TLH_GACGTGCTCCGCATCT_1,0.00016671763266842314
P4TLH_AGCGGTCGTAAGGGAA_1,0.00016656224491989
P2TLH_GAATGAAAGCTGCAAG_1,0.00016656132877933028
P5TLH_CTGTTTAAGACTAGAT_1,0.0001664538099614509
P1TLH_TAAGAGAGTCGGCTCA_1,0.00016643748556760147
P3TLH_TACAGTGGTTCAACCA_1,0.00016636064974964035
P5TLH_CGGACACTCCCTAATT_1,0.00016620140812590258
P5TLH_GCGCCAATCCGGGTGT_1,0.00016615690774284548
P1TLH_TTCTTAGGTTTCGCTC_1,0.00016611616094055717
P1TLH_TGCCCTAAGGAGCGAG_1,0.00016608074002322386
P1TLH_TAGGCATTCTTCGAGA_1,0.00016603551210333424
P3TLH_CGTGTAAAGGACCACA_1,0.0001655248415715014
P3TLH_ATAGACCGTAGCGTCC_1,0.00016552375013458376
P3TLH_ACCGTAAGTCCAGTAT_1,0.00016526205670533433
P3TLH_AAAGATGAGTGGTAGC_1,0.00016520530503901613
P3TLH_TGGCTGGAGAGGTTGC_1,0.0001648692403752867
P5TLH_CGCTATCCAGCCTTTC_1,0.0001648612675700772
P4TLH_ACGATGTTCCATGAAC_1,0.0001647552954955179
P1TLH_ACTTTCAAGAAACCGC_1,0.00016470935665266153
P5TLH_CATGGCGGTACTCAAC_1,0.00016465663695807553
P3TLH_TCAGGTACAATGGTCT_1,0.00016452568894381378
P2TLH_CGGAGCTCATGAGCGA_1,0.0001645081776358568
P5TLH_AGACGTTGTTCAGGCC_1,0.000164444489044421
P1TLH_TAGACCATCATGCAAC_1,0.00016443494239849833
P5TLH_GCTTCCATCTGGAGCC_1,0.0001643632318389689
P3TLH_CGAATGTAGTGAAGTT_1,0.00016432917193469357
P5TLH_CCTAAAGAGCCGATTT_1,0.00016428619653641275
P1TLH_TTATGCTGTAAGTTCC_1,0.0001641037640284321
P4TLH_CACACCTGTGTCGCTG_1,0.00016408942747187378
P3TLH_GTTCTCGCATGTTGAC_1,0.00016398998455958245
P5TLH_CTCGGGACACCAGTTA_1,0.00016395382352603612
P5TLH_ACACCGGGTTTGTTTC_1,0.00016392259766132407
P3TLH_GCTGGGTCAGTAAGCG_1,0.00016390406357861262
P3TLH_TAGACCAGTCAGAGGT_1,0.00016379558818657884
P4TLH_GAGGTGAGTCACCTAA_1,0.0001637835601777066
P1TLH_TGGGAAGGTAGGGTAC_1,0.00016369343342200485
P3TLH_ACGATACGTTCGGGCT_1,0.00016364620607091187
P5TLH_GGGAATGTCGATCCCT_1,0.0001636405272431432
P5TLH_ACACCCTCAAGAAGAG_1,0.00016353892370109827
P1TLH_CTTACCGTCGTCTGAA_1,0.00016347186913296828
P2TLH_CTTTGCGTCCACGAAT_1,0.00016340683617078778
P2TLH_GACAGAGGTTGAACTC_1,0.0001633822450027562
P4TLH_AGACGTTCATTACCTT_1,0.000163375486723361
P3TLH_CTTCTCTTCTAGAGTC_1,0.0001633730896967037
P2TLH_ACAGCCGCACAGATTC_1,0.00016336818883111437
P4TLH_TGAGCATCATCGATGT_1,0.00016324755605174387
P2TLH_TGAGCATCACCAGGTC_1,0.00016319697541881023
P3TLH_ACGATACGTCTAAAGA_1,0.00016304864886144808
P4TLH_CGAACATTCACGCATA_1,0.000163041864134175
P3TLH_CGCTATCCAGACTCGC_1,0.00016303950160607818
P3TLH_CCTTCCCAGTTCGATC_1,0.00016278794559911394
P3TLH_TCAGATGAGGCCATAG_1,0.00016272440248429974
P3TLH_CGGACTGCAGTAAGAT_1,0.0001627001437182339
P4TLH_AACTCTTCAGCTGCTG_1,0.0001622119886793801
P1TLH_GTCACGGCAAAGCAAT_1,0.00016207826930605165
P1TLH_TTGCCGTGTCCGTTAA_1,0.00016206009442422834
P3TLH_ATGGGAGGTACCGAGA_1,0.00016192761721476985
P4TLH_TAGCCGGAGTCCGGTC_1,0.0001618660446059244
P3TLH_CACCAGGAGGAATTAC_1,0.00016185844590832523
P1TLH_TGAGGGACAAATACAG_1,0.00016174443600851826
P5TLH_AGTGAGGAGGATTCGG_1,0.0001615977215051071
P1TLH_CCCAGTTGTTTGTGTG_1,0.0001615348702575196
P4TLH_GCTGCGATCTGCTGTC_1,0.000161509743499633
P5TLH_GTCACGGGTCCGCTGA_1,0.0001614677214633532
P1TLH_CGTGAGCTCCTGCAGG_1,0.00016142229467101417
P2TLH_GCGCCAATCTACTCAT_1,0.00016134979394441545
P4TLH_TGCGGGTGTGCGAAAC_1,0.00016116245674956285
P4TLH_TGCGCAGTCCTCCTAG_1,0.0001611481706954069
P3TLH_TCAGGTACATGGGACA_1,0.00016098996783985587
P5TLH_CCTACACCATGGTTGT_1,0.00016090036300839448
P1TLH_GAACCTAAGCTCAACT_1,0.00016088594516964818
P2TLH_ACACTGAAGGGTCTCC_1,0.0001606290812300342
P1TLH_TGGCCAGCATCGGACC_1,0.00016062594851300348
P3TLH_CATGCCTCAATGTAAG_1,0.0001605864912305237
P5TLH_TTTGCGCAGGATGGTC_1,0.00016051881969901053
P5TLH_CGACCTTCACAGAGGT_1,0.00016051425334026774
P3TLH_CGGGTCAAGGCGCTCT_1,0.00016034693630991175
P4TLH_TGGTTCCTCGGCCGAT_1,0.0001601767709841909
P2TLH_GCGACCAGTTCCACAA_1,0.000160122298172947
P3TLH_AGCGTATTCACCTCGT_1,0.00016007620730457576
P3TLH_ATCCACCAGAGTACCG_1,0.00016006661175805756
P1TLH_AGGTCCGTCGCCCTTA_1,0.00015994946763538034
P5TLH_AAGACCTTCTGCAGTA_1,0.0001598974920183669
P4TLH_CGAGAAGTCTGGTTCC_1,0.00015989590714031129
P4TLH_AGGCCACTCCCAGGTG_1,0.00015985114203480232
P3TLH_AGCGGTCTCTGGCGAC_1,0.00015962384019392635
P1TLH_CCTTCCCAGTGTACGG_1,0.00015961575488879107
P5TLH_CCTTCCCGTTCAGGCC_1,0.00015958037188015586
P3TLH_GTGTTAGTCGGATGTT_1,0.00015955610846278936
P3TLH_CAAGAAACACCAGTTA_1,0.00015948172233745886
P3TLH_CATCGGGAGTACCGGA_1,0.00015943690763163887
P2TLH_TTCGAAGGTAGCTAAA_1,0.00015942551425577895
P5TLH_CTAACTTCAAACGCGA_1,0.00015941257022121055
P3TLH_CCTTCGATCCCAAGTA_1,0.00015939166502160665
P4TLH_GTAGTCACATCTCGCT_1,0.00015921225189594968
P4TLH_CACTCCAAGAATGTGT_1,0.0001592109178007906
P4TLH_CGTCTACTCTGGCGTG_1,0.00015907139859370922
P3TLH_TTATGCTTCAGTTAGC_1,0.00015894457421145443
P5TLH_CGGGTCACACAACTGT_1,0.00015873197569599062
P1TLH_CGTAGGCGTCTAAACC_1,0.00015871754019466028
P5TLH_CTACGTCAGCCAGAAC_1,0.00015865175812546144
P1TLH_GAACCTACAAAGGAAG_1,0.00015847841266049723
P4TLH_GTGCTTCTCAACACCA_1,0.0001584763672426768
P5TLH_CGACCTTCAGCCTTTC_1,0.00015846912807701815
P3TLH_TAAGTGCTCAGTCAGT_1,0.000158428989581074
P4TLH_TCAATCTAGTAGGTGC_1,0.00015826853416037745
P4TLH_GCATGATCAGTATCTG_1,0.0001580676515690993
P3TLH_CAGAATCGTCGTCTTC_1,0.0001580675727800752
P4TLH_ACGGGCTAGCGTTGCC_1,0.00015782766334954346
P3TLH_CGGAGCTCATCTGGTA_1,0.00015777658501469032
P2TLH_TAAGTGCCAGCCTATA_1,0.00015772506904067725
P5TLH_TGCCAAAGTTAAGATG_1,0.00015767713227511152
P3TLH_ATTGGACCAAGAAGAG_1,0.00015764276589188503
P5TLH_TCTGAGATCCGAGCCA_1,0.00015761350027806878
P5TLH_GAAATGAAGTGTACGG_1,0.00015759203509067274
P5TLH_CAACTAGGTTCTGAAC_1,0.00015758287000555457
P3TLH_CTCGTACGTTAAGGGC_1,0.00015744510571838916
P4TLH_ATCATCTAGTGCAAGC_1,0.00015741984662575787
P1TLH_TCGGTAACACACCGCA_1,0.00015729257571164062
P4TLH_TTCGAAGTCCTATTCA_1,0.00015727779844873786
P5TLH_GGCTCGATCGCGGATC_1,0.00015727522160138553
P1TLH_CAAGATCAGAGTGACC_1,0.0001571947269641708
P3TLH_TGACTAGTCCTTTCTC_1,0.00015718802372361078
P4TLH_CCTAGCTCATTCCTCG_1,0.0001571722074475194
P2TLH_GTGCTTCTCTGGCGTG_1,0.00015714596632367204
P3TLH_CTAGTGATCAGTCCCT_1,0.00015703574313822913
P1TLH_CAACCAATCACATAGC_1,0.0001570084869499317
P3TLH_CTTGGCTGTGTGAAAT_1,0.00015691767302023808
P3TLH_GACTAACAGATGGGTC_1,0.00015688442734370603
P1TLH_TATCTCACACGGCTAC_1,0.00015687115756050685
P3TLH_ATTGGACTCAGAGCTT_1,0.00015684441330184113
P4TLH_GTAGTCAGTGCGCTTG_1,0.0001567794902466328
P5TLH_TCGAGGCAGTATGACA_1,0.00015667913547685265
P4TLH_CATATGGCAAAGTCAA_1,0.0001566735719835824
P3TLH_CCGGTAGGTCTCCATC_1,0.0001566222036557891
P4TLH_TCATTACCAGGTTTCA_1,0.00015655543032904674
P3TLH_CCACGGACACCGCTAG_1,0.00015645741605447915
P2TLH_CATTCGCAGCTGTTCA_1,0.00015641660846556476
P5TLH_CGTCTACCAGTATCTG_1,0.00015639311410904294
P2TLH_ATTGGTGGTATAAACG_1,0.00015637006152443309
P3TLH_CAACTAGCACCGTTGG_1,0.00015636796290457953
P2TLH_GCTGCGATCTGTTTGT_1,0.00015631165474884427
P3TLH_GTAACGTTCTGCAAGT_1,0.00015626317989913627
P1TLH_CAAGGCCTCAAGAAGT_1,0.0001561577522299422
P2TLH_TAGAGCTAGGGCTTCC_1,0.00015612540529240095
P1TLH_GATGCTAGTATATGAG_1,0.00015600355066226559
P4TLH_TACCTATTCACGAAGG_1,0.00015597623818662174
P3TLH_GCGAGAATCCGTACAA_1,0.0001559748899842171
P3TLH_GATCGATCAAGTAATG_1,0.00015595667013350173
P4TLH_GATCGTAGTGCACTTA_1,0.0001559528046478277
P3TLH_TGTATTCGTAAATACG_1,0.00015587080279376954
P4TLH_GACGTTAAGTGTTGAA_1,0.00015581279466520052
P3TLH_TTTGTCACAGATCCAT_1,0.00015573874185882322
P5TLH_GCAGCCAGTACGCACC_1,0.00015559777068313726
P5TLH_GCCTCTAAGCTAGTGG_1,0.0001554597897737167
P5TLH_ACCGTAAGTGACGGTA_1,0.0001554586564446933
P5TLH_CTTGGCTAGGATTCGG_1,0.00015540055487310253
P5TLH_CTCGTCACAAGCGATG_1,0.00015528184079924808
P1TLH_TACTTACAGGACCACA_1,0.00015523139250576772
P5TLH_TGCGCAGTCAATAAGG_1,0.0001550461402821434
P5TLH_ACGGCCACACTTCGAA_1,0.0001550397581824012
P3TLH_CGTGAGCTCTACTTAC_1,0.00015499349396008125
P3TLH_TGGACGCAGCGAAGGG_1,0.0001549717842395144
P1TLH_TCCCGATCAGTCAGCC_1,0.0001549641398575799
P1TLH_CGATGGCGTCATGCCG_1,0.00015478232333844812
P5TLH_ACTGAACCAACGATCT_1,0.00015459915706958548
P4TLH_AACTCTTGTTCCACAA_1,0.00015459705837597175
P3TLH_AGGCCGTGTCTCCACT_1,0.00015457140629679232
P1TLH_GTCACGGCACCAGGCT_1,0.00015456505554530128
P2TLH_AGCTTGAGTGTCCTCT_1,0.00015451813843687205
P3TLH_ACTATCTCATGACATC_1,0.00015451748774724755
P5TLH_TTGTAGGAGAGTCGGT_1,0.00015443353839613493
P3TLH_TTTGTCAAGGTCATCT_1,0.00015439099862301798
P3TLH_GTCTCGTGTACTTAGC_1,0.00015435182447400342
P4TLH_AAGGAGCAGCGTAATA_1,0.00015418949619475428
P4TLH_CAGCAGCTCAACACAC_1,0.00015414420349715169
P2TLH_TACGGATAGGAGCGTT_1,0.00015398231376691319
P3TLH_CATCCACAGATACACA_1,0.0001539169517960523
P2TLH_GGACGTCAGTGTACTC_1,0.00015370914949637695
P4TLH_CGTTCTGAGATCTGCT_1,0.00015365497978221004
P1TLH_GATCGCGAGGTGCAAC_1,0.00015364388573401022
P5TLH_CAGCCGAAGAGGGATA_1,0.00015358470291852036
P3TLH_CGTCACTCACTTACGA_1,0.00015358410279113003
P5TLH_GATCGCGCAAGTCATC_1,0.00015355981412758907
P4TLH_GAATAAGTCGGTGTTA_1,0.00015343217117464586
P3TLH_TCAGGTAGTTGAGGTG_1,0.00015340284630143314
P5TLH_CCAGCGACATATGAGA_1,0.00015338307092815202
P3TLH_CGAGCCACATGTAAGA_1,0.0001533315048101271
P3TLH_CATGACATCACCATAG_1,0.00015326008617652081
P3TLH_TAAGAGAGTTAGGGTG_1,0.00015323800852847302
P4TLH_GCATGATTCTTAGAGC_1,0.00015317654752291845
P3TLH_CGGCTAGGTGACAAAT_1,0.00015310294315214713
P1TLH_GATCGCGAGAGTCGGT_1,0.0001528946237352387
P3TLH_GAAATGATCAGCGATT_1,0.0001528805260329052
P5TLH_GGGTTGCCATGTCGAT_1,0.00015287349895188676
P4TLH_TCAGATGAGCTAGTGG_1,0.00015286304824376002
P3TLH_CCAGCGAAGTCGCCGT_1,0.0001527442393147614
P4TLH_ACAGCCGAGTGGTCCC_1,0.00015273272292827084
P5TLH_CCGTACTAGCCACGTC_1,0.00015271075031705325
P5TLH_GACTGCGGTCAGATAA_1,0.00015266532476126412
P3TLH_TGTGTTTGTGATAAGT_1,0.0001526601213752767
P2TLH_CTTAGGAGTACCCAAT_1,0.00015259239919508894
P3TLH_ACTGATGAGAGCTTCT_1,0.00015248545286996874
P5TLH_CATATTCGTCATTAGC_1,0.00015238560176150843
P5TLH_TGCCCATAGTGTACTC_1,0.00015224630157537685
P2TLH_TCGCGAGCATAAAGGT_1,0.00015215430736516166
P3TLH_TTGCGTCAGTGTTTGC_1,0.00015208977219846123
P3TLH_CATCGAACACATTAGC_1,0.00015202591007886968
P5TLH_GTTCGGGCATGCGCAC_1,0.00015200915316217415
P3TLH_GCACATACAAGTTCTG_1,0.00015197053043615515
P4TLH_GGGCATCTCGCCAGCA_1,0.00015190882778477331
P3TLH_GCTTCCACAATCGAAA_1,0.00015190069309717734
P2TLH_TTTCCTCCAATCCGAT_1,0.00015187237202736537
P4TLH_TGACTAGGTCCGCTGA_1,0.00015183645956214322
P3TLH_AGGTCCGTCCACTCCA_1,0.00015181097564153756
P3TLH_TGCCAAAAGAGGTTGC_1,0.00015179573240796233
P5TLH_GAAACTCGTACCAGTT_1,0.00015168371059240483
P3TLH_CTTAGGAAGGCAAAGA_1,0.0001516010152750365
P3TLH_TCAGGTAAGGGTTCCC_1,0.00015155815255452884
P3TLH_GAATAAGCACCCATGG_1,0.00015143685593566725
P3TLH_GCACTCTGTCAGATAA_1,0.00015143395983988484
P4TLH_GGCGACTCAGAAGCAC_1,0.0001514293913519414
P2TLH_ATCCGAAGTCGCGGTT_1,0.00015139416877915548
P3TLH_TCGCGAGAGTGAACGC_1,0.00015127930615469606
P2TLH_GTCGGGTGTCCGAATT_1,0.00015126754905684381
P3TLH_CGCGGTATCAGCTTAG_1,0.00015115309338976164
P3TLH_ATAAGAGAGATGCCTT_1,0.00015107873724675566
P1TLH_GCGACCAAGTTAGCGG_1,0.00015100136218535752
P2TLH_GTCATTTTCTTGTTTG_1,0.0001510002540831509
P2TLH_TCGTAGATCCGTTGTC_1,0.0001509617529608178
P3TLH_GAGCAGAAGTTAGGTA_1,0.00015093809953701167
P2TLH_TAAGAGATCGTGACAT_1,0.00015092072612452238
P1TLH_GGTATTGCAAAGCGGT_1,0.00015076964095046114
P2TLH_GCTGGGTGTTCCCGAG_1,0.00015061186305318825
P4TLH_TGACGGCAGGAGTCTG_1,0.00015052784162343166
P2TLH_ACTTTCACAATGGACG_1,0.0001505188994284512
P1TLH_TAGCCGGCAAGGACTG_1,0.00015051464147785584
P4TLH_CGTCACTGTTAAGACA_1,0.00015050277576646992
P2TLH_CCTTCGATCGGAGGTA_1,0.0001504486010951494
P5TLH_TCGAGGCGTATTCGTG_1,0.00015044672012994465
P2TLH_CCTTCCCTCTCGCTTG_1,0.00015039497924942166
P3TLH_GTTACAGAGGCCCTTG_1,0.00015034697382032536
P3TLH_CTTCTCTTCTTGAGAC_1,0.00015030720398268016
P1TLH_GGACGTCTCCAAACTG_1,0.00015015542088420763
P5TLH_ATCCGAACAGATAATG_1,0.00015014369446157943
P4TLH_CTAAGACTCTGCTGTC_1,0.00015009582304253158
P4TLH_GTGCAGCCAACTGCGC_1,0.00015007047305747086
P3TLH_TTTGTCAAGCACCGCT_1,0.00015003577804200468
P5TLH_CCTACACAGACAAGCC_1,0.00015001100341146664
P5TLH_CTGGTCTAGATGCCAG_1,0.0001500007089033481
P1TLH_GGATTACTCGCGCCAA_1,0.0001499530274229209
P2TLH_CTCGGAGTCGCCAGCA_1,0.00014988894184989114
P3TLH_CAGCGACCACCTCGGA_1,0.0001498181930315761
P3TLH_TTCCCAGCATATGGTC_1,0.00014972063231301585
P2TLH_CAGCATAAGGATTCGG_1,0.00014969465658503812
P5TLH_ACAGCCGGTTCCAACA_1,0.0001495933679443804
P4TLH_AGCAGCCGTACTTCTT_1,0.00014959031704577303
P2TLH_TGACTAGGTAAAGGAG_1,0.00014955260600681895
P5TLH_AGCGGTCTCTCAACTT_1,0.00014951444873589437
P4TLH_GAACGGAGTCCGCTGA_1,0.0001495129394643119
P3TLH_CCTTCCCGTGCTCTTC_1,0.00014947483186397871
P4TLH_CACATTTCACTGCCAG_1,0.00014923712064468135
P3TLH_ATTGGTGGTTATCCGA_1,0.0001492357598478186
P2TLH_GCAAACTAGGCCCTCA_1,0.00014919853865288279
P4TLH_GCTCCTATCGCGTAGC_1,0.00014918580861689456
P1TLH_TTCTACACATCGGACC_1,0.0001491835157016426
P1TLH_AGTCTTTGTTGTTTGG_1,0.00014917563356319456
P4TLH_GGACAAGGTGCTCTTC_1,0.0001490354280617443
P3TLH_CGGAGCTCACAGGAGT_1,0.00014898563884631645
P1TLH_CGCTTCAAGGGTCTCC_1,0.00014882072341811583
P5TLH_CGTCCATGTCTGGAGA_1,0.00014879668988813824
P5TLH_GGACAGAGTTTGTGTG_1,0.00014868699845383806
P3TLH_TCGGGACTCTGATACG_1,0.00014868555152305386
P1TLH_TAAGAGATCATGTGGT_1,0.00014861985535750405
P3TLH_GACCAATAGATTACCC_1,0.0001486119387813353
P2TLH_CATCAGAAGTTACGGG_1,0.0001485253768057443
P3TLH_TGCCCTATCCCTTGTG_1,0.0001482877793992533
P2TLH_CAAGGCCAGTCGATAA_1,0.0001482854192123713
P4TLH_AACTCAGTCCTACAGA_1,0.00014824785093081727
P3TLH_AGCTCCTCAGATAATG_1,0.00014823528518579274
P4TLH_CCCAGTTCATGCCACG_1,0.00014823062891295555
P2TLH_AAACCTGGTACGCTGC_1,0.00014817837105153913
P1TLH_TGGCCAGCATCTCGCT_1,0.0001481182284334919
P3TLH_ATCCACCTCAGTGCAT_1,0.000148057588791183
P3TLH_CACCTTGTCTCCAACC_1,0.00014797875922781657
P1TLH_ATAAGAGGTTACTGAC_1,0.00014794546669805623
P5TLH_TATCTCATCAGTCAGT_1,0.00014793834826783863
P3TLH_GTGAAGGTCTGCAAGT_1,0.00014790836207455977
P3TLH_CAGCATAGTGCTGTAT_1,0.00014790057563181778
P1TLH_AAGGAGCGTCTTGATG_1,0.00014782088132118712
P3TLH_CTCGGGACATCCCATC_1,0.0001477858223793667
P2TLH_AACACGTAGCTACCGC_1,0.0001476524130037443
P4TLH_GGGAATGGTTCTCATT_1,0.00014760601667931363
P5TLH_GGGAATGGTTTAGCTG_1,0.0001475571073242417
P1TLH_ACGCCGAGTAAGTGGC_1,0.00014754215004461277
P1TLH_TAGTGGTAGGCCCGTT_1,0.00014753745810298276
P3TLH_GGATTACAGTTTCCTT_1,0.00014753316139801205
P1TLH_GGACAGAAGAGCTATA_1,0.00014748438659634464
P3TLH_GTTCATTAGGGATCTG_1,0.00014745482864635963
P3TLH_GATGAGGCATTCACTT_1,0.0001474080284261318
P1TLH_TACACGATCTGTACGA_1,0.00014739068495283906
P3TLH_ATCATGGAGCATCATC_1,0.00014732627750650975
P5TLH_GCTCTGTGTCTCGTTC_1,0.00014717336700988422
P2TLH_TCCACACAGCGCCTTG_1,0.00014714688263999873
P3TLH_GGGACCTCAACAACCT_1,0.00014686626257377435
P3TLH_CGCGGTAGTAGCGTAG_1,0.00014681515322918635
P3TLH_CTCGGAGAGCGCTTAT_1,0.0001466586779341221
P3TLH_CGATGGCCAACTTGAC_1,0.00014665729583243937
P3TLH_ATAACGCCAGTTCATG_1,0.00014655515396258978
P3TLH_ACTGCTCTCACAGGCC_1,0.0001465300814003612
P4TLH_TCAGATGGTGTTTGTG_1,0.00014649787543691436
P3TLH_CGTAGCGCACTGTCGG_1,0.00014645606128977373
P1TLH_TCGAGGCGTTGAGGTG_1,0.00014632151531425666
P5TLH_TGCTACCTCACTATTC_1,0.00014631401344314808
P3TLH_GCTGCTTCATGTAGTC_1,0.00014623046701015707
P4TLH_GCTGCAGAGATTACCC_1,0.0001462008123111323
P1TLH_CTACATTAGGTGACCA_1,0.00014620066354644544
P1TLH_GCTTGAACAAAGTGCG_1,0.00014612126311938956
P3TLH_TTCTCCTAGTACATGA_1,0.00014606836078296458
P4TLH_TCTGGAATCCGCATCT_1,0.0001459460978671001
P5TLH_GGTGCGTCAACTGGCC_1,0.0001459313748858378
P3TLH_CGCGTTTCAAACTGTC_1,0.00014590677929408893
P3TLH_CATTATCTCATCACCC_1,0.0001459036702317546
P5TLH_GAACATCGTCGCATCG_1,0.00014584835112300225
P5TLH_ACCCACTGTAGAAGGA_1,0.00014581707327429962
P3TLH_GTTACAGGTACTTCTT_1,0.0001455955329608034
P4TLH_GCTTCCACACGAGAGT_1,0.00014556351474226338
P3TLH_TGCCCATAGGCTAGAC_1,0.00014552739984112124
P3TLH_CGAATGTGTCGGCACT_1,0.0001454835345803847
P4TLH_CGTCTACAGAATAGGG_1,0.00014515809542069692
P3TLH_CTGGTCTGTAGGGACT_1,0.00014513434607009142
P3TLH_TCTATTGTCAAGGCTT_1,0.00014496859493610536
P3TLH_TACGGGCGTCATACTG_1,0.00014470396740838743
P1TLH_CAGAGAGTCACGCATA_1,0.00014467049047190531
P3TLH_AAGGAGCTCTTGTCAT_1,0.00014462725743651824
P2TLH_CGGACGTAGTGCTGCC_1,0.00014459800721694876
P5TLH_CTGCTGTTCCTCGCAT_1,0.00014454385073161172
P5TLH_GCAGCCATCTGAAAGA_1,0.0001445191498943965
P1TLH_GATGCTACAGTAACGG_1,0.00014445905199431672
P3TLH_CATATGGTCGTACCGG_1,0.0001443911879524211
P2TLH_TTTCCTCAGGTGATTA_1,0.00014435637277472564
P1TLH_GGGCACTAGTGAACGC_1,0.0001443242843444102
P2TLH_CTCCTAGTCTGTTTGT_1,0.00014410616414852726
P1TLH_AGGCCGTTCGGCGCTA_1,0.0001441056474199935
P3TLH_CACCAGGGTCCGAACC_1,0.00014400006266415357
P4TLH_CTGCTGTCATGTAAGA_1,0.00014394044978439995
P3TLH_ACGCCGAGTAATCGTC_1,0.0001439353774070429
P2TLH_GTCGGGTCAGCGTTCG_1,0.00014391048906044142
P3TLH_CTTCTCTCAGGTCGTC_1,0.00014387647918819163
P1TLH_TACACGACAAGTACCT_1,0.00014372811251850903
P1TLH_ACCGTAACACAACTGT_1,0.0001436976727201539
P4TLH_CTGAAACTCTGCCCTA_1,0.00014369181202013217
P4TLH_AAACGGGAGGCGTACA_1,0.00014368991795152706
P3TLH_TTTGGTTTCGCGATCG_1,0.0001436613721472663
P4TLH_CACCAGGAGTTGTCGT_1,0.00014358257123533378
P5TLH_GCATGATGTCGTTGTA_1,0.00014357085852528318
P3TLH_CCACGGAAGGGCTCTC_1,0.00014354920412464091
P2TLH_CACATAGCACGCATCG_1,0.00014354723286146503
P2TLH_GGAGCAAGTCCAACTA_1,0.0001435101463422352
P3TLH_GCGGGTTAGTACGTAA_1,0.0001434972367483652
P3TLH_CCCTCCTCAAGCCGTC_1,0.0001434755118978808
P4TLH_GTATCTTTCGTATCAG_1,0.0001434678245054482
P2TLH_CTGCTGTGTGCCTGCA_1,0.00014341005307600495
P1TLH_GCAAACTAGCTAGTGG_1,0.00014336599517059435
P3TLH_GAACATCCATTGGGCC_1,0.0001433438431722415
P3TLH_GCGCAGTTCTAACTCT_1,0.00014333972420770564
P5TLH_GAATGAACACAGAGGT_1,0.00014320463148316618
P4TLH_CTAGCCTGTCTAGGTT_1,0.00014317248735562223
P1TLH_ACAGCTATCGGTGTCG_1,0.00014315285768052056
P1TLH_TCTTCGGGTGCGAAAC_1,0.00014304685961336665
P5TLH_CCACTACTCTTCGGTC_1,0.00014293691816656923
P1TLH_CGCCAAGCACTGCCAG_1,0.00014293241543776166
P5TLH_CTCTAATGTACCGGCT_1,0.00014290147778331193
P2TLH_CATCGAAAGCGCTTAT_1,0.00014287168659624184
P4TLH_ACATACGAGATGCGAC_1,0.000142768992119084
P4TLH_GCGCAACAGCCAGGAT_1,0.00014275432714018076
P3TLH_CACAGTAGTAGGCTGA_1,0.00014271855437722136
P3TLH_GCTGCGAAGCTCCTTC_1,0.00014265405508805552
P3TLH_CCCAATCCACATGTGT_1,0.0001425961525570986
P5TLH_AGTTGGTGTTCAGTAC_1,0.00014257672114809355
P5TLH_TCAACGATCCGGCACA_1,0.00014256417176567636
P3TLH_AACACGTCAGCTGCTG_1,0.00014254889225940104
P1TLH_GAGTCCGCAGGTTTCA_1,0.00014233931362115946
P4TLH_CATGACAAGCCGCCTA_1,0.00014227566648120855
P5TLH_GACTACATCATGGTCA_1,0.00014225984432794265
P3TLH_AACTCAGTCTACTTAC_1,0.0001421971639686395
P2TLH_AGAATAGTCCACGTGG_1,0.00014213639754311706
P5TLH_CACTCCACAATAACGA_1,0.00014213581475194876
P1TLH_ATTCTACTCTGCCAGG_1,0.00014209701773265396
P4TLH_TATCAGGGTCCGAGTC_1,0.00014203381757561334
P5TLH_TAAGTGCTCTGCGTAA_1,0.0001418856506756036
P4TLH_TTTGTCAGTGAACCTT_1,0.00014168063267954947
P1TLH_GCAGCCATCTCCCTGA_1,0.00014167707360032258
P2TLH_ATCATGGCATGCAACT_1,0.00014146184682294418
P2TLH_CTACACCTCTATCGCC_1,0.00014143391115787243
P4TLH_CTCCTAGTCGTAGGTT_1,0.00014141906724679184
P4TLH_CAGCGACTCGCCCTTA_1,0.00014137191199037582
P5TLH_ACACTGAGTATTCTCT_1,0.00014129575112391583
P3TLH_CACAGGCAGACTGTAA_1,0.0001412492500819816
P3TLH_CGCTGGACAATCACAC_1,0.00014105808825608105
P4TLH_AAACGGGGTCATACTG_1,0.00014094667705005098
P3TLH_AGTTGGTAGAGACTAT_1,0.0001408943090388089
P2TLH_CCCTCCTTCTTCCTTC_1,0.00014086749927133958
P5TLH_GGGATGAAGCTACCGC_1,0.00014085211777525137
P3TLH_TAGAGCTGTGGGTATG_1,0.00014085054468079624
P5TLH_TGGCCAGCAAACCTAC_1,0.00014077313204813007
P2TLH_AAGGTTCTCCGCAAGC_1,0.00014076848724819106
P2TLH_TGTTCCGAGACGACGT_1,0.0001406487101209903
P3TLH_TGGGAAGAGAGCAATT_1,0.00014057068701101762
P4TLH_ACCGTAATCGGAAATA_1,0.0001404675888145762
P2TLH_CGGAGCTTCGAGGTAG_1,0.00014043338055136332
P3TLH_AAACGGGAGGGTCGAT_1,0.00014041450191919636
P5TLH_ACATACGGTCCGAATT_1,0.00014036677145239353
P3TLH_TTAGGACAGGTAGCCA_1,0.00014035159916359803
P3TLH_AACCATGCATTACCTT_1,0.00014005058802901504
P1TLH_TCAGATGGTCTTGTCC_1,0.00013999642544452746
P1TLH_GTCTCGTTCCTTCAAT_1,0.0001399702366760555
P3TLH_TACTCGCCATGTAAGA_1,0.0001399481519060138
P5TLH_CATCCACAGAGTCTGG_1,0.0001399050349285856
P4TLH_GATCGATCAGCATGAG_1,0.00013988933233404492
P2TLH_TCTGGAAGTCCGAATT_1,0.00013950267776621873
P3TLH_ACGCCGACACGAAAGC_1,0.00013947676497874585
P3TLH_ATCCACCGTGACGCCT_1,0.00013935946196363342
P4TLH_CGTGTAATCATGGTCA_1,0.0001393202654128632
P5TLH_GATCGCGCAATCCGAT_1,0.00013919900949822345
P2TLH_CACATTTGTAGCTTGT_1,0.00013913492052207907
P1TLH_CAACTAGCACACGCTG_1,0.00013903084829341766
P1TLH_GGGAATGCACAGCGTC_1,0.00013891973647981882
P5TLH_CGAATGTTCGCTGATA_1,0.00013891652731968184
P5TLH_TTAACTCGTTGGTTTG_1,0.00013891371660324972
P3TLH_CACAGGCCAGAGTGTG_1,0.000138866821793646
P4TLH_AAGCCGCAGGGTGTGT_1,0.00013882527928812396
P4TLH_AGCGGTCAGGCAATTA_1,0.00013862324687520947
P5TLH_CGTCAGGTCTATCCCG_1,0.00013861449567729897
P1TLH_CTAATGGTCTAGCACA_1,0.00013859040494709822
P2TLH_ATTGGTGTCTTCTGGC_1,0.000138578550554154
P4TLH_GTGTGCGCACAAGTAA_1,0.0001385406801734396
P1TLH_TGGGAAGTCAGTTTGG_1,0.00013845859806719028
P5TLH_GCATGATGTAGGAGTC_1,0.00013843553860333333
P3TLH_GCAGCCACAAGGACAC_1,0.0001384169031144921
P4TLH_GGCAATTTCTGCCAGG_1,0.00013834207908095536
P3TLH_CGTAGGCCAAGGTGTG_1,0.00013827972166820024
P3TLH_CCTTCGATCACGGTTA_1,0.00013827511073556027
P1TLH_CGCGTTTAGAGGTACC_1,0.00013824664648785315
P5TLH_GTGCAGCAGGAATGGA_1,0.00013823471524055967
P5TLH_CAGCTAAAGTCGAGTG_1,0.00013821263531251402
P5TLH_GGACGTCTCGAATGGG_1,0.00013818171590625593
P3TLH_GTTTCTAAGATCCTGT_1,0.0001381342707731496
P1TLH_GATGAAATCAACGGGA_1,0.00013797170424753133
P4TLH_CATTATCGTGGCGAAT_1,0.00013796286175781205
P3TLH_CATCAAGTCGTTGACA_1,0.0001378192963994223
P2TLH_ATAAGAGCAACGCACC_1,0.00013774956583700724
P1TLH_TCCACACCACCACCAG_1,0.0001377369907920401
P3TLH_GATGCTAAGAGGGCTT_1,0.00013772050998313399
P5TLH_CAGCGACAGAGTAATC_1,0.00013770393392596082
P1TLH_CCACCTATCATCTGTT_1,0.00013763412764366352
P3TLH_CGAATGTCATCAGTCA_1,0.00013763101682255714
P3TLH_AACTCTTCAAGACACG_1,0.00013755136871425148
P3TLH_AACGTTGGTCCGACGT_1,0.00013753005676089733
P5TLH_CGAATGTTCCCGGATG_1,0.0001375151790446754
P3TLH_TTTACTGGTAGTACCT_1,0.00013751262555306904
P5TLH_AAGGTTCGTTTGTTGG_1,0.0001374891499685142
P3TLH_ATCACGATCTGACCTC_1,0.00013748803382713018
P4TLH_AGTTGGTGTTGAACTC_1,0.00013748407488601357
P4TLH_CATCAGACATCGTCGG_1,0.00013746279821936979
P2TLH_TTTATGCAGTGACTCT_1,0.00013745916942227473
P2TLH_TTGCCGTCATCTATGG_1,0.00013739948677774568
P2TLH_TACGGATCAATGAAAC_1,0.0001373876556032565
P3TLH_CTGAAGTCAAAGCGGT_1,0.00013723349651911728
P4TLH_AGTTGGTCAGCCTATA_1,0.00013720362700741712
P3TLH_ACTGTCCCACTGAAGG_1,0.00013699836230743226
P5TLH_AACTTTCCAGCTCGAC_1,0.00013693691644877108
P5TLH_GGCTGGTTCGGTGTCG_1,0.00013688348190254608
P1TLH_GACTAACCAAGCGATG_1,0.00013687802432958677
P4TLH_AGCGTCGCACGGTTTA_1,0.00013684722663245916
P5TLH_TAGGCATTCAACCATG_1,0.0001368439525405463
P3TLH_ATTGGTGGTAGGGTAC_1,0.00013675781952248188
P5TLH_CTCAGAACATTACGAC_1,0.000136700995599163
P3TLH_TAAGCGTGTAGGACAC_1,0.00013658876266742852
P4TLH_GTTCATTAGAGCTGCA_1,0.000136582705726679
P4TLH_AGATCTGTCGTCGTTC_1,0.00013653656505957198
P1TLH_AACTCTTCAGACAAGC_1,0.0001365048370967071
P3TLH_TCGTAGACATTACGAC_1,0.00013638988397838496
P3TLH_GACACGCAGCTAGTTC_1,0.00013637929099817383
P4TLH_CCTACCACAAGCGCTC_1,0.00013636848963377617
P2TLH_TATCAGGCATGCTGGC_1,0.00013634344266294903
P2TLH_GTCATTTTCAGAAATG_1,0.0001362816698069263
P4TLH_CAAGAAATCCGTCAAA_1,0.00013624695455693469
P4TLH_GCGCAGTAGGCTACGA_1,0.0001362067474410332
P5TLH_GTCCTCATCCAAACAC_1,0.0001360773275084891
P5TLH_GGTGCGTTCACAAACC_1,0.00013607366778312175
P3TLH_GTGGGTCCACTTCTGC_1,0.00013605868814312795
P5TLH_AGTTGGTTCTCTTGAT_1,0.0001360092730692413
P2TLH_TTTCCTCTCCGCAGTG_1,0.0001359847512291268
P5TLH_ACGCCGAAGAAACCGC_1,0.00013596338224745674
P3TLH_ATCCGAAAGAGGGCTT_1,0.0001359161340241846
P3TLH_CTAGTGACATGATCCA_1,0.00013585996153433116
P3TLH_TTTGCGCAGAGATGAG_1,0.0001358508395853532
P4TLH_ATAACGCTCCGCGTTT_1,0.0001358192360405317
P3TLH_GTTAAGCAGACACGAC_1,0.0001357204666853442
P3TLH_GACCAATGTACCGCTG_1,0.00013551651769645135
P5TLH_ACTTACTCATCACCCT_1,0.00013547684323388207
P1TLH_AAAGTAGCAGACGTAG_1,0.00013535692855465574
P3TLH_GGACATTTCGTGACAT_1,0.00013531281491312386
P2TLH_GCTGGGTTCGGCGGTT_1,0.00013521701051043698
P1TLH_TAGTGGTCAGCCTGTG_1,0.00013519062937892085
P3TLH_CTACACCTCTTGTTTG_1,0.00013517729157678734
P1TLH_CATGACAGTTGGTAAA_1,0.00013513215419469395
P2TLH_TCACAAGTCTTCATGT_1,0.0001351248777492271
P5TLH_GTCACAAAGTGTCTCA_1,0.00013506843607413867
P2TLH_CTACCCACACTTACGA_1,0.00013505850118916167
P5TLH_AGGCCACGTTCGGCAC_1,0.00013503145216808209
P3TLH_CGTTGGGGTCACCCAG_1,0.00013500942040085013
P5TLH_GCATACAAGCCAGAAC_1,0.00013499518256810482
P3TLH_CAGCTAATCATGCTCC_1,0.00013497679729843612
P3TLH_TGGGAAGGTCTAGAGG_1,0.0001347449189035873
P5TLH_ACCTTTAGTTTAGGAA_1,0.0001345899165981098
P3TLH_GATGCTATCGGTTAAC_1,0.00013456676395989258
P3TLH_CGAGCACCAAGCTGTT_1,0.00013451733484712058
P2TLH_ACAGCCGTCTTGTTTG_1,0.00013449505399932023
P5TLH_CAAGTTGCATCAGTAC_1,0.0001342883340542303
P3TLH_GTCAAGTCATAGTAAG_1,0.0001342865789075502
P5TLH_CGAATGTAGAGGTAGA_1,0.0001342738624294206
P3TLH_ACTGAGTTCCAAACTG_1,0.00013426558077451014
P5TLH_TAGAGCTAGGAACTGC_1,0.00013422611878689047
P5TLH_TCAGCAATCATGTCTT_1,0.00013387475459127334
P5TLH_CCGTGGACAAGTCTGT_1,0.00013386697452744584
P1TLH_ACGCAGCTCTCGCATC_1,0.0001337834898693773
P2TLH_CTCATTATCATGTGGT_1,0.0001337418764986163
P5TLH_ACACTGAAGTACGTAA_1,0.00013367815259676135
P5TLH_TACTCATAGCGTTTAC_1,0.00013367193436637976
P1TLH_GCATGTATCGGTGTCG_1,0.00013367005608824306
P4TLH_AACTGGTAGCCACGCT_1,0.00013361315389351917
P3TLH_ATCATGGGTCCGAATT_1,0.00013349280977225866
P5TLH_ACGTCAACAGGCTCAC_1,0.00013343047806311075
P3TLH_ACGATACAGTTAAGTG_1,0.0001333549074355381
P1TLH_ATGTGTGAGAGTAAGG_1,0.00013327879526754569
P4TLH_CTCTACGAGACGCTTT_1,0.00013316457125605512
P4TLH_CAGCGACGTCCCTACT_1,0.0001331261394680975
P5TLH_ATAACGCCATGCAACT_1,0.00013309995801204415
P3TLH_ACTTGTTGTCGGCACT_1,0.0001329501066536768
P5TLH_CACAAACGTTCCGTCT_1,0.000132923855496557
P4TLH_ACCAGTACAACTGCTA_1,0.00013291539221278894
P1TLH_CTGCCTAGTTCCTCCA_1,0.00013286134768885325
P4TLH_CGAACATAGGAACTGC_1,0.0001328054630295197
P5TLH_TGGTTAGCAGCTGGCT_1,0.00013278528266449108
P3TLH_GGGAGATCACGCTTTC_1,0.00013277772832175698
P3TLH_AACGTTGAGTTAGGTA_1,0.00013274564875823613
P5TLH_CGGACACAGAGCTTCT_1,0.0001327220294228131
P4TLH_CTAGAGTTCCTTGCCA_1,0.00013262213489962545
P2TLH_TTGACTTGTTGTCTTT_1,0.00013259619746627197
P5TLH_CAAGAAATCCTTGGTC_1,0.00013256306482221613
P1TLH_ACTGAACGTGAGGCTA_1,0.0001325604972005432
P5TLH_CCCATACAGTACGTAA_1,0.000132493350790459
P1TLH_GACTACATCGGAAACG_1,0.00013248658410344285
P3TLH_CGATGTATCAAACAAG_1,0.00013246777590580878
P5TLH_GCTTGAATCCACTCCA_1,0.00013241239366769145
P1TLH_TCACGAATCGGCCGAT_1,0.0001323456786731555
P2TLH_ATTCTACGTCGAATCT_1,0.00013229004392337546
P2TLH_ACATACGCAGACTCGC_1,0.00013224309603312954
P3TLH_ACGAGGACACCGCTAG_1,0.0001322411714758166
P3TLH_ATGCGATTCTAACTGG_1,0.00013223749776300004
P1TLH_TTCTACAAGGAGTCTG_1,0.0001320197954617887
P5TLH_CCGGTAGTCGGCGGTT_1,0.00013198083986867555
P3TLH_AACGTTGTCGGCTTGG_1,0.0001319569458241315
P4TLH_GCAATCATCTGTCTAT_1,0.0001318404924091246
P2TLH_ACTTGTTTCCGCAAGC_1,0.00013177012587247094
P1TLH_AACGTTGCAGCCACCA_1,0.000131763919883825
P5TLH_CGACTTCGTCTCAACA_1,0.00013173412948077725
P5TLH_GTCGTAATCACTTATC_1,0.00013161098425274582
P3TLH_AGAATAGGTAAGAGAG_1,0.00013155802945137736
P5TLH_CTACCCAAGATGGCGT_1,0.00013154985056731773
P3TLH_GAAACTCGTCCGTGAC_1,0.00013151176585272226
P3TLH_CGTTCTGCAGCTGTGC_1,0.00013148712894420287
P4TLH_GGGAATGAGACAGACC_1,0.00013146347493066737
P5TLH_GTTCGGGCACGACGAA_1,0.0001314048687124096
P2TLH_CTACATTCAGGTTTCA_1,0.00013134966335567777
P3TLH_GTCACGGAGCGTTTAC_1,0.0001312468221343301
P5TLH_TGTGGTAGTTCTGGTA_1,0.00013122853959072724
P5TLH_GCTGCGATCCAGTAGT_1,0.00013122850863888546
P3TLH_CGACCTTAGACAATAC_1,0.00013118266215419
P3TLH_TGGCGCAAGCATGGCA_1,0.00013114430975899916
P5TLH_TATGCCCCATGACATC_1,0.00013112111848248472
P3TLH_CTCGTCAGTGATAAGT_1,0.00013111705250882063
P4TLH_CATATGGTCTGGGCCA_1,0.00013103832630284213
P1TLH_ATGGGAGGTGGGTCAA_1,0.00013101032809710768
P3TLH_TTATGCTTCCTTCAAT_1,0.000130949838310763
P4TLH_CGGAGTCGTTCATGGT_1,0.00013087668127890288
P3TLH_CTACGTCAGGATGCGT_1,0.0001307553683492331
P4TLH_GAATGAATCTTGAGGT_1,0.00013075362605709497
P1TLH_CAACCTCCATGAACCT_1,0.00013075183827866994
P3TLH_CGGAGCTGTTCCACTC_1,0.00013075151557689755
P3TLH_GCGACCAGTTACGCGC_1,0.00013074710671570936
P3TLH_CTGAAACCAATTCCTT_1,0.00013072341507209946
P3TLH_AAGGCAGAGGAGTAGA_1,0.00013071846400008723
P4TLH_GCGGGTTTCTAAGCCA_1,0.00013067192651590117
P2TLH_GGATGTTCACTAGTAC_1,0.00013064393364149347
P5TLH_TCTGAGAAGATCCTGT_1,0.0001305818271232403
P3TLH_CTAGAGTTCACAATGC_1,0.00013045318884778013
P5TLH_TCCCGATGTAAGGGAA_1,0.00013044385793557542
P3TLH_TTGACTTGTCCGTTAA_1,0.0001304064348013182
P3TLH_ACCGTAATCCTGCTTG_1,0.00013028101840528185
P5TLH_GCATGATTCGTGGTCG_1,0.00013020559196176993
P5TLH_GGACGTCTCGATCCCT_1,0.0001300861876060997
P1TLH_GGACATTAGGTGATAT_1,0.0001300816619074429
P3TLH_TCTATTGTCCTATTCA_1,0.0001300557773528659
P1TLH_TACTTACCACGAGAGT_1,0.00012998745139878432
P1TLH_TAAGAGACACGGTAAG_1,0.00012991536686640247
P3TLH_CTTGGCTGTTCACCTC_1,0.00012990704191230958
P4TLH_CTCGAGGAGGTTACCT_1,0.00012987325986925222
P3TLH_TCTTTCCGTCAGCTAT_1,0.00012982673736071227
P3TLH_GTGGGTCTCGGTCCGA_1,0.0001297287174499323
P1TLH_TGACTAGGTATAGGTA_1,0.0001297234777788962
P5TLH_TGGCTGGCAATACGCT_1,0.00012971174283441485
P4TLH_TGACTAGCAGGTCCAC_1,0.00012971147925140084
P2TLH_GAAACTCTCTGTCTAT_1,0.0001297010023723332
P3TLH_TCAGCTCTCCCTAACC_1,0.0001296827459936238
P3TLH_ATTTCTGAGAACAATC_1,0.00012961179044707725
P4TLH_GACACGCCAGTTCATG_1,0.00012954759515807274
P1TLH_GAAGCAGCAGGGTTAG_1,0.0001294684210687448
P3TLH_CAGCTGGTCGATCCCT_1,0.00012944654046645498
P3TLH_CACACTCGTGTGCGTC_1,0.00012934866570474984
P3TLH_GCATGTATCTCAAGTG_1,0.00012933885569447462
P5TLH_CGAACATCAGGAATGC_1,0.00012931337539903983
P1TLH_CCTACACGTTTGTTGG_1,0.00012924995372901618
P4TLH_ACGCCAGTCAACCATG_1,0.00012924150577087306
P4TLH_ATTACTCAGACTCGGA_1,0.00012921291229297125
P3TLH_GGCGTGTTCGTTGACA_1,0.00012919732306962208
P5TLH_ACCGTAAAGATGTAAC_1,0.00012915228433679887
P5TLH_TGCTACCAGTCCCACG_1,0.00012914126438256376
P3TLH_CATTATCTCGGCCGAT_1,0.00012911412672263298
P2TLH_GATCGCGGTCAATGTC_1,0.00012910154677887365
P3TLH_CATCGGGTCAACGGGA_1,0.00012906964415880802
P1TLH_TGCGCAGGTCAGAAGC_1,0.0001289452355892049
P1TLH_GTGCGGTAGTCAATAG_1,0.0001289048329856897
P3TLH_GGTGCGTGTGCATCTA_1,0.00012879385924034572
P3TLH_GCTGGGTGTCCGACGT_1,0.0001287840055405567
P5TLH_TACACGAAGCCCTAAT_1,0.0001286003141759461
P3TLH_AAGTCTGGTCGAATCT_1,0.00012860009702300956
P2TLH_GACTACACAATCACAC_1,0.00012857738144372188
P2TLH_GAATAAGTCCTGTACC_1,0.00012848256462253543
P3TLH_AGTGTCAAGCTCTCGG_1,0.0001284434022155772
P5TLH_TGGGAAGCATGCAACT_1,0.00012819871148582473
P3TLH_TCAATCTTCGTTGCCT_1,0.00012818985294591446
P2TLH_TGAGCCGAGTGAAGAG_1,0.00012812867636353048
P5TLH_CCACCTATCCCTGACT_1,0.0001281197513687345
P3TLH_TCTGGAACAAGAGGCT_1,0.00012810502090296325
P3TLH_ATTCTACGTTACTGAC_1,0.00012805414584185682
P3TLH_CCTTACGGTTGGTTTG_1,0.00012804350956246324
P3TLH_AATCCAGAGCTAGCCC_1,0.0001280347113236431
P3TLH_TGACTTTAGTCATGCT_1,0.00012799584583420682
P5TLH_GCTGCTTGTAGGACAC_1,0.00012799385762994134
P5TLH_CAGTCCTGTCGACTAT_1,0.00012789666062117466
P3TLH_CTCGAGGGTCCTCCAT_1,0.00012786310736548668
P4TLH_CTGCGGAAGCCAGTAG_1,0.00012780171952857697
P5TLH_AAGGTTCTCTTTAGTC_1,0.00012779628557331405
P1TLH_ATGGGAGCAGATCCAT_1,0.0001277942304958154
P5TLH_TGCGGGTGTCACTTCC_1,0.00012774252737609765
P1TLH_AGTTGGTTCTCCGGTT_1,0.00012772556274081947
P3TLH_TGCTGCTCAAGCGAGT_1,0.00012759827420564995
P1TLH_CCCATACCACTTGGAT_1,0.00012757932063072578
P2TLH_CAAGGCCTCAAGAAGT_1,0.00012746510650128053
P1TLH_TGAGAGGCATTCACTT_1,0.00012745214787705233
P1TLH_GCACATAAGAACAACT_1,0.00012739824702602187
P3TLH_TGAGGGAGTCAAACTC_1,0.00012739541630302922
P2TLH_TCTATTGCAGTCCTTC_1,0.00012732954135540525
P4TLH_ATAAGAGAGAAAGTGG_1,0.00012732039489367212
P5TLH_GAAGCAGGTCCGAATT_1,0.00012731234280213068
P5TLH_GCAGTTATCACAACGT_1,0.00012728268824849977
P5TLH_GGGATGATCCCATTAT_1,0.0001271353086892472
P3TLH_CTCCTAGCATGAGCGA_1,0.0001270184932692991
P3TLH_CCTAAAGGTCTGCAAT_1,0.0001268419528208167
P2TLH_CACACTCCATTCTTAC_1,0.00012680510702710185
P2TLH_GGCAATTTCAGTGTTG_1,0.00012678507880638245
P5TLH_CGCTATCTCATGGTCA_1,0.00012671660522617996
P3TLH_GCAGCCAAGAAGAAGC_1,0.00012671329112219694
P5TLH_CAACCAAAGATAGTCA_1,0.00012670288511403108
P3TLH_ACGAGGAAGAAGGTGA_1,0.00012666792907800207
P4TLH_TTAGGCATCTGTGCAA_1,0.00012659382279671955
P5TLH_CTTGGCTTCCTCGCAT_1,0.00012655613196384526
P1TLH_AGTGTCAGTAGCAAAT_1,0.0001264848610091712
P3TLH_GTTTCTACACCTCGGA_1,0.0001263885635476184
P3TLH_TGACAACGTCATCGGC_1,0.00012636446102558797
P3TLH_ATTGGTGCACAAGTAA_1,0.00012634422405016928
P4TLH_TGACTTTCAGCTCCGA_1,0.00012630263925753722
P4TLH_TCTCATACACCAACCG_1,0.00012623853886476694
P3TLH_CTAGCCTGTAGCTGCC_1,0.00012623759263163722
P3TLH_TATCTCAAGTGGACGT_1,0.0001262212680117522
P3TLH_TTTCCTCCATCACGTA_1,0.0001261773011070344
P5TLH_GCGCCAACACACCGCA_1,0.00012616768073143696
P2TLH_AGCGGTCAGTTATCGC_1,0.00012614816894800869
P3TLH_TTGCGTCGTCAACATC_1,0.0001260810206957072
P2TLH_AACTCCCCAATGAAAC_1,0.0001259780723090447
P5TLH_CACTCCACATTATCTC_1,0.00012596773293695678
P3TLH_ACTGAACGTTGATTGC_1,0.00012595110463634274
P3TLH_GAAGCAGGTAGCGCTC_1,0.00012588441786192506
P5TLH_CGATCGGAGCTCAACT_1,0.00012588436136015563
P4TLH_CAGGTGCTCTTGTCAT_1,0.00012588033423597877
P5TLH_TTCTCAACACACCGCA_1,0.00012581560443065458
P2TLH_GAACCTAAGCGACGTA_1,0.0001257471035909469
P5TLH_TCGCGAGGTTCGGCAC_1,0.00012566352852774686
P5TLH_AACGTTGAGCGTTCCG_1,0.00012563789693050044
P3TLH_TTTCCTCCAATAACGA_1,0.00012561268751809502
P3TLH_GCGCAGTAGGAGTACC_1,0.0001255954705853265
P3TLH_CGTTAGACATGGTCTA_1,0.0001255307813460076
P1TLH_TCTGGAACAGTCGTGC_1,0.00012549518850706753
P1TLH_CCAATCCTCGATAGAA_1,0.00012545447468092122
P4TLH_TGACTAGCACGTGAGA_1,0.00012530237541605028
P3TLH_CAAGATCAGAGTGAGA_1,0.00012528265696547464
P2TLH_ACCCACTAGGCTAGAC_1,0.00012527533999261102
P3TLH_TAGGCATAGTTGTAGA_1,0.00012522955203879676
P3TLH_TAAGTGCTCACTCTTA_1,0.00012520428343323913
P3TLH_TCTCATACACAGCCCA_1,0.00012515266699101598
P3TLH_CCCTCCTCATACCATG_1,0.00012511506911376291
P3TLH_GATCGCGTCACCGTAA_1,0.00012510235918357428
P3TLH_TGACAACAGCGAGAAA_1,0.00012505437660765607
P5TLH_AAGGAGCGTTGAGGTG_1,0.00012504685486588638
P2TLH_CGTGTCTCATTTGCCC_1,0.0001250188439572064
P4TLH_TCTTCGGGTAAGCACG_1,0.0001249448111954482
P1TLH_GAAATGAAGGATGTAT_1,0.00012493463462411546
P3TLH_CTCGTACGTATTCTCT_1,0.00012493276694471104
P5TLH_ACGGGTCAGTGTACTC_1,0.0001248238898506051
P1TLH_AACCATGCAGCGAACA_1,0.00012477476277959992
P4TLH_CGCGGTACATTCCTGC_1,0.00012472247062881117
P1TLH_AAACGGGGTTCGGGCT_1,0.0001247195008111797
P5TLH_TGACGGCCACAAGTAA_1,0.00012471840541531355
P3TLH_ATCATCTTCGGTGTTA_1,0.0001246763781514368
P4TLH_CCTAAAGGTCCCGACA_1,0.0001245473251466003
P5TLH_GGGTCTGCACTCAGGC_1,0.0001244539189845623
P4TLH_CTTAGGAGTTTGTTGG_1,0.00012433960580892045
P2TLH_CCATTCGGTTGGTGGA_1,0.00012431693097758747
P4TLH_TGAGCCGCATATACCG_1,0.00012428997187044477
P3TLH_AGGGATGTCCTCTAGC_1,0.00012428548455591508
P4TLH_GCACATAAGGGAAACA_1,0.0001242737792352763
P1TLH_GAGCAGAAGGTAAACT_1,0.00012417638683195057
P3TLH_AACTGGTGTTCTGTTT_1,0.00012414427444038757
P3TLH_TGCACCTAGGAATCGC_1,0.0001240438811136431
P3TLH_AGATCTGAGTAATCCC_1,0.00012400932400932413
P4TLH_ATTATCCCATTAACCG_1,0.0001239837429389178
P4TLH_GAATGAACAAGGGTCA_1,0.0001239754603607543
P5TLH_GAAGCAGGTACCGCTG_1,0.00012397421566841108
P3TLH_CTGAAACGTAGCCTAT_1,0.000123874889441588
P4TLH_CACAGGCCATTCCTCG_1,0.0001237324040238128
P3TLH_CTAAGACAGGATGTAT_1,0.00012369695569258742
P4TLH_GATGAAATCAGTACGT_1,0.00012367679720136498
P4TLH_CATCAGATCCAAGCCG_1,0.00012361229306193095
P4TLH_GAAATGAGTTGGGACA_1,0.00012358184639775375
P3TLH_CTTGGCTAGGGAACGG_1,0.00012350481159003314
P3TLH_TGCGCAGGTACAAGTA_1,0.000123473711920862
P1TLH_CGTGTAACATCCAACA_1,0.00012343499177763144
P1TLH_GGCGACTGTAGCGTCC_1,0.00012335325357017417
P5TLH_CCGGGATAGAGGGCTT_1,0.0001231145595089894
P4TLH_CAACTAGGTCCTAGCG_1,0.0001230805138511689
P5TLH_CATATTCAGTCCGTAT_1,0.00012307403795683086
P4TLH_CACATAGAGTAGCCGA_1,0.0001230450212982542
P5TLH_CGCCAAGGTCGGCTCA_1,0.00012302496057724937
P5TLH_ACGCAGCCAAGCCGCT_1,0.00012301197893960315
P5TLH_CGTCCATGTCAAAGAT_1,0.00012299237071667125
P3TLH_GTCTTCGAGATGCCTT_1,0.00012283734611343418
P1TLH_AAGCCGCAGGGCACTA_1,0.00012283221619096936
P5TLH_GGCTCGAAGGTGACCA_1,0.00012282101373179436
P4TLH_CTCGTCACATATACGC_1,0.0001227513876852801
P3TLH_GGCAATTGTGCTGTAT_1,0.00012270558802226835
P4TLH_GCGAGAAGTTTAGCTG_1,0.00012266611871888944
P5TLH_GGACATTAGTATGACA_1,0.00012261907747995518
P4TLH_CACACTCAGAGTACCG_1,0.00012261232489587293
P4TLH_AATCCAGAGCTGTTCA_1,0.00012260176753632254
P3TLH_ATCTACTCATATACGC_1,0.00012255850647733163
P3TLH_AGCTCCTAGTCAAGCG_1,0.00012255408458617477
P4TLH_ATAGACCTCGGAGCAA_1,0.0001225505099461563
P1TLH_CTACACCGTGCTCTTC_1,0.00012238737188961888
P3TLH_CCCAGTTTCCGCAAGC_1,0.00012233694050589407
P3TLH_TGAAAGAGTTCTCATT_1,0.0001222718632306665
P4TLH_TCAATCTAGCCAGTTT_1,0.00012220522155227803
P3TLH_TCGAGGCCAGTCAGAG_1,0.000122156617360045
P1TLH_AACTTTCCATACGCCG_1,0.00012210421071686537
P4TLH_CAAGAAAGTTTGTGTG_1,0.0001220800660268571
P5TLH_TTTGTCAGTCAGGACA_1,0.00012207129242394318
P4TLH_AGGTCATCACATTAGC_1,0.00012201781485004122
P1TLH_CCGGGATAGATCCCAT_1,0.0001219764024634408
P4TLH_GCATACAGTCCAACTA_1,0.00012190338018571124
P3TLH_TGAGAGGTCTCAACTT_1,0.00012187768239509118
P5TLH_GAAACTCAGGCGTACA_1,0.00012187745994263113
P3TLH_AACTCCCAGGATCGCA_1,0.00012179267257723761
P4TLH_ATCGAGTGTGTATGGG_1,0.00012178897212558517
P3TLH_TTGGCAATCCTTTCGG_1,0.00012172298021287232
P4TLH_CATCGGGGTTCGCTAA_1,0.00012168739774328324
P3TLH_GACAGAGGTCCTGCTT_1,0.00012167616731159637
P1TLH_CACACTCAGATGCGAC_1,0.00012161336292123822
P3TLH_CCTATTATCAAACGGG_1,0.00012158998524585226
P3TLH_GTAACTGTCATCTGCC_1,0.00012154920294608248
P5TLH_CAGCAGCGTGGCTCCA_1,0.00012153050020654667
P3TLH_CTAACTTGTTCGTGAT_1,0.00012152766379137033
P3TLH_ACTGATGCACGGCTAC_1,0.00012141627139834999
P5TLH_CTAATGGTCATCATTC_1,0.00012140910337022677
P5TLH_ATCTACTTCTTTACGT_1,0.00012137741890518422
P3TLH_GTTCATTAGATCCTGT_1,0.00012134223460175583
P4TLH_GTATCTTGTTCACCTC_1,0.00012127464054244734
P2TLH_GCAGCCACACTTGGAT_1,0.0001210942867774578
P2TLH_TCATTTGCAGTGGAGT_1,0.00012105439062210845
P3TLH_ACGAGGATCACTTATC_1,0.0001208804369732924
P3TLH_TACTTGTAGACGCACA_1,0.00012084636999114273
P4TLH_GAAATGATCTACCAGA_1,0.00012084103862682657
P5TLH_TACGGGCAGATCACGG_1,0.00012083027710910168
P2TLH_AGCTTGAAGGGTGTGT_1,0.00012082899464430357
P1TLH_ATGTGTGCATGACGGA_1,0.00012077873186483561
P1TLH_AGCGTCGCATGCCTTC_1,0.00012076093308657863
P3TLH_GTACTTTCACAAGACG_1,0.00012076041501152146
P2TLH_GGCCGATCAGCTATTG_1,0.00012063392422867087
P4TLH_GTCGGGTTCAACCATG_1,0.00012056006677848649
P4TLH_CTAAGACAGTAACCCT_1,0.00012055749377873495
P4TLH_GCTCCTAAGCCTCGTG_1,0.00012045666936652662
P5TLH_GACGCGTAGACTAGAT_1,0.0001204554003936064
P5TLH_TTAGGCATCACCATAG_1,0.0001204414851554599
P3TLH_AGCTCTCCACATTTCT_1,0.00012037512285683099
P3TLH_AGCTTGAGTACAGTTC_1,0.0001202433720832986
P2TLH_TGCGGGTCATTACGAC_1,0.00012016911309230923
P3TLH_AGATCTGGTTCGGCAC_1,0.00012011545556022249
P5TLH_TACTCATCATTCACTT_1,0.00012004172279489262
P3TLH_TGTGTTTCATTAGGCT_1,0.00012002825529878787
P3TLH_AGGCCACAGACGACGT_1,0.00012002332327547427
P5TLH_ATGTGTGGTAGCCTAT_1,0.00011997887695828204
P2TLH_GCACTCTAGCTAAGAT_1,0.00011996207884485671
P5TLH_TGACAACGTGCCTGCA_1,0.00011992796841288952
P2TLH_GTCGGGTCAATCTGCA_1,0.00011992762569719293
P3TLH_GGACAGAGTCTCATCC_1,0.00011987225398264262
P4TLH_AAATGCCTCGTAGGTT_1,0.0001198640028931963
P5TLH_TGTGGTATCATGCAAC_1,0.00011978891086777964
P3TLH_CAGTCCTGTACCGGCT_1,0.00011976903311130237
P2TLH_CACACAATCTCGTTTA_1,0.00011976191117637823
P5TLH_ACTATCTTCATATCGG_1,0.00011973545848725175
P4TLH_TTAGTTCTCGCGCCAA_1,0.00011973384391674207
P3TLH_CGATTGATCGGCCGAT_1,0.00011969189171723667
P3TLH_GTTCGGGAGCGAGAAA_1,0.00011965312630908225
P3TLH_CAGTAACCATAGACTC_1,0.00011964916287684983
P3TLH_ATCACGATCCAATGGT_1,0.00011937965146589638
P3TLH_AAACCTGAGTGGAGTC_1,0.00011935096130755491
P2TLH_GAAATGACAAGGACAC_1,0.00011931747435195258
P3TLH_CCCAGTTAGGCGTACA_1,0.0001193007345152175
P2TLH_CACACTCTCACTTATC_1,0.00011928298632018525
P1TLH_TATGCCCTCGTAGGAG_1,0.00011926275319041894
P4TLH_AGCAGCCAGACACGAC_1,0.00011925421886102348
P4TLH_GCACATAGTCTCTCGT_1,0.00011909854424604881
P5TLH_GTCACAAGTTAAGACA_1,0.00011907741364851828
P2TLH_CTTACCGCACCGCTAG_1,0.00011907599035798675
P3TLH_GATCGATCACAAGCCC_1,0.0001190679505656142
P3TLH_GTAGGCCAGGTACTCT_1,0.00011906336797414716
P5TLH_CCTTTCTAGCGATAGC_1,0.00011895360775631344
P4TLH_ATGAGGGCAAGTCATC_1,0.00011891183609431428
P2TLH_CGTCAGGGTTCATGGT_1,0.00011889712362614664
P5TLH_TGCGCAGAGTGTGAAT_1,0.00011889016925552108
P5TLH_ATAGACCGTCTTCAAG_1,0.00011887128804766129
P3TLH_GTTCATTAGAGCTGCA_1,0.00011875972052002665
P2TLH_CAGGTGCGTCCGAACC_1,0.00011864597492783502
P3TLH_GCTTGAAAGATGCGAC_1,0.00011860797691745776
P4TLH_GTCCTCACACATTAGC_1,0.00011852751482805009
P5TLH_CTTGGCTGTCTCCATC_1,0.00011850412891400472
P3TLH_CTGCTGTAGGTACTCT_1,0.00011848827954794802
P3TLH_TGACGGCGTCCCTACT_1,0.00011846150032916571
P3TLH_ATGTGTGCAGGTCGTC_1,0.00011842487058189732
P4TLH_GTAACGTCAATCCGAT_1,0.00011834350353816398
P2TLH_CATGGCGGTAAACGCG_1,0.00011830826249797376
P1TLH_GGTGTTATCACAGTAC_1,0.00011830459325629489
P5TLH_TGGTTCCGTAGCTTGT_1,0.00011828876662056299
P1TLH_CGCTATCTCACGAAGG_1,0.0001182860752561455
P5TLH_AGTAGTCTCTGAAAGA_1,0.00011828013464723526
P3TLH_CAGGTGCCATAACCTG_1,0.00011824151116752393
P3TLH_CCACCTAAGAGCTGGT_1,0.00011814556234563603
P5TLH_ACGAGGATCGTCTGCT_1,0.00011812466734109957
P1TLH_GGACGTCGTCTTCTCG_1,0.00011811478023269421
P3TLH_TCGTAGACACAGCCCA_1,0.00011800789058397946
P3TLH_TCGCGTTTCGAACGGA_1,0.0001180020122903689
P4TLH_GGATTACCACGGACAA_1,0.00011788289105126642
P1TLH_TCTTCGGAGAAACGCC_1,0.00011783230218785425
P3TLH_ATTGGACAGTGAATTG_1,0.0001177577990454063
P2TLH_CGAATGTAGTCCGGTC_1,0.00011766956560881358
P1TLH_GACCTGGGTTAAAGAC_1,0.00011764617172498438
P5TLH_CGGAGTCAGTGGGCTA_1,0.00011760682792700901
P2TLH_CACAAACCAAGTCTAC_1,0.00011756874459763334
P2TLH_TCGCGAGGTAGGACAC_1,0.0001175545857532984
P1TLH_GGACATTAGAGTGAGA_1,0.0001175417784132883
P1TLH_CTCGGAGAGCTGAAAT_1,0.00011753297245657382
P3TLH_GTTCGGGTCCCGACTT_1,0.00011749608326555968
P5TLH_GCGCGATGTCGCTTCT_1,0.00011748107611487168
P5TLH_CGCGTTTCAGCTATTG_1,0.00011745390160225703
P4TLH_TGGGAAGAGCTCCTTC_1,0.00011743434074392651
P5TLH_GATCGATCACACCGAC_1,0.00011743256458458573
P1TLH_CTTTGCGAGGATGTAT_1,0.00011737951541521935
P5TLH_CAGCAGCCAGACTCGC_1,0.00011735678403608691
P2TLH_CAGCTGGTCACAACGT_1,0.00011733156045579854
P5TLH_GCTTGAATCATGCAAC_1,0.00011727426127238886
P3TLH_CTGATAGTCTGTCCGT_1,0.00011724153965739246
P2TLH_GATCGTATCTGTGCAA_1,0.00011722844346877019
P4TLH_GTTCGGGGTCTAGAGG_1,0.0001170809526362861
P4TLH_CTTAGGACAGACAGGT_1,0.00011697247853077079
P3TLH_GGAATAAGTCCGTCAG_1,0.00011696089462367209
P2TLH_CCTAAAGGTGTGTGCC_1,0.00011687933353606867
P3TLH_GGATTACGTCTAGGTT_1,0.0001168279181202941
P3TLH_CATGCCTTCGTGACAT_1,0.00011668494723304956
P3TLH_TTTGCGCCAATCAGAA_1,0.00011652486724257552
P4TLH_CCTTCGACAAGCGTAG_1,0.00011652450975125119
P3TLH_CCCATACCACGAAAGC_1,0.0001164894398271334
P5TLH_TGATTTCCACACATGT_1,0.00011643967531986947
P4TLH_CTCGTCAAGTATGACA_1,0.00011633012122378926
P3TLH_TTGTAGGCAGCGTTCG_1,0.00011624360624813885
P4TLH_ACACCAAAGCAGATCG_1,0.00011618683978845922
P2TLH_CTCGAGGCATTCTCAT_1,0.00011613697052338147
P4TLH_CGTCTACGTGGCTCCA_1,0.00011602680950434035
P3TLH_AACTCTTGTATGGTTC_1,0.00011589721798000253
P3TLH_AGTTGGTCAGCCAATT_1,0.00011551696855191004
P3TLH_ACTGAGTTCGATGAGG_1,0.00011545584793095226
P4TLH_GTTCATTAGGGCTCTC_1,0.00011538253191527773
P4TLH_TCATTTGTCTGCGACG_1,0.00011534560012038529
P2TLH_CGTCCATAGCCCGAAA_1,0.00011533265199184648
P3TLH_TACGGGCTCGTCTGCT_1,0.00011533158818902433
P4TLH_TTAGTTCGTCTTTCAT_1,0.00011529945705904692
P3TLH_CATCCACTCGTACGGC_1,0.00011519395873887156
P2TLH_AACCATGGTCCGTGAC_1,0.00011518593483362112
P5TLH_AGGTCCGTCAGGTTCA_1,0.00011518431045488317
P5TLH_TGGACGCGTCATATGC_1,0.00011500326826469081
P3TLH_CCTCTGAAGTCGAGTG_1,0.0001149797570850203
P4TLH_CTACCCAGTGGTGTAG_1,0.00011497597428415679
P5TLH_TTCGAAGTCTCTTATG_1,0.00011494120118004735
P3TLH_ATAGACCCAAAGGCGT_1,0.00011493760766789108
P1TLH_TTTGTCAGTCAAAGCG_1,0.00011492388502539578
P3TLH_GCGCAACAGCGATCCC_1,0.00011490050125200445
P3TLH_TCAGGATAGGCAATTA_1,0.00011479030800656528
P3TLH_ATAAGAGCACCCATTC_1,0.00011477902895116741
P1TLH_GAAGCAGGTAGAGTGC_1,0.0001147235281806604
P1TLH_TAGAGCTAGCCATCGC_1,0.00011471214069956491
P3TLH_CGGAGTCAGATCCTGT_1,0.00011468747796986529
P3TLH_GGTGTTACAGTAAGCG_1,0.00011455720022090349
P1TLH_CTAGCCTTCCATGCTC_1,0.00011455404671966171
P1TLH_CTAACTTCATGACGGA_1,0.00011453745370753007
P5TLH_CCACTACCAGCCTTTC_1,0.00011453022969470396
P5TLH_ACGGAGAGTACTTAGC_1,0.00011426236794770266
P3TLH_CAGTAACCAGTACACT_1,0.00011420761784455044
P3TLH_TACTCATTCCCATTTA_1,0.00011414987626155422
P3TLH_GATGAGGGTGTGACGA_1,0.00011406868858613598
P1TLH_TATGCCCTCTGCCCTA_1,0.00011405822498765225
P2TLH_TTCGAAGAGCGACGTA_1,0.00011405723699671003
P1TLH_GCTTGAAAGACAAAGG_1,0.00011401657390220599
P3TLH_TTGACTTAGCCACGCT_1,0.0001140028118136951
P3TLH_CTTGGCTCAGCTGGCT_1,0.00011393270896458694
P5TLH_GGATGTTGTGCACGAA_1,0.00011389378355691937
P4TLH_CTGAAACTCTGTCTAT_1,0.00011387143598592547
P5TLH_GGCAATTGTGTATGGG_1,0.00011376688404754533
P3TLH_ACACTGAGTATCGCAT_1,0.00011365543174910975
P5TLH_ATCATCTAGGGCACTA_1,0.00011361483867156117
P2TLH_CGAATGTGTAGCGTCC_1,0.00011357962743668849
P2TLH_CTCGGGATCACTCCTG_1,0.00011353964950437727
P4TLH_GGTGCGTAGATCCCAT_1,0.00011350111568792437
P3TLH_GTTACAGTCCTAGTGA_1,0.00011346978879862954
P5TLH_GGTGCGTGTCTCTCGT_1,0.00011344684664265893
P4TLH_GATGCTAGTTTAGCTG_1,0.00011340650733175173
P3TLH_AAAGTAGTCCTTTACA_1,0.00011339068385925828
P5TLH_TATCTCAGTGGTCTCG_1,0.00011338945957136376
P3TLH_CCCAGTTTCAGCTGGC_1,0.00011332592851130921
P5TLH_GCTTCCACACCACCAG_1,0.00011326296299925475
P5TLH_TGACTAGAGGATCGCA_1,0.00011320630580768828
P3TLH_CATATTCAGCTAAACA_1,0.00011316237525685052
P3TLH_GTCTCGTAGTCCTCCT_1,0.00011308511316871387
P2TLH_GTAGTCAAGGGTATCG_1,0.00011308285246311065
P3TLH_GTGAAGGAGCGTGAGT_1,0.00011304305485613482
P2TLH_CCTACACCATCACGTA_1,0.00011304076517394705
P4TLH_CTCGAAAGTGTTTGGT_1,0.00011297884325032567
P3TLH_CCCAGTTCACGAAATA_1,0.00011297765987793779
P5TLH_CAGAGAGCAGGAACGT_1,0.00011296815037488336
P3TLH_CTGTTTACAGTGGAGT_1,0.00011296811099705276
P3TLH_TAGAGCTGTCAACTGT_1,0.00011292399438115655
P5TLH_AAGACCTGTCACTTCC_1,0.00011292201729232269
P3TLH_GCTGCAGTCGCCAAAT_1,0.0001129129444656041
P5TLH_CTAGTGACATCCCACT_1,0.00011287320893526704
P4TLH_AGCTCCTTCTGCGTAA_1,0.00011286870035160817
P3TLH_TTCGAAGAGCTCCTTC_1,0.00011278975239231744
P4TLH_TGGCGCAGTACCGTTA_1,0.00011277197534344366
P3TLH_ACACCCTCAGCCTGTG_1,0.00011265728358113819
P3TLH_CTAGCCTAGTCTCGGC_1,0.00011265642190441814
P5TLH_ATAAGAGAGATAGTCA_1,0.00011239114932118644
P3TLH_CTCCTAGCAGATTGCT_1,0.00011234789392018
P1TLH_AGATCTGTCAACACAC_1,0.00011233684581814267
P3TLH_TCGTAGAGTTAAGGGC_1,0.00011223870923951712
P3TLH_GAATAAGTCACAATGC_1,0.00011222521824589247
P3TLH_CCTTCCCTCATCGCTC_1,0.00011221379307429006
P3TLH_TCTGGAATCCTCGCAT_1,0.00011209397987561573
P5TLH_GCACTCTGTAGCGTGA_1,0.0001119777583990783
P2TLH_TCGGTAACACGGATAG_1,0.00011191552162503282
P3TLH_CGATTGAGTAGCTCCG_1,0.0001118565300635856
P1TLH_GTGTTAGTCGATCCCT_1,0.00011176713548886037
P5TLH_CTGTTTAGTCTAGGTT_1,0.00011169013322294245
P3TLH_GTAACGTAGTGTACCT_1,0.00011155970571934672
P1TLH_TCAATCTGTGACCAAG_1,0.00011154428428451851
P4TLH_GTAACGTTCTACTATC_1,0.00011151203879713593
P4TLH_TCTTCGGCACCTGGTG_1,0.00011150321694320904
P1TLH_CACATTTGTCGCGGTT_1,0.0001114463820112824
P3TLH_GCATACAAGGACGAAA_1,0.00011143174438283094
P3TLH_TCTATTGCAACAACCT_1,0.00011141300399564111
P3TLH_TTCTCAAAGTTCGCAT_1,0.00011138142412339115
P1TLH_AGCAGCCAGAGCTATA_1,0.00011130931009148113
P1TLH_TTCTCCTTCCCGGATG_1,0.00011125671028467674
P3TLH_AAGGAGCTCGGAAACG_1,0.00011117992538558374
P3TLH_GCAAACTTCTCAACTT_1,0.00011115638201149185
P5TLH_GTAACTGAGTGTCCCG_1,0.00011115562562283354
P2TLH_CGGACACTCACCGGGT_1,0.00011109360047343439
P2TLH_CAGCCGAGTCTTCAAG_1,0.00011107967428379881
P5TLH_TGAGAGGGTCTAGCGC_1,0.00011104206286042265
P4TLH_CTGTTTAGTTACCAGT_1,0.00011100960880572001
P3TLH_AGACGTTAGAAGAAGC_1,0.00011095969129613137
P4TLH_CAGTAACGTTAGGGTG_1,0.00011092884015947001
P3TLH_CAGATCAAGATTACCC_1,0.00011086091562238994
P1TLH_GACTACAAGGATGTAT_1,0.00011084428620908657
P4TLH_TTCTCCTAGCTGAAAT_1,0.000110841206701678
P3TLH_TTCGAAGTCTGCCCTA_1,0.00011083928974750016
P3TLH_GTCAAGTTCATCATTC_1,0.00011080392682106356
P2TLH_CAGAATCAGACAATAC_1,0.00011077982466506736
P2TLH_AGAGCTTTCAGGTAAA_1,0.00011076056439079799
P5TLH_ACTGATGAGGGCACTA_1,0.0001107489128032849
P3TLH_CAGGTGCAGATCTGAA_1,0.00011074478414486889
P4TLH_CTAACTTCAATCGGTT_1,0.00011062589387562081
P4TLH_TCAGGTAAGGATGTAT_1,0.00011060627331525921
P5TLH_CCTACCATCTTCGGTC_1,0.00011058494636251923
P3TLH_CGGACACGTGGGTCAA_1,0.00011052550719632239
P5TLH_GTGAAGGGTCTTGTCC_1,0.0001105200715540006
P5TLH_GTATCTTAGACCCACC_1,0.00011049024156433063
P5TLH_TTCTCCTGTCCGAATT_1,0.00011048431092516599
P2TLH_TTGGAACGTGCAGACA_1,0.00011047306074874648
P2TLH_CACACAAAGCAATCTC_1,0.00011047196876649775
P3TLH_GACGGCTTCCCAAGTA_1,0.00011046271911902453
P3TLH_CTTACCGCACACTGCG_1,0.00011041582104405718
P3TLH_GTGTGCGTCAGCTTAG_1,0.00011016885845099092
P3TLH_GATCGTAAGCACAGGT_1,0.00011015550562739039
P3TLH_AGGGTGACAGGAATCG_1,0.00011012259400457265
P5TLH_CTAGCCTCAAGACACG_1,0.00010998702875980076
P5TLH_AGTAGTCTCGGCATCG_1,0.00010997746530161487
P3TLH_CATCCACTCGGCGCTA_1,0.00010995886843452963
P5TLH_GAGGTGATCGTTGACA_1,0.00010993808772881768
P3TLH_TGGTTAGTCACATAGC_1,0.00010988504003373326
P5TLH_ACGGGTCCAGAGCCAA_1,0.00010988404940775693
P5TLH_GATCGTAGTCCGCTGA_1,0.00010975359341154233
P5TLH_TGGTTCCGTTACGGAG_1,0.00010973216839823101
P5TLH_TGATTTCTCTCTAGGA_1,0.00010971873313725518
P5TLH_CAGCATACAAGGTGTG_1,0.00010965239098823899
P1TLH_TTCTTAGAGTGTACCT_1,0.00010955363249322305
P4TLH_AGATTGCCATACTCTT_1,0.00010949097218991913
P3TLH_GCACATATCCCAAGAT_1,0.00010948936376798765
P3TLH_ACGGGTCGTAGAGTGC_1,0.00010941261130425842
P5TLH_CCGTTCAGTCGGCTCA_1,0.0001094046910973835
P1TLH_GTTCTCGAGAGACTAT_1,0.00010937587127333614
P3TLH_TCAATCTCAGCGTAAG_1,0.00010934267747340708
P2TLH_TCTGAGAGTCGCGGTT_1,0.0001093258546920809
P1TLH_CTACATTGTGTCAATC_1,0.00010930562022472132
P3TLH_CGCCAAGGTGGTCCGT_1,0.00010928937397977039
P4TLH_CGTTGGGCACTTGGAT_1,0.00010924368938067278
P3TLH_GCAAACTGTCTAGCCG_1,0.00010918984995760953
P2TLH_TACTTACTCAACACCA_1,0.00010912515954087186
P3TLH_GGGATGAAGATGCGAC_1,0.00010902918884935426
P4TLH_CGATCGGAGATGCGAC_1,0.0001089922513322707
P1TLH_TGGCGCATCCGGCACA_1,0.0001089898930293505
P4TLH_AAATGCCTCACGCATA_1,0.00010898406410217005
P3TLH_GGGAGATAGCTCCCAG_1,0.00010896585769942187
P1TLH_ATCCACCCAAGTCTAC_1,0.00010890706392691264
P3TLH_CTCAGAACAACGATCT_1,0.00010883418721911626
P4TLH_ATTGGTGTCCGCAGTG_1,0.00010882311244140391
P3TLH_AGATTGCGTCAGATAA_1,0.00010876890089500452
P1TLH_GCAGTTACAATCAGAA_1,0.00010873576883591074
P1TLH_CTCAGAATCATATCGG_1,0.00010871687933314849
P2TLH_CCTTCGAGTAACGTTC_1,0.00010871207420447828
P3TLH_TGACTAGGTTAGATGA_1,0.00010870835303707858
P2TLH_AGTGTCATCGTCGTTC_1,0.00010866191479693128
P4TLH_TGGGAAGGTGGACGAT_1,0.00010863579891206911
P4TLH_AACTTTCTCGTTTGCC_1,0.00010860803937417386
P3TLH_TGTTCCGCAGCAGTTT_1,0.00010859827879413323
P3TLH_GGGTTGCAGAAGGACA_1,0.00010857865528663191
P3TLH_CAGAATCTCTGTCCGT_1,0.00010857218144410475
P2TLH_TGACAACGTACTCTCC_1,0.00010855285510430594
P3TLH_GTGCATACATTAGGCT_1,0.00010848219080834037
P3TLH_CCTAGCTGTTCAGTAC_1,0.00010846561332477595
P3TLH_GACGCGTAGTTGTCGT_1,0.00010844369836191515
P3TLH_TGCACCTCACTGAAGG_1,0.0001084086034077189
P5TLH_ACGATACTCTGTCCGT_1,0.00010839588127441075
P3TLH_CGTTAGATCAACTCTT_1,0.00010831537387687672
P1TLH_ACTTTCAAGACTGTAA_1,0.00010830558743826702
P3TLH_GAATAAGCATCACCCT_1,0.00010819228766393458
P3TLH_GAAGCAGAGAGTCTGG_1,0.00010814132578625337
P3TLH_CAGCGACCAGCCTTTC_1,0.00010812927424907933
P3TLH_CTGAAACGTAAGAGGA_1,0.00010812415941576989
P3TLH_GCTGCGAGTCAGAGGT_1,0.00010812188940159499
P5TLH_AGCATACAGCTGCAAG_1,0.00010807303247028359
P5TLH_TCCACACTCGTAGGTT_1,0.00010804189556714614
P5TLH_GACGTGCAGTGGCACA_1,0.00010802229192567011
P3TLH_CCTACACAGCTACCTA_1,0.00010794134700403906
P5TLH_CATGGCGAGGTCATCT_1,0.00010786918656719455
P3TLH_GACTACACAGCCTATA_1,0.00010781618159829472
P5TLH_AACACGTAGGCTAGAC_1,0.00010777055756549716
P2TLH_GAATAAGGTGGCGAAT_1,0.00010770134889340259
P1TLH_ACCAGTACACGAAAGC_1,0.00010766228159404631
P3TLH_CCTACCACAAGCGAGT_1,0.00010760255506923369
P4TLH_GGGAGATCAGGCTCAC_1,0.00010758750657374732
P3TLH_GGGTCTGCAAGTCTGT_1,0.00010754765981385055
P4TLH_GTAGTCATCGTTACGA_1,0.00010746584932077039
P1TLH_CGGAGCTTCGTTGACA_1,0.00010746469555099309
P5TLH_TCACAAGCAATGGACG_1,0.00010745331975326174
P3TLH_GGACGTCAGCAAATCA_1,0.00010740517504737908
P1TLH_ACCAGTACACACGCTG_1,0.0001073960939946725
P3TLH_AACCGCGCAGCCACCA_1,0.00010736939384180226
P5TLH_CATCAAGAGCGTAATA_1,0.0001073477033661997
P1TLH_CGTGTAACATCAGTAC_1,0.00010734313813603866
P5TLH_TCCCGATGTCTTCGTC_1,0.00010731897670552191
P5TLH_ACGCAGCTCGCCTGTT_1,0.00010729842771507966
P1TLH_CGTCAGGAGGCCCTCA_1,0.00010724245304356382
P3TLH_AGCTCCTAGCCAGGAT_1,0.00010723708042974674
P3TLH_ATTCTACTCGGAGCAA_1,0.00010720893162378625
P5TLH_CACTCCATCATACGGT_1,0.00010718392595357329
P1TLH_TCAATCTGTTTCGCTC_1,0.00010705494548015837
P5TLH_GCCAAATAGAGACGAA_1,0.00010704837313276803
P5TLH_TATGCCCAGTCAATAG_1,0.0001069931653327968
P4TLH_CAGAATCGTACACCGC_1,0.00010693690422351682
P4TLH_GGGTCTGCAAGGCTCC_1,0.00010693681537865589
P5TLH_TACTTGTAGGACTGGT_1,0.00010692766867224935
P4TLH_GGGATGACAGCCTTGG_1,0.00010681399924858483
P3TLH_CTACGTCTCCTCAATT_1,0.0001068008223161907
P3TLH_CTCAGAATCGAGAACG_1,0.00010679169698558463
P2TLH_AGTGTCATCCTGCAGG_1,0.00010677266776732242
P3TLH_GCGAGAACACGGCTAC_1,0.00010672014830251489
P5TLH_TGGCCAGTCAGGATCT_1,0.0001066897001486094
P5TLH_GACTACAAGATGTGTA_1,0.00010662452607728422
P2TLH_TAAACCGTCCTTGCCA_1,0.00010659452662133301
P5TLH_CCCAATCGTCCATGAT_1,0.00010653937847280987
P3TLH_TGAGAGGCATAGGATA_1,0.00010643413020518057
P3TLH_ATCGAGTCACCCAGTG_1,0.00010625603815094312
P2TLH_TGAGGGAGTAAGGGCT_1,0.00010624752440127467
P5TLH_ATCCACCCACAGGTTT_1,0.00010623225168012175
P5TLH_ATTATCCTCTTGTACT_1,0.00010618194326984958
P5TLH_CGGACTGTCAGTACGT_1,0.00010617772056679565
P3TLH_TCCACACCATGTTCCC_1,0.0001059550317646498
P3TLH_CCTCAGTGTGGCTCCA_1,0.00010581359418125278
P2TLH_TCGGGACTCAAACCAC_1,0.00010581334989093094
P4TLH_AGATCTGAGTCTTGCA_1,0.00010561631440738816
P3TLH_GACGTTAGTAGAGTGC_1,0.00010550058687878441
P3TLH_CTTTGCGTCCTAGAAC_1,0.00010544911806147368
P4TLH_GTACGTAAGCCACGTC_1,0.00010541055988603544
P1TLH_CGAGAAGGTTATGCGT_1,0.00010537547509605883
P5TLH_GATGAGGGTTCCTCCA_1,0.00010537452882175285
P2TLH_AACCGCGCAACTGCTA_1,0.00010532677064529628
P3TLH_TAAACCGGTCCCTTGT_1,0.0001053157438357922
P5TLH_GCAGTTACAATGAAAC_1,0.00010530216935436116
P4TLH_TACGGGCAGCTGCCCA_1,0.00010527123889726803
P5TLH_GTGCAGCTCTAGAGTC_1,0.00010523388807806417
P4TLH_TGAGGGAGTTGAGTTC_1,0.00010518208510561702
P5TLH_TACTCGCAGGAATCGC_1,0.0001051699036537371
P3TLH_TTTGGTTCATTGCGGC_1,0.00010514807130138245
P3TLH_GGCCGATAGGCAAAGA_1,0.00010512322758803657
P4TLH_TACTCATCATCTACGA_1,0.00010511731672167499
P5TLH_CGCCAAGTCTTGACGA_1,0.00010509796164414753
P3TLH_AAAGCAATCCAGTAGT_1,0.0001050506250988037
P1TLH_TCGCGAGAGCTGCGAA_1,0.00010500069051788876
P2TLH_AGCGTCGCATGGATGG_1,0.00010498691179405016
P1TLH_TCGCGTTTCGTGACAT_1,0.00010496344019892786
P1TLH_GTTTCTATCAGCGACC_1,0.00010487788974401905
P3TLH_TACGGGCAGAACAACT_1,0.00010483926920185679
P4TLH_GATCGCGCAGCATGAG_1,0.00010483428326858184
P1TLH_GTTTCTAAGACATAAC_1,0.00010482501737383925
P3TLH_CGGAGTCTCGTCCAGG_1,0.0001045694212813526
P3TLH_GAGGTGATCTCGCTTG_1,0.00010454434879358579
P4TLH_TGACAACAGGCCCGTT_1,0.00010439677439981471
P5TLH_AGAATAGGTCTCTTTA_1,0.00010435442857725338
P3TLH_CGGAGCTTCTAACTGG_1,0.00010433955900684227
P5TLH_AGCTTGACAAACGCGA_1,0.00010432100701255883
P1TLH_GGGATGAAGGCGACAT_1,0.00010431014511898777
P3TLH_GGAGCAAGTTAAGAAC_1,0.00010418399508529224
P4TLH_CATATGGTCAGCTCTC_1,0.00010414577727428924
P5TLH_GTGCATATCGAATGCT_1,0.00010408356853042266
P4TLH_CATCGGGCACCAGATT_1,0.00010407506121614937
P4TLH_GAACATCTCCGAACGC_1,0.00010405157837495956
P5TLH_GACAGAGCAGATGGCA_1,0.00010403755115979638
P5TLH_GGCTGGTTCCCTCTTT_1,0.00010393225109628182
P5TLH_GCTCCTACATCGGAAG_1,0.00010389318359813037
P2TLH_GTTCTCGTCGTAGATC_1,0.0001038798319962813
P5TLH_CCACCTAAGCGTTTAC_1,0.0001038713428082072
P2TLH_TACTCATTCTAACTCT_1,0.00010386967363140739
P3TLH_GAGGTGATCATACGGT_1,0.00010386967363140739
P5TLH_AGTAGTCCAGGTCGTC_1,0.00010386518407836123
P1TLH_GAACGGATCATCGATG_1,0.00010383436671836284
P1TLH_CTGCCTATCATTTGGG_1,0.0001038098911913701
P3TLH_CGGCTAGTCTCTGCTG_1,0.00010373635181776804
P5TLH_AGGTCCGTCGCCTGTT_1,0.00010350450501764386
P5TLH_CTCTGGTGTACCGGCT_1,0.0001034237973045363
P1TLH_ACGGGCTGTGACTCAT_1,0.00010341430032365036
P2TLH_CAGCTAATCCAGGGCT_1,0.0001033750043457324
P3TLH_CTGAAGTTCGCACTCT_1,0.00010322072299129417
P3TLH_CACAGTAAGGCGCTCT_1,0.00010316809452530333
P3TLH_TGGTTAGTCAATAAGG_1,0.00010315652437601242
P3TLH_TGCGGGTAGGAGTCTG_1,0.0001031161169383541
P5TLH_GGGCACTCAGTATGCT_1,0.00010308657191810763
P1TLH_ACAGCCGCATCGTCGG_1,0.00010307710892432689
P5TLH_TCTCATATCGTTTAGG_1,0.00010301569803465955
P2TLH_CTGATAGAGCTTCGCG_1,0.0001029874233322045
P5TLH_GCGGGTTCACAGTCGC_1,0.00010294117026791163
P2TLH_CGTCACTCAGTATAAG_1,0.00010291291479162703
P3TLH_ACGATACTCCTACAGA_1,0.00010288966939173152
P5TLH_TGGTTCCCATAAAGGT_1,0.0001026740552318957
P3TLH_CGGACGTGTAAGAGAG_1,0.00010264154281571868
P5TLH_AGTCTTTAGAACTCGG_1,0.00010257207615038689
P5TLH_CCTAGCTAGATCCCGC_1,0.00010247040812835693
P3TLH_CAGCTGGGTCCAACTA_1,0.00010245777873881438
P5TLH_CAAGGCCCATGATCCA_1,0.00010244362538965782
P1TLH_GACCTGGCAAGTTAAG_1,0.0001024402247661
P2TLH_GAGTCCGCATCCGCGA_1,0.00010242218318988254
P1TLH_TGGTTAGAGTACGACG_1,0.0001023691003992672
P3TLH_AGAGCTTTCATCTGTT_1,0.00010232922691362204
P3TLH_GTGCAGCGTAGCTAAA_1,0.00010227461716340671
P1TLH_GACCTGGAGGGATGGG_1,0.00010223806504926032
P5TLH_ATCGAGTTCGTAGGAG_1,0.0001022299300126726
P1TLH_GACCTGGAGTGACATA_1,0.0001021992822292209
P2TLH_CGGGTCAAGTGCCATT_1,0.00010219523807623834
P2TLH_GGGCATCCAGATGGCA_1,0.00010207626304305925
P1TLH_TTGCCGTAGCACACAG_1,0.00010196201152981737
P5TLH_CGAGCACAGACAGAGA_1,0.00010195578100321541
P4TLH_ATCATGGAGTCCAGGA_1,0.00010195094390839986
P3TLH_CGATTGAAGCGCTTAT_1,0.00010193861445866141
P5TLH_ACGTCAAAGCCTATGT_1,0.00010183656800953469
P2TLH_TGCGTGGGTACCGAGA_1,0.00010177885686575176
P1TLH_TTGGCAACAGGCTCAC_1,0.000101738094890366
P3TLH_TCTGAGACATGGATGG_1,0.00010173547246859925
P5TLH_GCTGGGTAGTGCTGCC_1,0.00010173204405993587
P3TLH_GGACATTCACTGAAGG_1,0.00010170540275613725
P2TLH_GCTGCTTCATACTCTT_1,0.00010167943185375823
P3TLH_GTAACGTCAAGAAGAG_1,0.0001016595721789664
P3TLH_CGCCAAGGTAGCAAAT_1,0.00010163640898228909
P4TLH_GTGGGTCTCGGTGTTA_1,0.00010162164668990059
P3TLH_AGTAGTCTCAACGGCC_1,0.00010161836657884836
P3TLH_AGATTGCAGCTGCGAA_1,0.00010154728594643912
P3TLH_TCTGGAATCACCAGGC_1,0.00010154401351859772
P2TLH_ATAACGCGTATGCTTG_1,0.00010152251432182369
P4TLH_GGATGTTCAGCTGTAT_1,0.0001014979624190351
P5TLH_GACGTTACATCCCACT_1,0.00010142949259236252
P2TLH_ATCATGGTCAGAAATG_1,0.00010141489594161123
P1TLH_CGTTGGGGTATTACCG_1,0.00010136751594872407
P4TLH_TGCCCATTCTAACTTC_1,0.00010130694593705531
P4TLH_TAGTTGGTCCCATTAT_1,0.00010128810769234286
P2TLH_AACTTTCTCCCTTGCA_1,0.00010128728507377973
P1TLH_CAGCTGGCAGTTCATG_1,0.0001012520294285422
P3TLH_CGTCAGGCACACCGCA_1,0.00010118128289025498
P3TLH_TACGGTAGTCTAGAGG_1,0.0001010920440554049
P2TLH_GGGAATGTCCGCTGTT_1,0.00010105954920438546
P5TLH_ATTGGTGTCCCTAACC_1,0.0001010486936889372
P5TLH_GCGGGTTCATGGATGG_1,0.00010101183853198733
P5TLH_TGTGTTTTCTGCAGTA_1,0.00010100577925134954
P1TLH_TGATTTCCAATGGAGC_1,0.00010099137405379974
P3TLH_CCGTTCAAGTGCTGCC_1,0.00010094018011682516
P5TLH_GAATAAGCACCCTATC_1,0.00010090478250013575
P5TLH_CGTGTAAGTGTGAAAT_1,0.00010089736691927276
P3TLH_GCAAACTCAGACGCTC_1,0.00010084951905813544
P5TLH_TGCCCATAGGTAGCCA_1,0.00010079253964256053
P3TLH_TAGACCAAGCTCTCGG_1,0.00010067205731602792
P4TLH_CGTAGGCTCTATCCCG_1,0.00010066224929353503
P5TLH_CTCACACAGAACTCGG_1,0.00010063062033214363
P3TLH_CCTACCAAGTGTACTC_1,0.00010059079186228096
P3TLH_CAGCCGATCGCCTGTT_1,0.00010054292876998685
P5TLH_GAATAAGTCTCCCTGA_1,0.00010053749265632892
P1TLH_GCCTCTACACACAGAG_1,0.00010052406104734818
P5TLH_ACGGAGAGTTAAGAAC_1,0.00010049967855269057
P2TLH_CCTCTGAGTGTAAGTA_1,0.00010045864214779661
P3TLH_TACGGATGTAAACGCG_1,0.00010044308131079635
P3TLH_TCGTACCGTTCGGCAC_1,0.00010041528417785423
P1TLH_GCATGATTCGTGGTCG_1,0.00010031714833782927
P3TLH_ATAACGCCATCACGTA_1,0.00010029029959046273
P2TLH_CCTCTGAGTCCAGTGC_1,0.00010028489420071998
P4TLH_GGGTTGCTCGCCATAA_1,0.00010019218759231586
P3TLH_TGACAACTCGAGAGCA_1,0.00010015239273719395
P2TLH_GTGTTAGAGGGCTCTC_1,0.0001001034711536818
P5TLH_GCTCCTAAGAAACCTA_1,0.00010009259459026537
P3TLH_CTGCGGAGTAAAGTCA_1,0.00010001114321075913
P3TLH_CATTATCAGGCCCGTT_1,0.00010000894334391632
P3TLH_ACATGGTAGGTGACCA_1,0.0001000046276840745
P4TLH_CACCTTGTCGGACAAG_1,0.0001000021122223709
P4TLH_GAGTCCGGTCAAAGAT_1,9.999776745401699e-05
P5TLH_GTCTCGTCAGTATAAG_1,9.996125317716703e-05
P3TLH_CGAGAAGAGAGGGATA_1,9.988871657057607e-05
P5TLH_CGTTGGGGTCTCCACT_1,9.988724148319897e-05
P4TLH_CGGGTCAAGAAGCCCA_1,9.988118992462637e-05
P5TLH_TAGACCACATCCCATC_1,9.986570623638306e-05
P5TLH_CATATGGGTGAGTGAC_1,9.985455212728578e-05
P3TLH_TTTGGTTAGATGGCGT_1,9.98360142328249e-05
P1TLH_GCAGCCACAATCACAC_1,9.981823847988077e-05
P3TLH_TCTTTCCTCCTAGGGC_1,9.981595814055978e-05
P3TLH_TCAGCAAGTAACGCGA_1,9.978088210493567e-05
P4TLH_TATTACCGTAGCGCAA_1,9.977666278051844e-05
P4TLH_CACATAGCACTTAAGC_1,9.977531262402684e-05
P3TLH_TCAGGTAAGGGTTTCT_1,9.976718214218464e-05
P4TLH_CCACGGATCAACACAC_1,9.975588520635941e-05
P5TLH_TAAGAGACAGGGAGAG_1,9.975428287754414e-05
P4TLH_AAACGGGAGATATGGT_1,9.952305756943406e-05
P3TLH_CTTTGCGTCTATCCTA_1,9.950625916457796e-05
P1TLH_CTAAGACAGCGCCTCA_1,9.948765754379072e-05
P3TLH_TCAGATGAGGCCCTTG_1,9.947431134568832e-05
P5TLH_TGCTGCTAGATCGATA_1,9.936699848228574e-05
P5TLH_TATGCCCAGCTAGTCT_1,9.933490409333785e-05
P5TLH_AACTGGTTCCCATTAT_1,9.933019202235934e-05
P2TLH_CGTAGCGAGATCCCGC_1,9.930431319976778e-05
P4TLH_AGTGGGACATGCAACT_1,9.929336212385748e-05
P5TLH_GGAATAAAGCAATATG_1,9.926132922430702e-05
P2TLH_CGCGTTTTCCAGTATG_1,9.924292651513693e-05
P4TLH_TACACGAAGGCGACAT_1,9.91775984339165e-05
P2TLH_GAATGAACATCTCCCA_1,9.912003119791128e-05
P1TLH_CTTGGCTGTAAAGGAG_1,9.903288912344814e-05
P5TLH_GTTCGGGGTCGACTAT_1,9.896146536040779e-05
P3TLH_ATCGAGTAGAGTCGGT_1,9.881399933480128e-05
P3TLH_ATTACTCCAAACGCGA_1,9.876116973065826e-05
P2TLH_GAAGCAGCAAATACAG_1,9.875058824715357e-05
P3TLH_TCGCGTTCAAGTCTGT_1,9.873412258096248e-05
P5TLH_AGGTCATAGTGTCCAT_1,9.86483407479309e-05
P3TLH_AAGGTTCTCAGGATCT_1,9.86394967506447e-05
P1TLH_TACCTATGTTGGTGGA_1,9.863322201677564e-05
P2TLH_AGGCCACGTAGCGTAG_1,9.860388394469074e-05
P3TLH_GCAAACTCACTCTGTC_1,9.858008000815929e-05
P3TLH_GCATACACAAATACAG_1,9.857465696702396e-05
P2TLH_GCATGCGTCGTCTGAA_1,9.854891066276181e-05
P1TLH_ACGAGCCTCATAACCG_1,9.854436185412842e-05
P5TLH_ACTGTCCGTTACCGAT_1,9.846549890759005e-05
P3TLH_GGCGACTTCGTCGTTC_1,9.84114716778254e-05
P3TLH_CGAGCACGTCAGCTAT_1,9.836793645237943e-05
P4TLH_GACACGCGTCAATACC_1,9.826233508063138e-05
P1TLH_CTTCTCTAGCCAGGAT_1,9.823500304821008e-05
P1TLH_GGTGTTATCGCGTAGC_1,9.822852739080252e-05
P2TLH_CTTTGCGCAGTATCTG_1,9.819698653579478e-05
P2TLH_AGCTCCTAGCTGCGAA_1,9.819001051209268e-05
P5TLH_CTCGTACTCCTCTAGC_1,9.816886423434843e-05
P5TLH_TGAAAGAGTCAACATC_1,9.80893030767622e-05
P4TLH_TCGGGACCAAACAACA_1,9.808543961962517e-05
P2TLH_AACTCTTGTGGTACAG_1,9.807917382265617e-05
P3TLH_TCAGGATAGTTACGGG_1,9.801825075681342e-05
P4TLH_CGACCTTAGCGCCTTG_1,9.798393647233941e-05
P1TLH_GGTGTTAGTAGTAGTA_1,9.7957019096735e-05
P4TLH_TTTATGCGTCACAAGG_1,9.795485236148909e-05
P3TLH_ACCTTTATCTACTTAC_1,9.794907696795188e-05
P4TLH_GACTGCGGTAAGGGCT_1,9.789028600214077e-05
P3TLH_CGGAGTCGTCGGGTCT_1,9.780933120558075e-05
P3TLH_GATCGATAGCCCAATT_1,9.778958648461972e-05
P1TLH_CGACTTCCACTGAAGG_1,9.773039395406065e-05
P3TLH_GTAGTCAGTTATTCTC_1,9.754733893931572e-05
P5TLH_AACTTTCTCTGCAGTA_1,9.754129912650467e-05
P4TLH_AGTAGTCAGAAACCTA_1,9.752709507277867e-05
P3TLH_AGAGCGAAGCGTTTAC_1,9.750750843593811e-05
P1TLH_CACATAGCAAAGTGCG_1,9.748867209091896e-05
P3TLH_ATAAGAGCATGTAGTC_1,9.742846273470943e-05
P5TLH_GTGTTAGCATGCTGGC_1,9.740300413239506e-05
P2TLH_TTGGCAAAGTTAAGTG_1,9.739844360307889e-05
P1TLH_CGGACACAGATACACA_1,9.731805522194843e-05
P2TLH_CGGAGTCTCCGAGCCA_1,9.731418132896904e-05
P3TLH_CCAATCCTCCAGTATG_1,9.730632179611777e-05
P4TLH_AAGCCGCCAACTGCTA_1,9.730553185101451e-05
P5TLH_GTCGGGTCATACGCTA_1,9.725952391914118e-05
P2TLH_ATGGGAGAGCACGCCT_1,9.721519656674802e-05
P5TLH_GAGCAGACACCCTATC_1,9.7191038063717e-05
P3TLH_CCTTCGAAGCCTATGT_1,9.7125687305968e-05
P1TLH_GTGCGGTTCGGAAACG_1,9.711567951643393e-05
P2TLH_CAAGATCTCCTCTAGC_1,9.710486768422429e-05
P5TLH_CCTCTGAAGAGCTGGT_1,9.707235579159497e-05
P2TLH_GGACATTGTATGAATG_1,9.705673617680055e-05
P3TLH_CCTTCCCAGGAATTAC_1,9.703915207207525e-05
P4TLH_CTCGTCAGTCTCCATC_1,9.69412166394794e-05
P2TLH_GCTGCAGCAACACCCG_1,9.688018883526303e-05
P3TLH_CTGCCTATCAAAGACA_1,9.675791554763245e-05
P1TLH_GTCACGGAGTACGCGA_1,9.669799966889263e-05
P5TLH_CCTTTCTTCGTTACGA_1,9.65574799141697e-05
P3TLH_AGGGAGTCAGTGGGAT_1,9.654458514121352e-05
P5TLH_AGGGTGACACCGATAT_1,9.644177812858378e-05
P1TLH_GATCAGTCACTACAGT_1,9.641935547070505e-05
P1TLH_CGTCACTGTGTGACCC_1,9.640938870015173e-05
P5TLH_GCCTCTAGTAATAGCA_1,9.640751473437787e-05
P5TLH_GACGCGTGTACGCTGC_1,9.637675699700577e-05
P3TLH_ACTTGTTCACCACGTG_1,9.636020231123389e-05
P3TLH_GATGCTAAGGCCCTCA_1,9.627625180787858e-05
P5TLH_CATCCACAGGCGATAC_1,9.622793220283066e-05
P3TLH_TCCACACTCCTATTCA_1,9.614192017286168e-05
P3TLH_TGAAAGAAGGGTCTCC_1,9.608288088253909e-05
P3TLH_GTCAAGTAGACTTGAA_1,9.603529296834437e-05
P1TLH_GGCTGGTTCACCATAG_1,9.603234747772551e-05
P4TLH_ACTGTCCTCTGAGTGT_1,9.601606814627852e-05
P3TLH_AAGTCTGGTTGCGTTA_1,9.597511260427396e-05
P2TLH_TCTATTGAGATACACA_1,9.573277424085173e-05
P2TLH_AGATCTGGTACAGTGG_1,9.56463829787482e-05
P4TLH_AGTGGGATCAGGTTCA_1,9.563309723308985e-05
P2TLH_GCGACCAAGAGCTATA_1,9.56107419072636e-05
P3TLH_ATTACTCCATAAGACA_1,9.55708018487492e-05
P3TLH_AAGGCAGCACTGTCGG_1,9.549060433520794e-05
P3TLH_GTAGGCCAGTTAAGTG_1,9.548043272130768e-05
P3TLH_CCTCAGTCACCTGGTG_1,9.546931972962794e-05
P3TLH_CTACCCACAAGTAATG_1,9.543294827430365e-05
P3TLH_ACGAGGATCGGCGGTT_1,9.54110282472792e-05
P5TLH_ATCCGAAGTTCCAACA_1,9.537399827602112e-05
P3TLH_CGTCACTCATTGCGGC_1,9.533799634530234e-05
P3TLH_AAGGCAGAGCCACGCT_1,9.526059012936879e-05
P1TLH_AGTGAGGAGTGTGAAT_1,9.518434113143061e-05
P3TLH_TCATTACGTACGAAAT_1,9.517636781454743e-05
P3TLH_GGACAGAAGTTCGCAT_1,9.517319792084644e-05
P2TLH_GTAGTCAGTACGAAAT_1,9.516378436515458e-05
P3TLH_CTTTGCGCAGTCAGCC_1,9.513718910926568e-05
P5TLH_CAGTCCTTCCTCAACC_1,9.510821561286392e-05
P4TLH_ACATACGGTGGTCCGT_1,9.507887767567377e-05
P2TLH_GCAGTTAAGGATATAC_1,9.504739083416508e-05
P4TLH_GAGTCCGTCGAGGTAG_1,9.49988235810181e-05
P4TLH_ATCCACCCAAGTCTGT_1,9.480986540006718e-05
P2TLH_GTGAAGGGTCCGAATT_1,9.480980104001801e-05
P3TLH_ATCATCTCACATGTGT_1,9.48002517518494e-05
P1TLH_TCGTAGACAGTATAAG_1,9.474680400693349e-05
P3TLH_ACGGGCTCAGGAACGT_1,9.459033980139321e-05
P5TLH_GCGCCAATCGTAGGAG_1,9.453739571332652e-05
P3TLH_CTGTTTATCGGAAACG_1,9.452463856597716e-05
P3TLH_GATCAGTTCACAATGC_1,9.437153932568984e-05
P3TLH_CAGCTAACAAAGCAAT_1,9.433426569640701e-05
P2TLH_AGTAGTCCATTGGGCC_1,9.427831721995997e-05
P3TLH_ACTGCTCGTTCGGGCT_1,9.4240732747845e-05
P5TLH_ACACCAATCTTGTATC_1,9.422745743979583e-05
P5TLH_AGATCTGAGAGGTTGC_1,9.412723523884224e-05
P5TLH_GCAAACTGTCTTGATG_1,9.406605799995586e-05
P1TLH_ATGGGAGTCTCTAAGG_1,9.405027339458542e-05
P3TLH_AGGGATGGTAATCACC_1,9.397024275646048e-05
P4TLH_CAGTCCTGTCATCCCT_1,9.390057489818343e-05
P3TLH_TACGGATAGATCTGAA_1,9.389025772493846e-05
P3TLH_CTCGTCAAGATACACA_1,9.385479246928861e-05
P1TLH_GTACTCCCAGATGGGT_1,9.372291590100121e-05
P5TLH_TTGCGTCCAATGGTCT_1,9.372086842574618e-05
P1TLH_CCTATTAAGTGAAGAG_1,9.371261918226171e-05
P2TLH_CTCGGGACATTGCGGC_1,9.36330426465052e-05
P3TLH_AGTCTTTTCATTCACT_1,9.361801072715233e-05
P3TLH_CCGTACTGTCAGTGGA_1,9.345778661297018e-05
P5TLH_AACTCCCGTGGAAAGA_1,9.343294774896795e-05
P3TLH_GTCACAATCAATCACG_1,9.340917993713991e-05
P4TLH_TTTGTCAAGACTAAGT_1,9.335799379775133e-05
P3TLH_CCTAGCTGTTGCCTCT_1,9.326348046288842e-05
P3TLH_GGGATGAAGCGTTTAC_1,9.31797561975341e-05
P4TLH_CACCTTGAGTAATCCC_1,9.313804152474228e-05
P3TLH_TCAGCTCAGGCTCTTA_1,9.311795575170385e-05
P5TLH_GTGTTAGCACAAGTAA_1,9.306523626493255e-05
P3TLH_TAAGCGTTCGTACGGC_1,9.306423835513698e-05
P3TLH_GTTCGGGTCCACGACG_1,9.305787683311382e-05
P1TLH_CGTAGGCTCTGTCTCG_1,9.304591826685564e-05
P1TLH_ACACCGGAGGATGGAA_1,9.302506997647679e-05
P3TLH_CACAAACAGTACTTGC_1,9.293122808543427e-05
P3TLH_TGCGTGGAGACGCACA_1,9.291014415436377e-05
P3TLH_TTTGCGCAGTGGTAAT_1,9.284588913978754e-05
P5TLH_TGGTTAGTCATGTCTT_1,9.278005159435419e-05
P4TLH_CACATAGCACCCTATC_1,9.277660077975829e-05
P3TLH_TGCTGCTTCGCGCCAA_1,9.277197432698945e-05
P3TLH_CAGCATAGTCCAGTAT_1,9.268526173795741e-05
P5TLH_TAAGTGCCAGTAACGG_1,9.267739239621611e-05
P3TLH_CCTTACGGTGACGCCT_1,9.263729238156124e-05
P3TLH_ACCGTAAGTTGTCTTT_1,9.262349100995741e-05
P5TLH_CAGCTAAAGTAGATGT_1,9.257851850527228e-05
P3TLH_AGACGTTGTGCAACGA_1,9.25098022487322e-05
P3TLH_TGCGTGGAGGCTCAGA_1,9.249327032818429e-05
P1TLH_TGGCCAGGTCCGAAGA_1,9.248042781601167e-05
P5TLH_AACCGCGAGCCGTCGT_1,9.241581735465205e-05
P4TLH_AAGACCTTCTGCCAGG_1,9.24079107675251e-05
P1TLH_GGATTACAGCGTAGTG_1,9.237613267862214e-05
P1TLH_AGGGATGAGACATAAC_1,9.232925564808593e-05
P3TLH_TCATTACGTAGATTAG_1,9.218474602128686e-05
P5TLH_GACAGAGTCCCAACGG_1,9.215586411821866e-05
P1TLH_CGGACGTGTGACTCAT_1,9.214382674011123e-05
P1TLH_TCTCATATCAACCAAC_1,9.208234912603863e-05
P5TLH_GTGCATATCCATGAGT_1,9.207643037596268e-05
P1TLH_TTGCGTCCATTAGGCT_1,9.198948195786101e-05
P4TLH_GGCTCGATCAACTCTT_1,9.195991534651074e-05
P3TLH_ACATACGAGTCTCCTC_1,9.193977627293084e-05
P2TLH_GCGGGTTTCCGTCATC_1,9.191596560992885e-05
P3TLH_GAGCAGACAGTCAGCC_1,9.191033315426023e-05
P3TLH_TGAAAGATCTGCAAGT_1,9.188849670072265e-05
P5TLH_GGAAAGCTCGCGTTTC_1,9.188139036942051e-05
P2TLH_CAAGATCGTCGACTAT_1,9.182964077105036e-05
P3TLH_CGGACTGTCCTTTCGG_1,9.182469121399555e-05
P5TLH_CCTAAAGCACCTCGTT_1,9.162007109017199e-05
P3TLH_ACACCAACATAGGATA_1,9.158265556131868e-05
P3TLH_CTGATAGAGAGGTAGA_1,9.157294540860567e-05
P2TLH_TGAGGGAAGCGATATA_1,9.155946212795642e-05
P3TLH_GCTTGAACATCCTAGA_1,9.151678779105432e-05
P2TLH_AGATCTGAGCACAGGT_1,9.151656849627569e-05
P4TLH_CCTTACGCATTGCGGC_1,9.149952451950919e-05
P3TLH_GCAATCACATACCATG_1,9.146582479414622e-05
P1TLH_TCACAAGAGCTCCTTC_1,9.138188533761e-05
P5TLH_CCCATACTCAACACGT_1,9.133939075321653e-05
P5TLH_GGGCATCCATTACCTT_1,9.129098640620733e-05
P5TLH_CCACCTAAGCTAAACA_1,9.126133565052097e-05
P3TLH_AAGGAGCGTTGATTCG_1,9.119594856665996e-05
P3TLH_ATCGAGTAGCCTATGT_1,9.114225049545267e-05
P4TLH_GAACGGATCCACTCCA_1,9.107704545730556e-05
P3TLH_CACACTCTCTGAGTGT_1,9.1019843472477e-05
P4TLH_AGGTCCGAGATAGTCA_1,9.100804722123301e-05
P5TLH_CTGAAACTCTGGGCCA_1,9.099816009979888e-05
P3TLH_GGGCACTAGAGCTGGT_1,9.095522685899907e-05
P3TLH_ATGAGGGGTCATATCG_1,9.093568982476591e-05
P1TLH_CTACGTCGTAGCGTCC_1,9.086029131659705e-05
P4TLH_CGGCTAGAGCGATTCT_1,9.080458793703545e-05
P1TLH_TAGAGCTTCCGTACAA_1,9.075981686699758e-05
P1TLH_GCCTCTACATGCCCGA_1,9.067186575455585e-05
P3TLH_GGTGCGTGTTCGTGAT_1,9.061515702824846e-05
P4TLH_CGAGCACCATCCGGGT_1,9.059659693802314e-05
P5TLH_GGCAATTCATGCGCAC_1,9.058761872714752e-05
P4TLH_GAGCAGACACCATGTA_1,9.055825302832734e-05
P4TLH_CAGTCCTGTTGGACCC_1,9.049066716125994e-05
P4TLH_GCAAACTCAAGTACCT_1,9.045972239487226e-05
P5TLH_GCGACCAGTGGCTCCA_1,9.04249361409264e-05
P4TLH_CTGATCCCATTTCAGG_1,9.037773922975145e-05
P3TLH_CCTTCGATCTAACTTC_1,9.032578397277468e-05
P4TLH_TCGAGGCCAGGAATGC_1,9.031024467455578e-05
P3TLH_GCGACCATCCTGCCAT_1,9.02971858436905e-05
P3TLH_ATTCTACCAATTGCTG_1,9.029596433873216e-05
P5TLH_GATCGCGCAATGTTGC_1,9.028412067429184e-05
P1TLH_TGACTTTTCATACGGT_1,9.028135186138265e-05
P1TLH_ACATGGTGTCATCGGC_1,9.027818627797246e-05
P3TLH_TTGAACGCAAACGTGG_1,9.021927167229304e-05
P1TLH_ATGAGGGAGGAACTGC_1,9.017482380602677e-05
P3TLH_GGGTTGCAGCCCTAAT_1,9.016589541575452e-05
P3TLH_GGGAGATAGGTAGCTG_1,9.016187429806857e-05
P5TLH_TCTGGAAGTTAGAACA_1,9.010992969619624e-05
P1TLH_GTTAAGCTCTCAACTT_1,9.010477854983871e-05
P3TLH_TCACAAGCAAATTGCC_1,9.003068413175967e-05
P3TLH_AGCAGCCGTTCCGGCA_1,9.001192950949883e-05
P2TLH_CGAACATTCTGCTGTC_1,8.990984157447354e-05
P3TLH_GCTTCCATCTTGCCGT_1,8.987439939527865e-05
P1TLH_GAGTCCGAGTGAACGC_1,8.987240649894236e-05
P2TLH_GAGGTGAGTCAGATAA_1,8.979202850145116e-05
P3TLH_CACACTCCATAGTAAG_1,8.978260497088079e-05
P3TLH_TTAGTTCGTAGCGTCC_1,8.97801019755838e-05
P5TLH_TGCGCAGTCTCGTTTA_1,8.973157587608618e-05
P2TLH_AACACGTCACGGCTAC_1,8.968600865070542e-05
P1TLH_ACGGGCTTCAGTTGAC_1,8.968557716368217e-05
P2TLH_TCGTACCTCTTGTTTG_1,8.963999711420524e-05
P4TLH_TCACGAATCAACACCA_1,8.960347769316194e-05
P4TLH_TAGGCATTCAGCATGT_1,8.956162000852554e-05
P5TLH_TACTCGCCATCGTCGG_1,8.953323473034073e-05
P3TLH_GATCTAGCATGAGCGA_1,8.952281896342763e-05
P2TLH_GGACAAGGTTCGGCAC_1,8.949761567926599e-05
P3TLH_TGGCCAGAGCCCTAAT_1,8.949468527618319e-05
P3TLH_AAGACCTTCCACGTTC_1,8.946647555071856e-05
P5TLH_GGAACTTCACGGTAGA_1,8.945411964480395e-05
P2TLH_TTGTAGGCAGCCTTGG_1,8.944691770234345e-05
P2TLH_TATCTCACAGTTTACG_1,8.944478775319562e-05
P3TLH_AGGTCATAGTAGATGT_1,8.941412418083161e-05
P2TLH_GTTACAGGTCGCTTCT_1,8.9379666604268e-05
P1TLH_ACACCAACACAACGCC_1,8.933425957141447e-05
P3TLH_CTCAGAACACACCGAC_1,8.929277955429357e-05
P2TLH_CTCGGGACAGACAGGT_1,8.92721428443697e-05
P3TLH_GGACAAGTCAACGCTA_1,8.914647067401982e-05
P5TLH_TGGTTAGAGCCACTAT_1,8.914282868812618e-05
P2TLH_GTGCTTCGTACCGGCT_1,8.913875313921137e-05
P3TLH_AAACCTGTCTGGAGCC_1,8.912962618560533e-05
P5TLH_ATGAGGGAGGGCTCTC_1,8.90937012570628e-05
P4TLH_GGAACTTCAGGCAGTA_1,8.905943162756582e-05
P5TLH_GTGCTTCTCTTGCAAG_1,8.905166420678644e-05
P1TLH_ATAACGCAGAGAGCTC_1,8.898520020152971e-05
P3TLH_CCTTCCCGTGCACCAC_1,8.898486236125993e-05
P3TLH_CCGTACTCAGAGTGTG_1,8.895247616667568e-05
P3TLH_AGCTCTCGTAGCACGA_1,8.892421712289863e-05
P4TLH_CTAGAGTCAGCAGTTT_1,8.889243366338378e-05
P5TLH_CGGCTAGAGAGCCCAA_1,8.887662225440693e-05
P3TLH_CACCTTGAGCTAAACA_1,8.887196260091071e-05
P1TLH_CGTCCATTCACATACG_1,8.877488280716887e-05
P3TLH_TTGCCGTTCGATGAGG_1,8.876105403867417e-05
P2TLH_GCCTCTAAGCTCCTCT_1,8.875918183594036e-05
P2TLH_CGTCAGGCACGCCAGT_1,8.875140109772128e-05
P2TLH_ATGCGATCAAACCCAT_1,8.869016034563982e-05
P1TLH_GTGCGGTAGCCACGTC_1,8.86554188283507e-05
P3TLH_ACGCAGCAGACTGGGT_1,8.861803521372332e-05
P3TLH_ACAGCTAGTCAGATAA_1,8.859973842342135e-05
P3TLH_TACTTACCACGCATCG_1,8.853166742799209e-05
P5TLH_TGCTACCCATCTCGCT_1,8.853103457510104e-05
P3TLH_CCTTACGGTCCGAACC_1,8.848677518997718e-05
P3TLH_CGTGTCTGTAGCGTCC_1,8.842954657766086e-05
P5TLH_CGGAGCTCAACTGCTA_1,8.838132253001911e-05
P3TLH_CACAAACAGGGAACGG_1,8.83772878822153e-05
P4TLH_CCTCTGACATCACGAT_1,8.836710860544579e-05
P3TLH_ACTTACTAGCGATGAC_1,8.834451638799055e-05
P2TLH_GATTCAGTCGTCTGCT_1,8.833880743475613e-05
P5TLH_TGAAAGATCAAGCCTA_1,8.827670464265752e-05
P4TLH_CTAAGACAGGTGTGGT_1,8.826023223369802e-05
P4TLH_CAGCGACCACATGACT_1,8.819711447987587e-05
P4TLH_TCGGGACTCGAGAACG_1,8.81900312655422e-05
P2TLH_GTAGGCCCAGTAGAGC_1,8.80956942426808e-05
P3TLH_TTGCCGTTCACCCGAG_1,8.809030689889507e-05
P4TLH_TCAGCAACATTACCTT_1,8.803213685937687e-05
P3TLH_CAGATCAGTAGCGCTC_1,8.792957332750585e-05
P1TLH_TCATTTGCATGCCCGA_1,8.783410764059044e-05
P3TLH_AGCGGTCCATTGGGCC_1,8.772726853705607e-05
P5TLH_ACTGAACTCAACACGT_1,8.76054997467204e-05
P5TLH_GAAGCAGAGACAATAC_1,8.756582935289604e-05
P3TLH_ATGGGAGAGGAGTTGC_1,8.753608053029314e-05
P4TLH_GTTCTCGAGCGTTGCC_1,8.753203192503074e-05
P5TLH_CTCTAATAGGGTGTTG_1,8.752403829220694e-05
P2TLH_GTTTCTATCCGCGCAA_1,8.746297137388778e-05
P3TLH_TGGCCAGAGGAGTTTA_1,8.745548778644956e-05
P4TLH_CACATTTAGACATAAC_1,8.740980608537788e-05
P1TLH_ATTGGTGAGCTTTGGT_1,8.729215632845823e-05
P4TLH_CAGCCGACAAATTGCC_1,8.728919584877017e-05
P5TLH_CGCTGGATCATCTGCC_1,8.728627628990764e-05
P3TLH_CAGCTAATCATGTCTT_1,8.724856628143604e-05
P1TLH_AAGCCGCAGCTAGTGG_1,8.715408699551488e-05
P4TLH_AGGTCATAGGGCTTCC_1,8.71166831856621e-05
P3TLH_TGCTGCTTCTAAGCCA_1,8.709738755543251e-05
P5TLH_TCAGGTATCCAATGGT_1,8.706671435472711e-05
P5TLH_TAGGCATTCCATGAAC_1,8.700247473705921e-05
P2TLH_CGAATGTTCCACGTTC_1,8.700026322527108e-05
P5TLH_ATTTCTGCATTAACCG_1,8.697650414293583e-05
P1TLH_CCTTTCTAGCTAGGCA_1,8.694376290481271e-05
P2TLH_CGGTTAAGTCGAACAG_1,8.68957339209888e-05
P5TLH_TCTGGAACATCTGGTA_1,8.681575193184838e-05
P2TLH_GTGCGGTAGTTCCACA_1,8.678427347897315e-05
P1TLH_TTGCGTCCATGGGAAC_1,8.670696708798923e-05
P3TLH_GCGCAACCATCGGGTC_1,8.664980193997252e-05
P1TLH_GAGCAGACATTGAGCT_1,8.664783094507311e-05
P3TLH_CTTACCGGTCCAGTTA_1,8.66269452902629e-05
P2TLH_TACACGAGTTGTACAC_1,8.662099400736861e-05
P1TLH_CCTTACGTCAAGGTAA_1,8.661579568188697e-05
P3TLH_AGCTTGATCCTCATTA_1,8.652573748787744e-05
P3TLH_TTGCCGTTCGTGGGAA_1,8.647141609382978e-05
P5TLH_CACAGGCTCCCAACGG_1,8.645371182720493e-05
P2TLH_AGGTCATAGTTGCAGG_1,8.639139107754792e-05
P3TLH_ACCAGTACATTTGCCC_1,8.637524768798929e-05
P4TLH_GACGTTATCTCTGCTG_1,8.637309224138172e-05
P4TLH_GGGTCTGCAAGTCTAC_1,8.636038145635414e-05
P3TLH_CTCAGAAAGGTAAACT_1,8.635824946868135e-05
P5TLH_CCGTACTGTTTAGGAA_1,8.63340221260459e-05
P1TLH_GTTACAGGTCTCGTTC_1,8.632708644056799e-05
P4TLH_CGCTATCGTCGAACAG_1,8.63213916071021e-05
P3TLH_ACTATCTTCGTGGACC_1,8.629045278371254e-05
P2TLH_AGCGTATCAACGATCT_1,8.628358260694568e-05
P3TLH_ACAGCTACAAACAACA_1,8.61850444651175e-05
P3TLH_GTCATTTAGCTAAGAT_1,8.611161789707615e-05
P1TLH_AGGGATGTCTCCTATA_1,8.610777753125899e-05
P5TLH_ACTTGTTAGCGTAGTG_1,8.610432280276207e-05
P3TLH_TGCGTGGTCTAACGGT_1,8.608999639035957e-05
P4TLH_CTCGTCAAGCCGTCGT_1,8.608357621235754e-05
P1TLH_CTAGTGATCGCGATCG_1,8.599894978412301e-05
P3TLH_ACATACGTCCTTGCCA_1,8.598901128895963e-05
P2TLH_CAGAGAGGTTGCCTCT_1,8.5982657883619e-05
P4TLH_TGCGTGGTCTCGCTTG_1,8.596011739185119e-05
P5TLH_ACTGAACTCCTTGGTC_1,8.593600609113332e-05
P3TLH_GAAGCAGCATGTCTCC_1,8.59209908023769e-05
P1TLH_CTTGGCTAGTAAGTAC_1,8.586645306347395e-05
P5TLH_TACTTACTCCGCGGTA_1,8.581217122489776e-05
P4TLH_CATGCCTAGAGCTGCA_1,8.581179347340257e-05
P2TLH_TGACTAGGTGGTCTCG_1,8.572269660123065e-05
P3TLH_CAACCAAAGATCCCGC_1,8.572195143764254e-05
P5TLH_AACTGGTCACATCCAA_1,8.562861647170612e-05
P3TLH_GTATTCTGTCGCATCG_1,8.556939356430665e-05
P3TLH_GGCGACTGTGAAAGAG_1,8.549910969993302e-05
P1TLH_ATCTACTCAGCCACCA_1,8.547680809533589e-05
P3TLH_AAGCCGCTCAGAGGTG_1,8.543140584038654e-05
P3TLH_TGTCCCATCATCGATG_1,8.541411710464238e-05
P3TLH_ACAGCCGAGAGCTATA_1,8.538140171714807e-05
P4TLH_TATCTCAGTCGCGAAA_1,8.53617043592984e-05
P3TLH_GCGCAACAGGTACTCT_1,8.535392157190124e-05
P1TLH_CCCAGTTCACAGTCGC_1,8.535378873183387e-05
P5TLH_GTCTTCGTCAGTTGAC_1,8.533039698734233e-05
P5TLH_GGCTCGACATCGATGT_1,8.529383780470042e-05
P4TLH_ACTATCTCACCGGAAA_1,8.52890654922829e-05
P3TLH_GGGATGAGTTCGAATC_1,8.528257251621929e-05
P2TLH_CAAGATCTCGTTGCCT_1,8.525882797281816e-05
P5TLH_GTCTTCGGTATAGGTA_1,8.515918544729583e-05
P3TLH_GGCGACTCAGCCAGAA_1,8.508872114238642e-05
P5TLH_TCTGAGATCCTGTAGA_1,8.506813320471254e-05
P4TLH_CACAAACGTACCGTTA_1,8.506545694153264e-05
P3TLH_ACTGAACAGGTTACCT_1,8.503305600463444e-05
P4TLH_GAATGAAAGAGTGACC_1,8.498972659973507e-05
P4TLH_TCTTCGGAGTGGGATC_1,8.492728648145064e-05
P5TLH_CATGACATCCACGACG_1,8.487516641835841e-05
P3TLH_GGGCATCTCTAACGGT_1,8.486786067858233e-05
P4TLH_CTAGAGTCACATGACT_1,8.485374683588428e-05
P3TLH_TGACTAGAGGCAAAGA_1,8.483884295584987e-05
P3TLH_TCCACACCAAACCTAC_1,8.483710495513066e-05
P5TLH_TTGCCGTTCAGCAACT_1,8.481806563555534e-05
P5TLH_CCCAGTTAGACGCTTT_1,8.475052839766068e-05
P4TLH_TACTCATAGAAGGCCT_1,8.46819721490403e-05
P1TLH_TGGGAAGTCCGTTGCT_1,8.46819721490403e-05
P5TLH_GCATGTATCTCGTATT_1,8.46636691088652e-05
P3TLH_TTGCGTCGTCGGCACT_1,8.459250278971083e-05
P2TLH_GAAACTCGTGCACCAC_1,8.452924650193985e-05
P4TLH_GTGTTAGCATGGGAAC_1,8.451122652826477e-05
P3TLH_AGTGAGGGTCATGCCG_1,8.450809001301839e-05
P3TLH_CTAATGGTCCCTTGCA_1,8.443224992553194e-05
P2TLH_GTTACAGCAAGTAATG_1,8.440661677410002e-05
P3TLH_GTGTTAGCATGGAATA_1,8.43862392543952e-05
P4TLH_TGCCCTACATAAGACA_1,8.438468061616613e-05
P1TLH_GAACCTATCTCGAGTA_1,8.435104809401433e-05
P3TLH_GATGAGGAGCACAGGT_1,8.430004755928565e-05
P4TLH_TCCCGATCATGCAACT_1,8.422107830446039e-05
P5TLH_CTGCTGTCACCAGCAC_1,8.419925996964414e-05
P3TLH_GCATGCGGTTGCCTCT_1,8.419560654521635e-05
P5TLH_GGATTACAGCGTCAAG_1,8.416085601430406e-05
P5TLH_TGTATTCTCTTGAGAC_1,8.414554057991814e-05
P5TLH_TCCCGATTCTACTATC_1,8.403558441786937e-05
P3TLH_ATGAGGGCATTTGCCC_1,8.394723033790797e-05
P5TLH_CTGGTCTCAATAAGCA_1,8.393813268154203e-05
P4TLH_CGTAGGCAGGCTAGAC_1,8.39254080429698e-05
P3TLH_CGATGGCTCCTCAACC_1,8.386183838681967e-05
P3TLH_CGTCAGGGTCTCATCC_1,8.37917660459412e-05
P5TLH_AGTGTCAAGATATGCA_1,8.37345614402344e-05
P4TLH_TTGGCAAAGAAGGCCT_1,8.369659156906112e-05
P5TLH_CACATAGAGCACACAG_1,8.367647697752614e-05
P5TLH_TGCCAAAAGATCTGAA_1,8.366134514738636e-05
P5TLH_CAACCAACACTGTTAG_1,8.35577893053083e-05
P4TLH_CCTCAGTCATCCTTGC_1,8.353514609818507e-05
P3TLH_GTACGTAAGTAGGCCA_1,8.351374745856765e-05
P2TLH_AGACGTTAGAAACCTA_1,8.350843231786139e-05
P3TLH_ACATACGTCTGCAAGT_1,8.349203407874562e-05
P1TLH_AAAGCAAGTGTTTGTG_1,8.348247108532115e-05
P4TLH_TCTGAGAGTATGCTTG_1,8.346905158961578e-05
P5TLH_GTGCGGTGTCTAGAGG_1,8.34656958483416e-05
P3TLH_TAAGCGTGTGATGCCC_1,8.3388317103087e-05
P4TLH_TGTTCCGGTGGCGAAT_1,8.337937974440411e-05
P3TLH_TGGGAAGTCCAGATCA_1,8.332212298042708e-05
P4TLH_AAATGCCGTGTGACGA_1,8.323213620132022e-05
P2TLH_GCTGCAGCAGGATTGG_1,8.322091766093348e-05
P1TLH_AAGGAGCGTCTCGTTC_1,8.317902398926847e-05
P3TLH_GTAACTGAGTGACTCT_1,8.310537518803831e-05
P5TLH_GGACAGAAGGTACTCT_1,8.308345952044225e-05
P3TLH_CACCAGGTCAGAAATG_1,8.307136548557023e-05
P3TLH_ATGTGTGCAGGTGGAT_1,8.302176298636128e-05
P3TLH_ATCCACCGTAGGGTAC_1,8.29802125210659e-05
P4TLH_GAGTCCGGTCCGAATT_1,8.296726822893435e-05
P1TLH_CTCAGAAGTGTGACGA_1,8.292987013589718e-05
P5TLH_TAGCCGGGTATCTGCA_1,8.289669460057714e-05
P4TLH_AGCGTCGCACCGCTAG_1,8.279503179084393e-05
P5TLH_CATTCGCAGTGTCTCA_1,8.276766413680369e-05
P5TLH_ATGCGATAGGAGCGAG_1,8.275796120065464e-05
P4TLH_GTGCGGTTCATCGGAT_1,8.275486238238177e-05
P3TLH_CGGTTAACACATTCGA_1,8.266077219080929e-05
P2TLH_AGAATAGTCTCGCTTG_1,8.259678688638382e-05
P1TLH_AGGCCACCAGGTCCAC_1,8.257069754390682e-05
P1TLH_AGTAGTCAGAGCTATA_1,8.252345267450023e-05
P2TLH_CATTCGCCAAGTAGTA_1,8.249745682992913e-05
P2TLH_GGTGTTACACAAGCCC_1,8.24865090928833e-05
P3TLH_TGGCCAGGTTGATTCG_1,8.243475059029027e-05
P3TLH_CTCGGAGCATCATCCC_1,8.24337698631244e-05
P1TLH_AGCTCTCCAGGGCATA_1,8.241897617029652e-05
P3TLH_GCAAACTAGTCGCCGT_1,8.241560531298068e-05
P5TLH_ATGAGGGAGGAACTGC_1,8.239983344521461e-05
P3TLH_AAGGCAGGTGTTGGGA_1,8.239246904407018e-05
P1TLH_CATGACAAGGGCACTA_1,8.233684217501792e-05
P3TLH_AAGTCTGTCAACACTG_1,8.232236919773117e-05
P1TLH_GCAGTTATCCCTCAGT_1,8.231231299550235e-05
P4TLH_ATCTGCCAGCGTAATA_1,8.23010921702682e-05
P4TLH_CATCAAGGTGCACGAA_1,8.224639276705546e-05
P5TLH_CATTCGCAGACTCGGA_1,8.208978380305998e-05
P3TLH_CGATGGCAGTTACGGG_1,8.200898964916469e-05
P3TLH_AACTCAGTCATGTAGC_1,8.184342430297719e-05
P3TLH_TCGTAGAGTATAGGTA_1,8.180394822902941e-05
P3TLH_ACATGGTAGTTGCAGG_1,8.177761461663791e-05
P3TLH_GCGCGATCACGGTAAG_1,8.169459750718469e-05
P5TLH_TCGCGAGCAAGCTGGA_1,8.169175843027228e-05
P5TLH_CCTTCCCCACAACTGT_1,8.162194774577382e-05
P3TLH_CGAATGTCAGTGAGTG_1,8.158892973944142e-05
P2TLH_CGTAGCGAGCGCCTTG_1,8.155588426472081e-05
P4TLH_CCCAGTTCAGTGAGTG_1,8.152480209971742e-05
P2TLH_AAGGTTCAGCCAACAG_1,8.152112224488794e-05
P3TLH_CGCGTTTAGATCACGG_1,8.151151880116646e-05
P5TLH_AGCGTCGCAAATACAG_1,8.147806291474547e-05
P5TLH_TGACTAGGTACTCAAC_1,8.14230854926014e-05
P3TLH_TCACAAGAGCGTCTAT_1,8.141900212056783e-05
P5TLH_CACACAAAGAACTCGG_1,8.14064557692188e-05
P3TLH_ACATGGTAGAAACGAG_1,8.13867753235716e-05
P5TLH_TCTTTCCAGTTGAGAT_1,8.135498581126577e-05
P2TLH_TTAGGACTCAAGATCC_1,8.130844489904969e-05
P5TLH_CGGAGCTAGTGTACGG_1,8.130428095237383e-05
P3TLH_CCTCTGAGTAACGCGA_1,8.12889352118314e-05
P3TLH_CTAGTGAAGCTCCTCT_1,8.127985191105814e-05
P4TLH_CACACTCTCGGCATCG_1,8.126040200510372e-05
P5TLH_TTGCCGTCACGACTCG_1,8.125189632495085e-05
P1TLH_GACCAATAGCGTAATA_1,8.121790836556714e-05
P4TLH_CTGCCTAGTAAGAGAG_1,8.116186497304754e-05
P1TLH_CGATGTATCAAACCGT_1,8.112160947210204e-05
P1TLH_TTGGAACAGTACGCCC_1,8.110014774812983e-05
P4TLH_CTCGTCAGTGATGTGG_1,8.105104670889865e-05
P1TLH_GTTCGGGGTGAGTATA_1,8.100752158140436e-05
P2TLH_GACCTGGTCAAACAAG_1,8.100438228303857e-05
P5TLH_CTTAACTGTATGAATG_1,8.09717967248872e-05
P1TLH_GACAGAGGTCAAAGCG_1,8.096229306409483e-05
P3TLH_GATCTAGCACTTCTGC_1,8.089343000823685e-05
P2TLH_TGACAACAGGAGCGAG_1,8.083310696758089e-05
P3TLH_GGGAATGAGATGGGTC_1,8.080470867626331e-05
P3TLH_CGAACATCAATGGAGC_1,8.078752393553906e-05
P1TLH_CTACATTAGTAGGTGC_1,8.07651001381874e-05
P1TLH_GGACAGAAGGTCATCT_1,8.07461671924145e-05
P3TLH_AACTTTCTCGCGTTTC_1,8.06632039576698e-05
P3TLH_TTGAACGGTCAACATC_1,8.064584241000972e-05
P2TLH_AAGTCTGCAAGCCATT_1,8.064241860015925e-05
P5TLH_TAGCCGGGTTCGTGAT_1,8.057454298382802e-05
P4TLH_TAAACCGGTCTGCAAT_1,8.05703256557104e-05
P3TLH_CATCGGGTCACTCTTA_1,8.051061027017704e-05
P3TLH_CAGAGAGAGATCCCAT_1,8.045756693774991e-05
P4TLH_CACACTCAGGAATGGA_1,8.040952229948588e-05
P3TLH_GCGCCAAGTCTCGTTC_1,8.040952229948588e-05
P4TLH_CGGAGCTTCTATGTGG_1,8.038855921870099e-05
P2TLH_GCGCCAAGTCTCCCTA_1,8.036201151670555e-05
P3TLH_TGGCCAGTCTTTACAC_1,8.035576767002046e-05
P3TLH_CGCTGGACAAGTCTGT_1,8.034694200319444e-05
P4TLH_GTCCTCATCCGAAGAG_1,8.032098314863702e-05
P2TLH_GGTGTTAGTTGACGTT_1,8.026776429923285e-05
P4TLH_TATGCCCCAAGGTTTC_1,8.023417788185849e-05
P4TLH_GCTGCGATCTGATACG_1,8.022246020059411e-05
P3TLH_GTTCATTTCTTGCATT_1,8.020323172583803e-05
P3TLH_TGCCAAAGTAGCCTCG_1,8.015557792088057e-05
P1TLH_AGCCTAACAAGGTTCT_1,8.014564535738965e-05
P2TLH_CACACTCTCTAGAGTC_1,8.011149581159383e-05
P2TLH_GATGAAAGTCTGGTCG_1,8.011149581159383e-05
P5TLH_CGTTCTGTCATCTGTT_1,8.008810577751351e-05
P3TLH_CATCAAGTCTCTAAGG_1,8.00766082049101e-05
P2TLH_CTTGGCTCATTCCTGC_1,7.999135029869802e-05
P3TLH_CCCATACAGTGTTGAA_1,7.99643335896676e-05
P3TLH_GCGACCATCACATACG_1,7.992420333767968e-05
P4TLH_CGTCACTTCTGCTGTC_1,7.986476732668619e-05
P5TLH_TCCCGATCAGCAGTTT_1,7.984480474986042e-05
P5TLH_TACCTTATCTTCTGGC_1,7.982176402680452e-05
P5TLH_CACACAATCGTCACGG_1,7.972514848764456e-05
P3TLH_GAAATGAAGTATTGGA_1,7.970825349264733e-05
P3TLH_TTCTACAAGTCACGCC_1,7.970765962850641e-05
P3TLH_AAACCTGGTACAAGTA_1,7.970701222784733e-05
P3TLH_AAACGGGTCGGAGGTA_1,7.961370788149635e-05
P4TLH_CGGGTCAAGTGCGTGA_1,7.9545119759597e-05
P4TLH_ACGATGTCATGTCGAT_1,7.954373005277116e-05
P3TLH_ATCACGATCAGTTCGA_1,7.951041884728744e-05
P4TLH_CTAGTGAGTAGCTGCC_1,7.943810789202358e-05
P3TLH_AGCTCCTCATGTCTCC_1,7.94004499773023e-05
P3TLH_TACACGAAGGAATCGC_1,7.937934527672944e-05
P3TLH_ACGAGCCGTCGCCATG_1,7.935514444871651e-05
P3TLH_ACTGTCCCATCAGTCA_1,7.935399144988684e-05
P3TLH_CCACTACTCTGTCTAT_1,7.931162310388537e-05
P5TLH_CTGTGCTGTAAACCTC_1,7.926868880603935e-05
P3TLH_GGAGCAAAGTAAGTAC_1,7.924743952639053e-05
P5TLH_CGAGAAGAGATGTGTA_1,7.92066830592737e-05
P3TLH_CATGCCTCATAGGATA_1,7.911098959624483e-05
P5TLH_CCTACACAGACTCGGA_1,7.910049317114994e-05
P4TLH_CAGCATAGTTGCTCCT_1,7.909916706290878e-05
P3TLH_ACCGTAACACAGACTT_1,7.9092239956986e-05
P3TLH_GGACGTCCATCTATGG_1,7.905507213670046e-05
P1TLH_GAATGAAGTCGATTGT_1,7.904307546363962e-05
P3TLH_ACCAGTACATGAACCT_1,7.899152911653714e-05
P1TLH_TACGGTAAGTGTGGCA_1,7.892761103004065e-05
P3TLH_ACGGCCAGTTCAGTAC_1,7.892729965350088e-05
P1TLH_TGCTGCTCATTTGCCC_1,7.882245556598087e-05
P4TLH_TCTTTCCGTATATGGA_1,7.877978564647524e-05
P3TLH_ACCAGTAGTGCTAGCC_1,7.875556046125884e-05
P3TLH_GCTGCAGTCCGCGGTA_1,7.86914155341862e-05
P4TLH_TGAGGGAAGCAGACTG_1,7.865538878943118e-05
P3TLH_GACACGCAGCTGCCCA_1,7.863054064341687e-05
P4TLH_CAGCTAACACCAGGCT_1,7.861136166688565e-05
P5TLH_GATCTAGTCACCCTCA_1,7.859469000563675e-05
P3TLH_GTCGTAAAGAAACGAG_1,7.859230145497829e-05
P2TLH_ACTGATGCAGACAAAT_1,7.859015297673927e-05
P4TLH_GGTATTGCAATGGAGC_1,7.856045153538796e-05
P3TLH_CATTCGCAGGGTTCCC_1,7.853220908811405e-05
P5TLH_AGGGATGGTCTGCGGT_1,7.853158632985074e-05
P1TLH_ACTGATGCATAAGACA_1,7.851511815357993e-05
P5TLH_CGGAGTCAGGCATTGG_1,7.849862183510204e-05
P5TLH_TCGGGACTCAACACTG_1,7.84392993574279e-05
P3TLH_CTGTTTACAAAGGAAG_1,7.835335068085599e-05
P1TLH_CGACCTTAGCGTCAAG_1,7.83489032729979e-05
P2TLH_AGATTGCAGAAGGACA_1,7.833704079319787e-05
P1TLH_CGTAGCGTCCTTCAAT_1,7.833038084010513e-05
P3TLH_TGGCTGGTCCTCATTA_1,7.830853563038375e-05
P4TLH_CGGAGTCGTCGACTGC_1,7.830520438131015e-05
P3TLH_CCATGTCCACCAGGTC_1,7.829971129096996e-05
P3TLH_TTTGTCAGTACCCAAT_1,7.829928294040628e-05
P3TLH_TGCTGCTAGCCAGTAG_1,7.820895977228756e-05
P2TLH_AACTCAGCAAGTACCT_1,7.818818157568047e-05
P3TLH_CTAGTGACATACTACG_1,7.803941358960542e-05
P3TLH_TGCCCATGTGCAGTAG_1,7.798035522012688e-05
P3TLH_GCTGGGTCAGACGCTC_1,7.793754063859944e-05
P2TLH_ACTATCTTCCCACTTG_1,7.786175456610242e-05
P3TLH_TGTATTCGTCTTCGTC_1,7.782306518138414e-05
P3TLH_AACTCTTAGATGCCAG_1,7.779615297776144e-05
P3TLH_GTAACTGGTGTTTGGT_1,7.778697685155444e-05
P3TLH_ATCTGCCCATTTCAGG_1,7.774323088950171e-05
P2TLH_CCTTCCCCAGTCGTGC_1,7.771230924256994e-05
P3TLH_TGAAAGAGTGAGGGTT_1,7.76659222838399e-05
P3TLH_TTCGAAGAGAGACTAT_1,7.760919942284989e-05
P3TLH_TGTATTCCACCCATTC_1,7.759594410516657e-05
P4TLH_CGAGAAGCACTGTTAG_1,7.758451862411721e-05
P4TLH_CCAGCGAGTTCAGACT_1,7.754456221907944e-05
P3TLH_TACTTACCAAAGAATC_1,7.744042665670862e-05
P3TLH_TTGGAACGTTCCACTC_1,7.742351739340832e-05
P3TLH_TGGCTGGAGTGTACCT_1,7.741338553362896e-05
P5TLH_GGATGTTAGAATTGTG_1,7.736493588300491e-05
P4TLH_GTGCGGTTCTAACTCT_1,7.736222886195758e-05
P3TLH_GTCACAAAGGGTGTGT_1,7.735256383438627e-05
P5TLH_CTTACCGGTCCCTTGT_1,7.734438693492785e-05
P2TLH_TCGCGTTGTCCTCCAT_1,7.73147570712504e-05
P5TLH_ACACCCTTCCACGAAT_1,7.730997860582454e-05
P2TLH_CGTCAGGAGAGCTTCT_1,7.725609561475543e-05
P3TLH_CTCGGGACATACCATG_1,7.723771811496453e-05
P3TLH_TGAGAGGAGTGTACGG_1,7.719185906520245e-05
P3TLH_TAGTGGTTCCCTAATT_1,7.715170799192327e-05
P2TLH_TAGACCACATGGATGG_1,7.713330896084059e-05
P1TLH_CCTACACGTCGCGTGT_1,7.711589566829398e-05
P3TLH_AGAGCGATCGTGGTCG_1,7.705662402131432e-05
P5TLH_TATCTCAGTGTTCGAT_1,7.703545186239308e-05
P3TLH_TCGCGAGGTCGCATAT_1,7.696708271913815e-05
P4TLH_ACACCGGGTACTTGAC_1,7.694993782984621e-05
P3TLH_GTATTCTTCACTCCTG_1,7.693673789435346e-05
P3TLH_GCTGCGACACACCGCA_1,7.692167347775202e-05
P5TLH_TCTTTCCTCGCAAGCC_1,7.690709824602186e-05
P3TLH_TGTATTCAGAAGGGTA_1,7.682966418583402e-05
P5TLH_GCCAAATTCAGGATCT_1,7.667369541200367e-05
P3TLH_TATCAGGCATATGCTG_1,7.665317139001355e-05
P3TLH_CACAAACCAAGCTGGA_1,7.665041294060493e-05
P2TLH_AGTGGGACAGGCTCAC_1,7.661995184073544e-05
P1TLH_GTTAAGCAGGCACATG_1,7.658065755040303e-05
P3TLH_CTGGTCTGTGAGTGAC_1,7.651393415730491e-05
P2TLH_TTGACTTGTAAGGATT_1,7.646775981436195e-05
P3TLH_TAGACCACAAGTAATG_1,7.643945418181372e-05
P5TLH_TGAAAGAAGTGTGAAT_1,7.639886223933311e-05
P3TLH_TGCCCTATCAGCCTAA_1,7.638740568127839e-05
P2TLH_ATCCACCCAACTGGCC_1,7.63790847421474e-05
P1TLH_CAGCATAGTTGCGCAC_1,7.634286275468721e-05
P3TLH_CTGATCCAGAGCTATA_1,7.631250987539467e-05
P2TLH_CTCAGAACATGCTAGT_1,7.631047392119986e-05
P3TLH_CATTCGCGTAAGGGCT_1,7.63002491742459e-05
P5TLH_TGGCGCACAGGATCGA_1,7.62088585463404e-05
P3TLH_TTAGGCAAGCCTATGT_1,7.619751732032764e-05
P5TLH_TGACGGCCAGTTCCCT_1,7.618884952496807e-05
P3TLH_TTGAACGTCCCGGATG_1,7.617155579363408e-05
P2TLH_GCAGTTAAGCCTCGTG_1,7.615816425850069e-05
P4TLH_CCCAGTTGTAGCGATG_1,7.613787792369199e-05
P2TLH_ACACCCTGTGTGTGCC_1,7.613143127251323e-05
P3TLH_AACTGGTGTCTCTCGT_1,7.611120758740576e-05
P1TLH_GTCACGGAGCGACGTA_1,7.610974990725268e-05
P5TLH_TTGGCAAGTTGACGTT_1,7.592614398472886e-05
P4TLH_TTGAACGAGTTCGCAT_1,7.592446422264213e-05
P3TLH_CAAGAAAAGCGATAGC_1,7.592174321036155e-05
P1TLH_CACACTCAGATACACA_1,7.583046825748058e-05
P2TLH_CTCGGAGCATGACGGA_1,7.582004197438263e-05
P3TLH_CCTATTACAATCACAC_1,7.576760619968738e-05
P3TLH_ACTATCTCACACCGCA_1,7.559297304757583e-05
P3TLH_AGTGTCATCCTTGGTC_1,7.557937669044554e-05
P1TLH_TGACTTTAGCGTGAGT_1,7.552474778398242e-05
P3TLH_TCGTACCGTTGGACCC_1,7.548717917939976e-05
P3TLH_GCGCGATAGCGATAGC_1,7.54220031119963e-05
P3TLH_AGGGATGAGCGTAATA_1,7.541043304099773e-05
P3TLH_GATGAAAGTACCTACA_1,7.535166637860192e-05
P1TLH_AAGGTTCAGCGAAGGG_1,7.532685103071379e-05
P2TLH_TTGGCAAAGGAACTGC_1,7.531559262738053e-05
P5TLH_GCCAAATAGAAACCTA_1,7.529906132404503e-05
P5TLH_GGGAGATAGGGAACGG_1,7.525693557940564e-05
P2TLH_ACGGCCATCCGAGCCA_1,7.523009726792426e-05
P3TLH_CTGAAACAGATATACG_1,7.518517079627672e-05
P4TLH_GGTATTGAGTTCGCGC_1,7.515475358916742e-05
P1TLH_TCGTACCCATTTGCCC_1,7.515238494805638e-05
P3TLH_GTCTCGTGTATATGGA_1,7.511453300990501e-05
P3TLH_CTGATAGGTTCGTGAT_1,7.505043001312496e-05
P5TLH_TCAGATGAGGCCGAAT_1,7.504382814579804e-05
P5TLH_ACACCGGCAGTTAACC_1,7.503180720298065e-05
P1TLH_GACGCGTAGTCCTCCT_1,7.502457595644847e-05
P5TLH_TGTCCCAGTTATCACG_1,7.5012644984642e-05
P1TLH_TCTTTCCCATGTTCCC_1,7.50033234679816e-05
P5TLH_CACATAGGTGCTGTAT_1,7.497736420501262e-05
P3TLH_GAGGTGACAAAGCAAT_1,7.4957813893505e-05
P3TLH_CACACAAAGTTAAGTG_1,7.494395429610295e-05
P3TLH_CCACGGATCCCTTGCA_1,7.490455314793105e-05
P3TLH_CGCCAAGAGTTACCCA_1,7.482908942211907e-05
P4TLH_GATCGCGAGGCACATG_1,7.472955852256105e-05
P3TLH_TAAACCGTCGGAGCAA_1,7.467822565605888e-05
P3TLH_TTAACTCCAAACCCAT_1,7.460929947121973e-05
P1TLH_CCACCTAAGCGTTTAC_1,7.459630933754855e-05
P1TLH_AGATCTGCACCTCGTT_1,7.458486649143372e-05
P1TLH_CGAACATTCTACTCAT_1,7.457917117873845e-05
P2TLH_GTCGTAAAGTCCGTAT_1,7.456732592044092e-05
P3TLH_CGGACACCATGCCTAA_1,7.454233409118013e-05
P5TLH_TTGGCAAGTGATGTCT_1,7.452582427427712e-05
P2TLH_CGGACGTGTATTCTCT_1,7.449265900804448e-05
P1TLH_TCTCTAAAGACCGGAT_1,7.447134317654403e-05
P1TLH_GTGCTTCGTGCACCAC_1,7.43833215334171e-05
P4TLH_GACTGCGTCTACTCAT_1,7.427512015947652e-05
P1TLH_AAGTCTGGTCTGGAGA_1,7.425497647384891e-05
P3TLH_AGCTCTCCAACTTGAC_1,7.423749004395512e-05
P3TLH_TGTTCCGTCAATCTCT_1,7.42334335578921e-05
P5TLH_ATCATGGCAACAACCT_1,7.422113189539342e-05
P4TLH_GACTAACGTGTAAGTA_1,7.420891726402516e-05
P3TLH_AGGGTGACAGGACCCT_1,7.420671971460028e-05
P1TLH_ACAGCCGTCGGAGCAA_1,7.414833516118872e-05
P4TLH_CCTTCCCCACTAAGTC_1,7.41404715962152e-05
P4TLH_AATCGGTTCGTCTGAA_1,7.411023765085752e-05
P3TLH_GCTGCAGCATGTTCCC_1,7.404249240682418e-05
P3TLH_TGAAAGAGTGTGGCTC_1,7.403828971941474e-05
P1TLH_CTAACTTGTCCAGTTA_1,7.397649904098895e-05
P5TLH_ATCGAGTAGCTCCTTC_1,7.396760002055468e-05
P2TLH_CTCAGAACAGACAGGT_1,7.396427689129781e-05
P5TLH_CCGGTAGGTCTGATCA_1,7.394608643908488e-05
P3TLH_ACACCCTGTCGCGGTT_1,7.393808023265228e-05
P2TLH_TCTGAGACACAGCGTC_1,7.392753019575179e-05
P1TLH_GCCTCTACACCAGTTA_1,7.389751614336878e-05
P3TLH_TGACTAGGTGTAAGTA_1,7.382072031648922e-05
P2TLH_GACGCGTGTGTGACGA_1,7.379648808934576e-05
P4TLH_AAAGCAATCACAATGC_1,7.376996990305469e-05
P4TLH_CTAGTGAGTTAAAGAC_1,7.373833825431355e-05
P1TLH_CCACCTAAGGCAGTCA_1,7.368918396558096e-05
P4TLH_GACACGCCAAGTTGTC_1,7.364353730464171e-05
P3TLH_CCAATCCTCCCTCTTT_1,7.362763803094496e-05
P5TLH_CTGCTGTTCTCTGCTG_1,7.352487271013774e-05
P3TLH_TTAGGCAAGAGGTACC_1,7.351809792124695e-05
P5TLH_TACGGGCTCTAACGGT_1,7.346594437834122e-05
P1TLH_GGACATTGTCAGAATA_1,7.34553848983719e-05
P2TLH_TCACGAATCGTGGTCG_1,7.342104537474225e-05
P3TLH_AGCTCTCCACAGGCCT_1,7.342104537474225e-05
P5TLH_CCAATCCAGTGGGTTG_1,7.341396318962108e-05
P1TLH_TAGAGCTCACCGGAAA_1,7.340497066893041e-05
P2TLH_TGCCCATGTGTGGTTT_1,7.340301315213333e-05
P3TLH_CCCAGTTAGCCTATGT_1,7.336679517486755e-05
P2TLH_AACTCTTAGTTAAGTG_1,7.335652711062499e-05
P3TLH_CTGCGGAAGTGCAAGC_1,7.335361877852637e-05
P3TLH_CAGCTGGAGGTGACCA_1,7.321271605198544e-05
P3TLH_CGTAGCGCAGCCTGTG_1,7.30826709215122e-05
P4TLH_CCCAATCTCTGCAAGT_1,7.304942852209262e-05
P5TLH_TATCAGGTCCGATATG_1,7.303378812772339e-05
P3TLH_CGAGAAGGTCCGTCAG_1,7.29797959976936e-05
P1TLH_GCCAAATTCCCTTGCA_1,7.291505526846847e-05
P4TLH_CTTTGCGTCGCTGATA_1,7.290291212099939e-05
P3TLH_TTCTTAGGTACCTACA_1,7.286474545569636e-05
P4TLH_AGCCTAAGTCTGGTCG_1,7.286449670326567e-05
P4TLH_GTCTCGTAGTGCTGCC_1,7.285588217185781e-05
P1TLH_TCAACGATCTCGATGA_1,7.27994502330932e-05
P3TLH_CGATGGCCATTTGCCC_1,7.277646372743523e-05
P3TLH_CCTTCCCCAGCTCGCA_1,7.273376515042864e-05
P1TLH_TCATTACAGGAGCGAG_1,7.272840174180634e-05
P3TLH_CTGAAACAGAATCTCC_1,7.271237052019241e-05
P2TLH_GCCAAATCAAACGCGA_1,7.269805545589458e-05
P5TLH_ACGCCGATCCGCGTTT_1,7.265373745248995e-05
P2TLH_TGTATTCTCGGCTTGG_1,7.265283851727677e-05
P3TLH_TGGGCGTCATGTTCCC_1,7.265156720989359e-05
P3TLH_CATCGAACAAGCGAGT_1,7.264104388677464e-05
P3TLH_GACTGCGGTACTCGCG_1,7.263015606847679e-05
P3TLH_CCCATACCATGGTTGT_1,7.25804253205351e-05
P1TLH_TTGACTTGTCAGAGGT_1,7.251629093625948e-05
P1TLH_CTTACCGTCACCCGAG_1,7.251018746729824e-05
P5TLH_AGGTCATAGTGACTCT_1,7.247845991779534e-05
P5TLH_TGGCTGGCAAGGTTTC_1,7.240571567117209e-05
P4TLH_GCTCCTAAGACTAGAT_1,7.233677344099072e-05
P3TLH_GTTACAGCACGGACAA_1,7.227135640394019e-05
P2TLH_ACGAGCCCAGCCTTGG_1,7.225315517993123e-05
P3TLH_CACATTTCAAGGTGTG_1,7.222798271049734e-05
P1TLH_ATGAGGGTCTGTCAAG_1,7.220286437016591e-05
P3TLH_CAGTCCTGTGGTGTAG_1,7.219954487642447e-05
P1TLH_AGCATACCAATGTTGC_1,7.217661179925855e-05
P5TLH_ACTTTCACATACTCTT_1,7.214357878601368e-05
P3TLH_TATCTCAAGACACTAA_1,7.211623466730608e-05
P1TLH_CAGCAGCTCACCCTCA_1,7.209228223947821e-05
P5TLH_CTAGCCTTCACCACCT_1,7.207203724512832e-05
P4TLH_GCAGCCACATACCATG_1,7.201918849587993e-05
P4TLH_ATCCACCTCTTTAGGG_1,7.194305277579593e-05
P4TLH_AGAGCGATCTGGCGTG_1,7.190324795185224e-05
P3TLH_ATTTCTGAGCTCCTTC_1,7.190293323429197e-05
P5TLH_TACTTGTCAGATTGCT_1,7.187172738140897e-05
P3TLH_CGTCCATTCAAGGCTT_1,7.184859773749601e-05
P2TLH_GTGCATACAGATCCAT_1,7.175912195828657e-05
P1TLH_CTACGTCTCCTCAATT_1,7.169275802230336e-05
P2TLH_TCACAAGGTGCAGTAG_1,7.167015413938833e-05
P3TLH_GAACATCGTCCAGTTA_1,7.158170066424732e-05
P5TLH_CCGTACTAGCAGGTCA_1,7.155647972479311e-05
P3TLH_CTGTGCTCATTTCACT_1,7.14423331041956e-05
P2TLH_TTTCCTCAGTGTCTCA_1,7.143507006223368e-05
P4TLH_GTCACAATCAACACGT_1,7.141963000384486e-05
P3TLH_ATCTACTTCTACCTGC_1,7.140076350983252e-05
P5TLH_AGCTCTCCATTGCGGC_1,7.139969936900247e-05
P1TLH_ACACCCTCACGGCCAT_1,7.136089583721402e-05
P1TLH_AACACGTCATTAACCG_1,7.134598285249481e-05
P3TLH_AACTGGTCAGAGCCAA_1,7.130922038365472e-05
P3TLH_CTAACTTAGGATTCGG_1,7.130675671204642e-05
P1TLH_TTGGCAAAGCGATCCC_1,7.130507161841219e-05
P3TLH_TCCACACAGCTAACTC_1,7.1304486949941e-05
P2TLH_ATAACGCGTCCAAGTT_1,7.128115683420935e-05
P2TLH_GGGCACTGTATAAACG_1,7.126531684446819e-05
P3TLH_TGCGGGTCATGCCTAA_1,7.123571105279472e-05
P2TLH_CGATTGACACCTTGTC_1,7.117795442505304e-05
P3TLH_TATCAGGTCGATAGAA_1,7.116751590984668e-05
P4TLH_GGGCACTCAGTAGAGC_1,7.116671778889649e-05
P3TLH_AATCCAGCATGCGCAC_1,7.114846312639045e-05
P3TLH_GGCCGATAGTCAAGCG_1,7.114846312639045e-05
P2TLH_GGGTTGCGTTCTCATT_1,7.113635338408202e-05
P3TLH_TAGCCGGGTATCAGTC_1,7.112826797658436e-05
P3TLH_CGGACTGGTTTAGCTG_1,7.112444677635074e-05
P5TLH_TTTATGCAGTACGCGA_1,7.109304787122241e-05
P1TLH_TGAGCCGTCTCTGAGA_1,7.102759247268694e-05
P3TLH_GCAGCCACAACCGCCA_1,7.10059116500824e-05
P2TLH_AAACGGGAGCGAGAAA_1,7.097418818381958e-05
P4TLH_TATCAGGTCTTGTATC_1,7.097324427256513e-05
P1TLH_TTTATGCGTAACGTTC_1,7.08872619654413e-05
P4TLH_GTCACGGAGTAGATGT_1,7.087393266775285e-05
P2TLH_GTGCATAGTCGCATAT_1,7.0733716641543e-05
P3TLH_AGCAGCCTCGGTGTCG_1,7.072485453077211e-05
P4TLH_AGAGTGGTCTTCGAGA_1,7.067267259722923e-05
P3TLH_ATCTGCCGTAGAGCTG_1,7.060860617032541e-05
P4TLH_AGAGCGACAAAGGTGC_1,7.056042710340654e-05
P3TLH_GCCAAATAGTTGAGTA_1,7.048077843364697e-05
P5TLH_GTCGTAAAGTGTTGAA_1,7.047768206734538e-05
P1TLH_ACACTGACAGGGCATA_1,7.04248266538472e-05
P1TLH_GGCTCGAAGAAGCCCA_1,7.032547850967131e-05
P3TLH_CCATTCGCAAGCCTAT_1,7.026866002205166e-05
P4TLH_CCTACCATCCCTAACC_1,7.019089643618871e-05
P1TLH_AGTCTTTTCTCCAACC_1,7.017782776010828e-05
P3TLH_GGGTTGCCAAACCCAT_1,7.01514726093996e-05
P2TLH_AGGCCACTCGCATGGC_1,7.012306103387066e-05
P4TLH_CCCATACTCGACGGAA_1,7.006343713585003e-05
P3TLH_CACATAGTCGTGGTCG_1,7.003221575025494e-05
P1TLH_ACTATCTAGTCGCCGT_1,7.001168395301527e-05
P1TLH_GTTCGGGGTAAATGAC_1,6.999947639396733e-05
P3TLH_CGATGTATCACGATGT_1,6.995401951855084e-05
P1TLH_CGTCTACGTCGCTTTC_1,6.993471671737226e-05
P5TLH_GGGATGATCTTTACGT_1,6.983969191039967e-05
P4TLH_ACTGCTCCAGAAGCAC_1,6.98388392866116e-05
P3TLH_CAGCATATCTTGAGAC_1,6.980585451542289e-05
P3TLH_TGGGCGTTCGAACGGA_1,6.977716192594628e-05
P5TLH_ATCACGATCTAAGCCA_1,6.976636185100464e-05
P4TLH_CACAGGCCATGCATGT_1,6.97393996712861e-05
P4TLH_CTACCCAGTCAAAGCG_1,6.972756461206122e-05
P3TLH_ACTTGTTCACTTGGAT_1,6.96965289597935e-05
P5TLH_CCTACACGTTGAGTTC_1,6.967341912761653e-05
P5TLH_CCATTCGTCTTGAGAC_1,6.96546754480604e-05
P5TLH_GTTTCTAAGTGTGAAT_1,6.964295593209843e-05
P3TLH_AGGCCACAGGCGATAC_1,6.96382532108584e-05
P2TLH_ACCGTAATCTTTCCTC_1,6.963292514950923e-05
P2TLH_AACCGCGTCATCTGCC_1,6.961804457104344e-05
P1TLH_GGCAATTAGCGTGAAC_1,6.951418512809027e-05
P3TLH_TCATTACTCACCACCT_1,6.949241903652983e-05
P5TLH_CTTTGCGCATCTATGG_1,6.947263256044215e-05
P4TLH_GCAGTTAGTGATAAGT_1,6.940996812174867e-05
P3TLH_CTTCTCTCACAACGTT_1,6.930955957352422e-05
P4TLH_AGGCCACAGACACGAC_1,6.929543314618494e-05
P1TLH_GTCTTCGCATTTGCCC_1,6.920434315210261e-05
P3TLH_TCACGAAGTCAACTGT_1,6.915647886905633e-05
P3TLH_AACCGCGCACACATGT_1,6.907496130559042e-05
P3TLH_CGCTGGAAGTCCGTAT_1,6.903062656125467e-05
P3TLH_ACATCAGCAAGTCATC_1,6.897640472634097e-05
P5TLH_CCTTACGAGCGTAGTG_1,6.897298696832689e-05
P3TLH_CATGGCGGTTGACGTT_1,6.890282719783501e-05
P3TLH_CGCCAAGTCAGAAATG_1,6.87944125308652e-05
P1TLH_TATTACCCACAAGCCC_1,6.87797957952877e-05
P1TLH_ATTACTCAGACAGACC_1,6.876262692483842e-05
P5TLH_TGCACCTAGTGGTAAT_1,6.8731554776727e-05
P3TLH_TACTTGTAGTGAACGC_1,6.868007852099865e-05
P5TLH_ATAGACCGTTTGTTGG_1,6.867868081772205e-05
P1TLH_TAGGCATAGATATGGT_1,6.86586086285529e-05
P1TLH_CTACATTAGTGACTCT_1,6.855540335430571e-05
P5TLH_ACATCAGTCAGTTAGC_1,6.850099318865228e-05
P1TLH_GGGTCTGGTCTCCCTA_1,6.850074128291026e-05
P5TLH_ATCATGGAGGCATGTG_1,6.849560498019555e-05
P1TLH_CGTCAGGGTCGCTTTC_1,6.84907213812838e-05
P3TLH_GCGCCAAAGTAGCGGT_1,6.848632363485539e-05
P4TLH_TGAGAGGAGACCTTTG_1,6.846993897359243e-05
P3TLH_GCATGATAGTTCCACA_1,6.841591950552004e-05
P5TLH_GGGTTGCGTTACGGAG_1,6.836827711941652e-05
P3TLH_GTAGTCAAGTAGGTGC_1,6.834437072151094e-05
P3TLH_ATTGGACAGAGGTAGA_1,6.834237292277756e-05
P2TLH_GGACAAGAGTTAAGTG_1,6.833186831518639e-05
P3TLH_ATCTACTAGCCGATTT_1,6.833182121152499e-05
P3TLH_CGGCTAGTCGTTTATC_1,6.818777018446014e-05
P2TLH_CTCTACGAGCAACGGT_1,6.814254830839158e-05
P3TLH_GGCGACTAGCCCAGCT_1,6.812763385614297e-05
P3TLH_CCATGTCAGACAATAC_1,6.810371908654691e-05
P5TLH_CGTAGCGGTGTGACCC_1,6.80891300725922e-05
P2TLH_TACTTACTCAATCTCT_1,6.804300799612886e-05
P4TLH_CCTCTGACAGGTCCAC_1,6.804267955638996e-05
P3TLH_CCTCAGTAGAGATGAG_1,6.799478643294466e-05
P2TLH_GGCGTGTAGGAGTTGC_1,6.794673374855327e-05
P1TLH_CGTGAGCTCAAACGGG_1,6.793701131827874e-05
P5TLH_CTGATCCGTGTCCTCT_1,6.78880486093666e-05
P2TLH_TAAACCGTCTAACGGT_1,6.780765024201149e-05
P5TLH_TGTCCCACATGCTGGC_1,6.780724665481514e-05
P5TLH_TCACAAGGTTTGACTG_1,6.774996136920784e-05
P4TLH_AAGGAGCAGGGCTTCC_1,6.774557771923223e-05
P3TLH_GGGATGATCGTGGGAA_1,6.772128645715572e-05
P5TLH_ACGAGGAGTCCATGAT_1,6.772121943775928e-05
P3TLH_ACGCCAGCAAGACACG_1,6.76077528684158e-05
P2TLH_GACGCGTTCGCACTCT_1,6.759654008238137e-05
P4TLH_TTAACTCGTAAATACG_1,6.759033484680169e-05
P3TLH_GCTTCCAAGGGAAACA_1,6.756175301442089e-05
P3TLH_TAGGCATGTACCAGTT_1,6.755406478750807e-05
P5TLH_TCTCTAAAGCAACGGT_1,6.754392769022018e-05
P3TLH_TCTTCGGGTCTCCATC_1,6.752517515737352e-05
P4TLH_CGGTTAATCCTCAACC_1,6.749215760140543e-05
P1TLH_AGAATAGTCATGTCCC_1,6.748877405346946e-05
P3TLH_CACCACTAGGACAGCT_1,6.746632385186891e-05
P5TLH_CTCGAAAGTTCAGCGC_1,6.735022002423322e-05
P2TLH_CATGCCTCACATGGGA_1,6.733190853650315e-05
P4TLH_TTGTAGGGTTGACGTT_1,6.73251600212735e-05
P5TLH_AAACGGGAGATCCGAG_1,6.731955840212108e-05
P1TLH_ACCAGTAAGCCTCGTG_1,6.731045280762441e-05
P1TLH_ACTGTCCGTGTCCTCT_1,6.730811748035484e-05
P2TLH_ACTGAACTCAGTTTGG_1,6.730085694656659e-05
P3TLH_AGAGCTTGTTACGCGC_1,6.722356380154277e-05
P5TLH_TACCTATCAAGTAGTA_1,6.715465011796726e-05
P5TLH_CAGCCGATCCGAACGC_1,6.714836952409775e-05
P1TLH_GATCGCGAGTGGCACA_1,6.711314002485421e-05
P4TLH_GAAACTCTCAAGATCC_1,6.710587115112644e-05
P3TLH_GCACATAAGGCCCTCA_1,6.703174112784674e-05
P1TLH_TTTGTCATCCTTGACC_1,6.694081825097737e-05
P4TLH_GATGAGGTCCATGCTC_1,6.693444200166673e-05
P3TLH_AGCCTAACAGTACACT_1,6.691978358239523e-05
P5TLH_GATCGATAGATACACA_1,6.687186692380746e-05
P5TLH_GACTACAGTGTTCGAT_1,6.678604774314023e-05
P2TLH_TCATTTGCAACTGCGC_1,6.669967391267528e-05
P3TLH_CACAGTAGTTCCTCCA_1,6.663643090383933e-05
P2TLH_GTAGTCACAAGGTTCT_1,6.662159131445085e-05
P3TLH_GAGGTGATCATGCAAC_1,6.660787661594454e-05
P3TLH_TCTCATAGTATTCTCT_1,6.660334068475028e-05
P2TLH_GTATCTTGTAGGAGTC_1,6.653609336405596e-05
P3TLH_CACACCTTCCTGCTTG_1,6.645969515905091e-05
P2TLH_CTCACACTCTGACCTC_1,6.638626428400628e-05
P1TLH_CCTAGCTCAACTGCTA_1,6.637165384035324e-05
P5TLH_TGGGAAGAGAGGTTAT_1,6.635688098064546e-05
P5TLH_CATCGGGCACTGTTAG_1,6.629719699108506e-05
P3TLH_GGCTCGACAAAGGCGT_1,6.627253256906497e-05
P1TLH_CACCACTGTACGCTGC_1,6.62233055799659e-05
P4TLH_GACACGCAGTCGTTTG_1,6.613142594645093e-05
P1TLH_AAATGCCTCATACGGT_1,6.61109459157054e-05
P3TLH_TGTTCCGTCAAGCCTA_1,6.608708488908406e-05
P3TLH_GACAGAGAGGGATCTG_1,6.604933337376e-05
P2TLH_GGCGACTTCCGTCATC_1,6.60413397587901e-05
P3TLH_CCATTCGAGTACTTGC_1,6.60187621396002e-05
P3TLH_CAGAGAGAGATATGCA_1,6.600484606280734e-05
P4TLH_CTACACCTCTACCTGC_1,6.599085118772603e-05
P4TLH_GCGAGAAAGGGTCTCC_1,6.593982029630635e-05
P5TLH_TATGCCCCATCCTAGA_1,6.58196870970899e-05
P3TLH_TCAGGTAAGAGTGACC_1,6.572603786005456e-05
P3TLH_CTAGCCTGTCTGGTCG_1,6.568248541635345e-05
P3TLH_CATATTCGTCCGTCAG_1,6.561476505321064e-05
P3TLH_TGGCTGGTCATTGCCC_1,6.559551281524854e-05
P5TLH_AGGGTGAAGGCTACGA_1,6.557617961182183e-05
P3TLH_GTTCTCGGTAACGCGA_1,6.551068948548309e-05
P5TLH_GGCGTGTGTTGTTTGG_1,6.550506757536363e-05
P3TLH_ATCTACTGTCTAAACC_1,6.548357277292232e-05
P5TLH_CACCACTAGACCTAGG_1,6.546784101343212e-05
P1TLH_CGGCTAGTCATAGCAC_1,6.546438047884278e-05
P3TLH_TCTGAGATCTATGTGG_1,6.546438047884278e-05
P3TLH_GTATTCTTCAAGGTAA_1,6.54489462284004e-05
P4TLH_CACACCTGTCGATTGT_1,6.529076211916475e-05
P3TLH_GATGAAATCATTGCGA_1,6.523391709779865e-05
P5TLH_GGCGACTCACCGGAAA_1,6.514658444387763e-05
P3TLH_ATTCTACCAGTCAGCC_1,6.50460953360182e-05
P3TLH_ACCGTAATCCACGTGG_1,6.499868578557065e-05
P2TLH_GGGATGAGTGCGCTTG_1,6.497476931753782e-05
P2TLH_CCTTTCTAGGACAGAA_1,6.49575836998724e-05
P3TLH_CAGCAGCCAGTGACAG_1,6.495023388717768e-05
P4TLH_TGCCAAAGTCCTGCTT_1,6.494038202889262e-05
P3TLH_AGCTCCTGTGCAACTT_1,6.489613260529427e-05
P3TLH_TAAGTGCCATTCCTGC_1,6.487027053366938e-05
P1TLH_TGCGCAGCAATGTTGC_1,6.479002713574278e-05
P3TLH_CACAAACCAAACCTAC_1,6.476767089779416e-05
P3TLH_GGCGTGTTCAGTTAGC_1,6.473960890190054e-05
P1TLH_AGCGGTCGTGTGTGCC_1,6.467808987646568e-05
P5TLH_CATCAAGTCCAGATCA_1,6.46733209511851e-05
P3TLH_CTCATTATCTTATCTG_1,6.467009144897439e-05
P5TLH_AACGTTGCAAGTACCT_1,6.462904216760394e-05
P3TLH_CGGAGCTGTTATCACG_1,6.460739557067314e-05
P2TLH_TGACTAGCAGCCTGTG_1,6.4538413991201e-05
P3TLH_CACAGTAAGGTAGCCA_1,6.4538413991201e-05
P5TLH_ATTCTACTCTGGTGTA_1,6.452748350822008e-05
P5TLH_CTCCTAGTCAGTACGT_1,6.451813162081808e-05
P3TLH_GCTCCTAGTGAGCGAT_1,6.448195483801339e-05
P5TLH_CTTACCGCATCCCATC_1,6.440530847453158e-05
P3TLH_TTTGCGCTCAGGCAAG_1,6.440131715961915e-05
P5TLH_GGGTTGCGTAGGCTGA_1,6.433213911543168e-05
P5TLH_CTACCCATCCTGCCAT_1,6.42943565277945e-05
P3TLH_TACACGAAGAGGTTGC_1,6.427594284794618e-05
P3TLH_AGTTGGTGTTAAAGAC_1,6.422978363045341e-05
P2TLH_GTTACAGAGCAATATG_1,6.42117201647849e-05
P1TLH_GGAGCAAGTAGAAGGA_1,6.417922077231332e-05
P4TLH_CCAGCGATCACAGGCC_1,6.412681823428235e-05
P3TLH_CACATAGAGTCTTGCA_1,6.408919664927506e-05
P5TLH_CAAGGCCGTCTTCAAG_1,6.404803012647049e-05
P3TLH_CGGACGTAGGTGCACA_1,6.402664470322303e-05
P2TLH_AGTGGGACAACGATCT_1,6.400625495778443e-05
P1TLH_ACGCAGCGTAAGGATT_1,6.399561048179027e-05
P3TLH_GCACATATCCATGAGT_1,6.398907121131174e-05
P2TLH_ACGGCCATCTACCAGA_1,6.396370310957726e-05
P5TLH_CCACGGATCTGTTTGT_1,6.381096033047737e-05
P3TLH_TACACGAAGCCTATGT_1,6.378333307256131e-05
P3TLH_AAACGGGGTGAGTGAC_1,6.374387121930249e-05
P1TLH_GCTGCTTAGAAACGAG_1,6.372209019131032e-05
P3TLH_TGTGTTTCAGACAAGC_1,6.362979106378355e-05
P1TLH_CCGTTCATCTAACGGT_1,6.353833209981004e-05
P5TLH_CAGTAACGTGAGTGAC_1,6.353442892646934e-05
P1TLH_CCCTCCTAGTGTACTC_1,6.352714647192694e-05
P3TLH_TGCCCATAGCGTTTAC_1,6.3487122082722e-05
P4TLH_AGATTGCGTGTTCTTT_1,6.345116997487273e-05
P4TLH_AAATGCCAGGCTAGAC_1,6.339441571688179e-05
P3TLH_TGCGCAGGTTCGCGAC_1,6.333575671107188e-05
P3TLH_AGCTTGAAGTCCTCCT_1,6.333223141705618e-05
P1TLH_TCTTTCCTCATCGGAT_1,6.331510714292443e-05
P2TLH_GATCGATGTCTAGCCG_1,6.331120925605755e-05
P3TLH_GTATTCTTCCTATTCA_1,6.327937397982697e-05
P2TLH_CTGCTGTCATCCTAGA_1,6.321887943048575e-05
P2TLH_TTTGTCAGTTATCGGT_1,6.310045068948252e-05
P4TLH_AACTCTTCACCGTTGG_1,6.296149594149608e-05
P5TLH_TGTATTCAGCAAATCA_1,6.295924544667891e-05
P5TLH_GATTCAGAGAGCTGGT_1,6.28345712968568e-05
P5TLH_CGAGAAGAGCTAGTCT_1,6.282891713571312e-05
P5TLH_TAGCCGGCAGTATAAG_1,6.28144206424143e-05
P3TLH_GATTCAGTCCTTGGTC_1,6.281209452286395e-05
P3TLH_CTTTGCGGTTACGGAG_1,6.280092108017582e-05
P5TLH_CAACCTCGTACCATCA_1,6.279787531932165e-05
P3TLH_AGCTCCTAGATGCCAG_1,6.275143948594233e-05
P3TLH_GAACATCCATCTCGCT_1,6.273496760239937e-05
P5TLH_GGACGTCGTACCGAGA_1,6.272839293026688e-05
P4TLH_GTTCGGGTCCCGACTT_1,6.27138588589064e-05
P5TLH_TCGCGAGAGACTCGGA_1,6.26729104363872e-05
P5TLH_GCGCAGTAGGCATGTG_1,6.261697493355505e-05
P3TLH_CCTTCGATCACGACTA_1,6.26154379432472e-05
P1TLH_CCGTACTGTGTTCGAT_1,6.256002603918383e-05
P2TLH_CTAATGGAGCAGGTCA_1,6.25541410143713e-05
P3TLH_TGTGGTATCAACACTG_1,6.246855391000358e-05
P3TLH_TTGCCGTAGGCTCAGA_1,6.243396242030666e-05
P5TLH_GGGTCTGAGTCCAGGA_1,6.242688224756533e-05
P3TLH_CCTTCGAAGCGTGTCC_1,6.242155308252072e-05
P5TLH_ATGAGGGGTCAACATC_1,6.237302211794435e-05
P3TLH_CTGTGCTTCTACCAGA_1,6.230821708642363e-05
P3TLH_GTTCATTTCACGATGT_1,6.229545101608097e-05
P1TLH_AACTCAGCATCGTCGG_1,6.228940365288195e-05
P3TLH_TGACTTTGTCGATTGT_1,6.228148112621883e-05
P2TLH_AGGCCACTCAGTTGAC_1,6.228045894557917e-05
P3TLH_AAGCCGCAGGGTATCG_1,6.227846051424152e-05
P5TLH_CGCGGTAGTCAACATC_1,6.227463210213423e-05
P1TLH_AAGGTTCCAGCCACCA_1,6.22719618299186e-05
P2TLH_TGAGCATTCGGTCTAA_1,6.226574500741069e-05
P4TLH_GTCTTCGCAGCTCGCA_1,6.225845214510731e-05
P3TLH_GGCGTGTGTCGCTTCT_1,6.222491886756345e-05
P5TLH_CCAGCGACAGTCCTTC_1,6.222470356436865e-05
P2TLH_TTAGGACCAAAGTCAA_1,6.219522877916315e-05
P4TLH_TGGTTCCCAAACGCGA_1,6.218490450718593e-05
P1TLH_TCGCGAGTCACTTACT_1,6.216941083375759e-05
P2TLH_ACTGTCCTCTGTCCGT_1,6.215589739182586e-05
P3TLH_GACGTTATCCCACTTG_1,6.211824176536347e-05
P3TLH_TTGAACGCAGACGCTC_1,6.2108875921778e-05
P3TLH_ATTACTCAGTGAACAT_1,6.208872356493063e-05
P3TLH_AGACGTTCAAGAGGCT_1,6.198895791371751e-05
P3TLH_TGAGAGGGTGAAATCA_1,6.196768751568674e-05
P3TLH_CAGTAACGTGTGAAAT_1,6.1947150198867e-05
P5TLH_CGATGTAAGTGGGCTA_1,6.193985146067542e-05
P5TLH_CGTGAGCGTATAGGTA_1,6.192162187304806e-05
P2TLH_TGGCGCACATCACGAT_1,6.191360384533048e-05
P1TLH_CATCAAGTCTTGTTTG_1,6.186842647968655e-05
P5TLH_GACGCGTTCAAGAAGT_1,6.184076438668764e-05
P3TLH_TGCCCATTCACTGGGC_1,6.181790113200293e-05
P2TLH_TCCCGATGTTACCGAT_1,6.169316260327353e-05
P3TLH_GCAGCCAAGTACGCGA_1,6.165919668988416e-05
P3TLH_CGACCTTGTACATCCA_1,6.161506686054355e-05
P4TLH_CTCGGAGTCGCAAGCC_1,6.160758187830815e-05
P3TLH_ACGGGCTTCCAAACTG_1,6.159331590203807e-05
P4TLH_GCAAACTAGAAACCAT_1,6.15800718687917e-05
P5TLH_CTCGAGGAGAAGGTGA_1,6.153144940747487e-05
P2TLH_CGTCAGGCATTGGTAC_1,6.143212472305806e-05
P3TLH_GAAATGACAAAGCGGT_1,6.140914568579887e-05
P2TLH_TGCGCAGCACGGACAA_1,6.139367950473248e-05
P2TLH_TGGTTAGTCACATGCA_1,6.13776013001569e-05
P4TLH_GGCGACTTCAGAAATG_1,6.135206411946547e-05
P3TLH_ATGCGATTCCGCGGTA_1,6.132768570829762e-05
P3TLH_TTAGTTCTCTCTTGAT_1,6.127429603006439e-05
P2TLH_TTAACTCTCCAGTAGT_1,6.123036519594627e-05
P4TLH_CCTTCCCAGGCTAGGT_1,6.122923152361085e-05
P1TLH_GCTCCTACAACACCCG_1,6.119825651205355e-05
P5TLH_ACTGATGAGACAAGCC_1,6.111933459601501e-05
P3TLH_GCTTGAAGTCGGCATC_1,6.109273639733958e-05
P5TLH_ACCGTAATCTGCCCTA_1,6.106554113243611e-05
P3TLH_ACTGCTCCAGGCAGTA_1,6.10655411324361e-05
P2TLH_GGCAATTAGTGGAGTC_1,6.10193963376903e-05
P3TLH_GGTATTGCACGAAAGC_1,6.1004327902240354e-05
P4TLH_ACTGAACTCGCCAGCA_1,6.097314601467676e-05
P1TLH_TAGAGCTTCGTCCAGG_1,6.095330413144802e-05
P2TLH_TTCGAAGTCTCGCTTG_1,6.0944206008583644e-05
P3TLH_GATGAGGAGAACAACT_1,6.092890356578705e-05
P3TLH_AAGGTTCAGGCAGTCA_1,6.092672660104962e-05
P5TLH_GGGTCTGCACGAAAGC_1,6.088444194692566e-05
P3TLH_TCATTTGAGAGCCCAA_1,6.085055310074901e-05
P2TLH_ATGGGAGCAGGACCCT_1,6.0817993822209265e-05
P3TLH_AGATTGCTCGTCTGAA_1,6.0741463998542266e-05
P1TLH_CGTAGGCAGTTGTAGA_1,6.062681404224865e-05
P3TLH_CATCGAAGTTGCGTTA_1,6.061520328572354e-05
P1TLH_TGGCTGGCAAGTTAAG_1,6.058736496179537e-05
P3TLH_GGACATTTCCATTCTA_1,6.053103385776088e-05
P2TLH_CTACGTCGTAGTAGTA_1,6.049785008763858e-05
P3TLH_GACTAACGTAAGAGAG_1,6.048712296360023e-05
P3TLH_GCTCCTAGTCATACTG_1,6.045170574090011e-05
P3TLH_GTAACGTAGCGAAGGG_1,6.0441916484846936e-05
P3TLH_CCTTACGCATTCGACA_1,6.04286589035472e-05
P3TLH_CTCGTCAAGATCGGGT_1,6.036844440614697e-05
P3TLH_AGTTGGTAGATGGGTC_1,6.03653682468471e-05
P3TLH_CCCAGTTAGCTGCAAG_1,6.034140834805724e-05
P5TLH_CACTCCATCTTGTCAT_1,6.021238196057405e-05
P3TLH_GTAGTCAGTCTCTCTG_1,6.008120468062809e-05
P3TLH_CTAGAGTAGATGGCGT_1,6.00508299693708e-05
P3TLH_CTCTAATCAGTAACGG_1,6.004600891393619e-05
P4TLH_AACTCTTCATTTGCCC_1,6.00456591506824e-05
P2TLH_CGTTAGATCTCCCTGA_1,5.998557173715734e-05
P1TLH_TTGGCAACACCGTTGG_1,5.9959509033899355e-05
P2TLH_GACTACAGTCTCCATC_1,5.9947088954350105e-05
P1TLH_GAATAAGGTCGCGTGT_1,5.994315250325977e-05
P4TLH_CTAGCCTGTCACTGGC_1,5.994315250325977e-05
P3TLH_CTCGGGACAGATCTGT_1,5.991496490398605e-05
P5TLH_CGATGTATCACTTATC_1,5.98913558879881e-05
P5TLH_CATGGCGAGCTAAGAT_1,5.983629350534862e-05
P3TLH_CGGTTAAAGATGGCGT_1,5.982551585656061e-05
P3TLH_AACCATGTCAATAAGG_1,5.979253345989577e-05
P4TLH_CACATTTGTGTGACCC_1,5.976444603415819e-05
P3TLH_TCGAGGCTCGTGACAT_1,5.973718639762687e-05
P3TLH_CACAGGCCACCCATGG_1,5.971807794063769e-05
P4TLH_CGTAGGCTCGGCATCG_1,5.9687439576975785e-05
P3TLH_GTACTCCTCGTTTATC_1,5.968117105348513e-05
P5TLH_GGCAATTCAGCTGTAT_1,5.966064064672409e-05
P5TLH_TACTTACTCGGCCGAT_1,5.9614900093845956e-05
P3TLH_TACGGATGTGTTTGTG_1,5.960596346329048e-05
P3TLH_TTTCCTCAGATGTAAC_1,5.9592542159147046e-05
P3TLH_TTATGCTCAGGGAGAG_1,5.947493560058848e-05
P3TLH_ACTTGTTAGGCTCATT_1,5.938900885103797e-05
P5TLH_GAACCTAAGACTGGGT_1,5.938486611702263e-05
P3TLH_CATTCGCCAGACAAAT_1,5.931660390332085e-05
P1TLH_ACTGAGTCAAGCGAGT_1,5.92958666369469e-05
P3TLH_CACAGTAGTATAGTAG_1,5.929290199319704e-05
P4TLH_GTCACGGAGGAGTAGA_1,5.925731740274459e-05
P3TLH_TACGGGCAGTGTACCT_1,5.923414687522685e-05
P2TLH_AGCATACGTTCAGACT_1,5.9234127756611655e-05
P4TLH_GATCAGTTCGCGCCAA_1,5.919197606903785e-05
P3TLH_GGGATGACATATACGC_1,5.9155579926439436e-05
P1TLH_CTCAGAAAGTAGCGGT_1,5.915530051271997e-05
P2TLH_GTATTCTTCCAGGGCT_1,5.9120721334232386e-05
P4TLH_ACTGATGTCGTAGGTT_1,5.905563790122976e-05
P3TLH_CTACGTCCAGTATAAG_1,5.8988582172026846e-05
P4TLH_CTGCCTAGTTCGAATC_1,5.8950644118440825e-05
P5TLH_CTCAGAATCTTGTTTG_1,5.887848086874618e-05
P3TLH_CACTCCAGTAGAGTGC_1,5.875469215908686e-05
P5TLH_GTCGGGTTCTCGGACG_1,5.873683629979381e-05
P3TLH_GCGAGAAGTTAGAACA_1,5.8731401722787804e-05
P2TLH_AGGGATGCATTACGAC_1,5.869740912895273e-05
P2TLH_TAAGTGCAGGACAGAA_1,5.868866693545809e-05
P4TLH_GTGCTTCCATACCATG_1,5.862258442753831e-05
P1TLH_TGAGCATGTATTACCG_1,5.858601099387878e-05
P3TLH_TGATTTCAGTACGTTC_1,5.849124674252784e-05
P1TLH_GATCAGTCACGAGAGT_1,5.846906930330107e-05
P3TLH_CCACTACCATGCAATC_1,5.846683558037552e-05
P5TLH_AGTCTTTTCCGCGCAA_1,5.841900607852073e-05
P2TLH_TCAGGTATCGTTTATC_1,5.8379765092250396e-05
P3TLH_ACACCGGTCCCGGATG_1,5.837216860472551e-05
P1TLH_CAACCAAAGGATTCGG_1,5.836063776661468e-05
P3TLH_CCTTCCCGTGGTCCGT_1,5.834387539751412e-05
P1TLH_CATCAGAGTACAGTGG_1,5.8317279538832746e-05
P3TLH_ATGCGATTCTCGAGTA_1,5.8307122502443156e-05
P2TLH_TTCTCCTCATGCCTTC_1,5.8301516051500926e-05
P4TLH_AACTCAGGTGGGTCAA_1,5.82747394052146e-05
P5TLH_GGAAAGCAGAGTACAT_1,5.827067093233516e-05
P5TLH_AGGTCCGAGGTCGGAT_1,5.8224771529829055e-05
P3TLH_CAGAGAGTCGAACGGA_1,5.8206899567137405e-05
P3TLH_AGTAGTCGTCTAAAGA_1,5.820308230407694e-05
P5TLH_CGCTTCATCAAACAAG_1,5.817376263162683e-05
P4TLH_CTCGAGGCAGGATCGA_1,5.809661711829525e-05
P3TLH_CGTTCTGCATTATCTC_1,5.802032870898169e-05
P3TLH_CACTCCAAGATGTTAG_1,5.8000242910325054e-05
P3TLH_GCGCCAACACCTCGTT_1,5.7957518724796685e-05
P1TLH_GTCAAGTTCTCTTATG_1,5.793573955776175e-05
P5TLH_ACCGTAATCCTCGCAT_1,5.792712135212726e-05
P4TLH_TGCCAAATCGGATGGA_1,5.792074093648314e-05
P5TLH_TGCCCTAAGTGTCCAT_1,5.784209769255342e-05
P4TLH_ACGCCGAAGATCTGAA_1,5.783779595063382e-05
P4TLH_GGAATAACACCTCGGA_1,5.7776912072250174e-05
P2TLH_TTAGTTCCACCGATAT_1,5.7705792336269705e-05
P3TLH_ATTACTCTCTGACCTC_1,5.770522181460574e-05
P5TLH_TTCTCCTGTTAGGGTG_1,5.7695512631523435e-05
P4TLH_ATCATGGGTGGGTATG_1,5.7688946122884865e-05
P3TLH_TCGAGGCGTCAATACC_1,5.762976873962222e-05
P5TLH_GGCTCGAAGTGTGAAT_1,5.7627962051039624e-05
P5TLH_GACTAACGTTATCACG_1,5.762224813937553e-05
P1TLH_CAGAGAGCAGCTCGCA_1,5.760819826822689e-05
P3TLH_GCTGCAGAGGTGCAAC_1,5.75763443084253e-05
P4TLH_ATAGACCCAGTTCCCT_1,5.757099070755555e-05
P3TLH_GCGCAACCATGCCACG_1,5.753289503483768e-05
P2TLH_TCGGGACGTCCGCTGA_1,5.7464364044587536e-05
P5TLH_CAGCCGATCCGCGTTT_1,5.7457194434980095e-05
P3TLH_CACATAGAGTGTCCCG_1,5.745582855787366e-05
P5TLH_GGCGTGTCAGTCCTTC_1,5.733764701524021e-05
P2TLH_TAGAGCTGTTATGTGC_1,5.726119904901931e-05
P4TLH_CTAATGGGTCATATCG_1,5.721773182583366e-05
P3TLH_TCAACGACAGTAAGAT_1,5.7193799220550376e-05
P5TLH_TAAGTGCCAGAGCCAA_1,5.7193638890801774e-05
P3TLH_CGACCTTGTAAGAGAG_1,5.7151924196927276e-05
P3TLH_CGGACTGAGGCGATAC_1,5.71447308802137e-05
P1TLH_ATTACTCCACGGACAA_1,5.713536342204169e-05
P2TLH_CAAGTTGCACGCCAGT_1,5.709342909108e-05
P5TLH_ATTATCCGTTGATTGC_1,5.709187888419879e-05
P5TLH_TACTTGTGTAGCGCTC_1,5.707246045388587e-05
P3TLH_GTGAAGGAGGCACATG_1,5.7053741231372685e-05
P4TLH_CGTTCTGCAGGGTATG_1,5.704752861526945e-05
P1TLH_CACCTTGAGCCATCGC_1,5.7042761575794683e-05
P3TLH_AACGTTGTCACAAACC_1,5.699433595901523e-05
P3TLH_GCATGTAAGAGCCCAA_1,5.696084840215095e-05
P3TLH_GATCGTATCTGTTGAG_1,5.689454203980449e-05
P2TLH_ACGCCAGTCGAATGCT_1,5.686749306397134e-05
P3TLH_CCGTACTGTAGGACAC_1,5.68141940533533e-05
P5TLH_CTACCCAAGCAGATCG_1,5.680979360001155e-05
P1TLH_GCTTCCAAGGCGATAC_1,5.6737481729672594e-05
P1TLH_CAGTCCTAGTGTTTGC_1,5.6666137953185004e-05
P1TLH_GACGTTAAGATGTCGG_1,5.666534634734649e-05
P3TLH_CCTATTATCCGGGTGT_1,5.6659766794323086e-05
P3TLH_GCGAGAACATCTACGA_1,5.661405428392965e-05
P3TLH_TGAGCATAGCTTCGCG_1,5.659892707093905e-05
P5TLH_ACTGCTCAGGTGCTAG_1,5.65970226330265e-05
P3TLH_AACTTTCAGCTGGAAC_1,5.6545362701763746e-05
P3TLH_TAAGTGCAGTAACCCT_1,5.6520828972158226e-05
P2TLH_TTCTCCTTCCTCATTA_1,5.6520828972158226e-05
P3TLH_CAGTAACAGGGTGTTG_1,5.650035226510712e-05
P5TLH_CTCTAATAGCGTTTAC_1,5.641931869013407e-05
P3TLH_GATGCTACATTAACCG_1,5.640682483995017e-05
P5TLH_CTAGAGTGTCCTCTTG_1,5.627706812327768e-05
P4TLH_CATCAAGGTAATTGGA_1,5.6265453187847334e-05
P3TLH_TCCCGATCACGAAACG_1,5.6249055258460144e-05
P2TLH_CCGGGATAGAGAGCTC_1,5.6246237047521514e-05
P3TLH_CGACTTCAGGCATGTG_1,5.6243464667837855e-05
P5TLH_TCAGGTAGTTCAGGCC_1,5.622173269080956e-05
P3TLH_TTCGGTCTCGATGAGG_1,5.62139089016976e-05
P3TLH_CGACCTTGTGCCTGCA_1,5.617703512531224e-05
P4TLH_TTAGTTCGTACAGTGG_1,5.613188489642136e-05
P3TLH_ATGGGAGAGTTCGCAT_1,5.610890454461638e-05
P3TLH_TGCTGCTTCACTCCTG_1,5.59622084316394e-05
P4TLH_TATCTCAAGCCAACAG_1,5.592170579062146e-05
P5TLH_TTCGGTCCAGTACACT_1,5.588367774055497e-05
P2TLH_GCGAGAACATGCCTTC_1,5.58659422646738e-05
P3TLH_GGACAAGCACGCTTTC_1,5.5852575225044836e-05
P3TLH_TCAGCAAAGTGAACAT_1,5.58473105841527e-05
P3TLH_TCTTCGGGTCTAGTCA_1,5.584309694672832e-05
P2TLH_GTAACTGAGTTATCGC_1,5.583551706458323e-05
P1TLH_TGTGTTTTCGACCAGC_1,5.575218922589673e-05
P3TLH_ACTTTCATCAGTACGT_1,5.571670611736053e-05
P5TLH_ACGGGTCTCTTAGAGC_1,5.571380021940786e-05
P1TLH_CTGCCTAGTTCAGGCC_1,5.568158383171789e-05
P4TLH_TTGAACGGTTCTGAAC_1,5.567155813568524e-05
P4TLH_AAGTCTGGTGGTTTCA_1,5.566102187692472e-05
P3TLH_CAAGTTGAGTCTCAAC_1,5.559109648365086e-05
P3TLH_AAAGTAGTCCTGCAGG_1,5.558306327201704e-05
P3TLH_CGAGCCATCAGCACAT_1,5.556444458703982e-05
P5TLH_GACGGCTCAGTTTACG_1,5.5563123708382036e-05
P3TLH_AGCCTAAAGATATACG_1,5.5563123708382e-05
P5TLH_TGAAAGAGTCAAGCGA_1,5.5563123708382e-05
P2TLH_CAAGGCCGTGTGGTTT_1,5.551964300608895e-05
P3TLH_CATCAGAGTCCGAATT_1,5.543149662472405e-05
P3TLH_ACGCAGCCACTTAACG_1,5.538244434472039e-05
P3TLH_GTACTTTAGTACATGA_1,5.5327771800849434e-05
P3TLH_CTAACTTCAGTACACT_1,5.532060596544793e-05
P1TLH_ATTTCTGGTACGCTGC_1,5.5280052839657325e-05
P3TLH_GACACGCCAAATCCGT_1,5.52560100846833e-05
P3TLH_CACAAACCAATTCCTT_1,5.5254979828665195e-05
P3TLH_GTCTTCGGTGTGCGTC_1,5.524577156260666e-05
P3TLH_CTCGAGGAGGCTCATT_1,5.519455512757353e-05
P5TLH_CTCTGGTTCAAGAAGT_1,5.5143646519281894e-05
P2TLH_CCCATACGTTCGCTAA_1,5.514054867318521e-05
P2TLH_ACGTCAAGTAGAAGGA_1,5.511883361657961e-05
P3TLH_TGCGCAGGTCTTTCAT_1,5.51117269379841e-05
P3TLH_AAGGAGCCAATCTACG_1,5.508399087393034e-05
P5TLH_AGGCCACCAGAGCCAA_1,5.504157231927277e-05
P5TLH_GATGAGGGTACCGAGA_1,5.4899170247823086e-05
P3TLH_ACGATACTCAGAGGTG_1,5.484905847596437e-05
P4TLH_TCAACGACACATGTGT_1,5.483470782042307e-05
P5TLH_TCTGGAACAAGAGTCG_1,5.47834772543741e-05
P3TLH_TCGGTAAGTCGGCATC_1,5.4768948320483164e-05
P3TLH_CCTACCAAGGATCGCA_1,5.4768948320483164e-05
P2TLH_CCACGGACATTACGAC_1,5.470974538669923e-05
P4TLH_GTGGGTCTCTGCGTAA_1,5.463567633489271e-05
P4TLH_AAGCCGCGTGAGGCTA_1,5.4619274877128024e-05
P2TLH_CCATGTCCAAGTCTAC_1,5.461868859283517e-05
P5TLH_TACTTACTCCTTAATC_1,5.460662306090534e-05
P4TLH_TGCACCTAGAGCTGCA_1,5.453186985147457e-05
P3TLH_GCATGATGTGGTCCGT_1,5.453101257307859e-05
P5TLH_CTGGTCTTCACAACGT_1,5.450945698391895e-05
P3TLH_AGGGAGTAGAGTGACC_1,5.450322819627171e-05
P1TLH_AAAGCAAGTTGATTCG_1,5.447139516503083e-05
P4TLH_CAAGAAAGTCATGCAT_1,5.444729933409031e-05
P2TLH_TCTCTAACACCCATTC_1,5.432628817431829e-05
P4TLH_CAGCTGGGTCACACGC_1,5.4283999044830616e-05
P1TLH_TGTGTTTGTGAAATCA_1,5.427642755215296e-05
P3TLH_GGAAAGCAGCCTATGT_1,5.4239463411280276e-05
P1TLH_CGGACACTCGCGATCG_1,5.423717931160285e-05
P3TLH_CCGGTAGGTTCTCATT_1,5.4215027489309686e-05
P5TLH_GCGCAGTTCAACGCTA_1,5.421226775260884e-05
P4TLH_AACTCCCAGGATGGTC_1,5.413745077027751e-05
P4TLH_GTACGTAGTAGCGCTC_1,5.406640268047515e-05
P3TLH_ATTACTCGTTGTACAC_1,5.399710853985196e-05
P3TLH_GAAATGAGTGGCAAAC_1,5.396006133546802e-05
P2TLH_CACACAAGTCAATGTC_1,5.39351992048393e-05
P3TLH_TAAACCGGTTACGCGC_1,5.3913998825257384e-05
P3TLH_CAAGAAAAGTACGCGA_1,5.390680641511967e-05
P3TLH_ACGGAGAAGATGCGAC_1,5.390591338779574e-05
P1TLH_GGATTACGTTCCACAA_1,5.3896761133603275e-05
P5TLH_CGGAGCTCATGCGCAC_1,5.389113640801369e-05
P5TLH_TAGAGCTAGCTTATCG_1,5.387043070283288e-05
P1TLH_CATCGAACATCCCACT_1,5.383627705715237e-05
P5TLH_ATGGGAGGTACGACCC_1,5.380774510965386e-05
P4TLH_TTAGGACAGCATCATC_1,5.37448204424714e-05
P5TLH_TATTACCCAGCCTTTC_1,5.373999878686847e-05
P3TLH_CGGCTAGAGTGAAGTT_1,5.372818080920196e-05
P5TLH_CAGCCGATCTTACCTA_1,5.371922640368002e-05
P2TLH_ATAAGAGTCGCCGTGA_1,5.367656150512378e-05
P4TLH_CGGTTAATCGCTTAGA_1,5.367641039456171e-05
P4TLH_CAGCATACACGAAGCA_1,5.367521371775814e-05
P5TLH_AATCGGTGTCGTTGTA_1,5.364905444643766e-05
P2TLH_GAGGTGAAGAAGGTGA_1,5.3635445167200144e-05
P3TLH_TGGTTAGCAAGGCTCC_1,5.352017992862415e-05
P3TLH_CCGTGGACATCCTTGC_1,5.3480870977691665e-05
P3TLH_CACATTTGTTGAGGTG_1,5.3463864873967676e-05
P3TLH_CGATCGGGTGCTAGCC_1,5.346159178829852e-05
P5TLH_ATAACGCTCCTTTCTC_1,5.3457648867349364e-05
P5TLH_GGGATGATCCTTGGTC_1,5.345572593348222e-05
P5TLH_GCAATCAAGTGTGAAT_1,5.344149870368826e-05
P2TLH_GGCTGGTTCTAACTTC_1,5.343705194725369e-05
P3TLH_ATGGGAGAGTGTCTCA_1,5.341362373403866e-05
P3TLH_ACTTACTCATCCGTGG_1,5.3408445053659224e-05
P5TLH_TGGCCAGAGGAATTAC_1,5.339826919412903e-05
P5TLH_CCGTGGACAGCTCGAC_1,5.3388339394363224e-05
P1TLH_CTGATAGCAATGACCT_1,5.338042617461997e-05
P3TLH_TCCACACGTTAAGACA_1,5.336233360895407e-05
P3TLH_AAGGAGCGTTCGAATC_1,5.332667247804832e-05
P3TLH_CTTAACTGTCATGCAT_1,5.3313105703113786e-05
P5TLH_AAATGCCCAAGTTCTG_1,5.3253803843131645e-05
P4TLH_CTCAGAACAGTAGAGC_1,5.323549791608488e-05
P3TLH_CTGTGCTTCGAACGGA_1,5.3216985572655e-05
P3TLH_GCATGCGTCTGCAAGT_1,5.320820581253114e-05
P3TLH_GGTGCGTGTGCTTCTC_1,5.3189809139059786e-05
P3TLH_GTCCTCACATTGGTAC_1,5.317126381162473e-05
P5TLH_ATCTGCCTCTGTCTAT_1,5.315962863132678e-05
P2TLH_GCGCAACTCCGTAGTA_1,5.307315267341319e-05
P2TLH_TTTCCTCCAGCGTCCA_1,5.3038271221284685e-05
P5TLH_ACGGCCAGTATCACCA_1,5.2997018623572886e-05
P3TLH_TTAGGCAAGACAATAC_1,5.293082711251153e-05
P3TLH_TGCGGGTAGGTGATTA_1,5.290784496660098e-05
P2TLH_TAAGAGAGTCGTCTTC_1,5.290219977778091e-05
P5TLH_GGGTCTGGTAAATACG_1,5.282565797023915e-05
P3TLH_TCTTCGGAGGCCCTTG_1,5.272570694834292e-05
P3TLH_CTCTAATAGCGTGTCC_1,5.272041029844951e-05
P3TLH_ACATACGAGTGTACGG_1,5.270529855537325e-05
P5TLH_AGCGGTCTCCTTTACA_1,5.269715889666588e-05
P1TLH_CAGGTGCTCTTTACAC_1,5.269041478500431e-05
P2TLH_ATCTGCCCATGTCGAT_1,5.267825142146441e-05
P3TLH_TTTGCGCTCTCGATGA_1,5.267805214600656e-05
P3TLH_GCTCCTAAGATATACG_1,5.2667951764804693e-05
P5TLH_CGAATGTAGACAAAGG_1,5.2661428645590196e-05
P5TLH_CCGTTCACAGTAAGAT_1,5.2614463630951733e-05
P5TLH_CCTATTAAGACAAGCC_1,5.2605305741927234e-05
P3TLH_AGCTTGAAGCGGCTTC_1,5.2594292377969415e-05
P5TLH_CTGAAACTCCATTCTA_1,5.2592682190861866e-05
P1TLH_ATTGGTGGTTGGACCC_1,5.259141755966637e-05
P3TLH_AGCGTCGGTCAGATAA_1,5.2578866371047756e-05
P4TLH_AGGGTGACAAGCCGCT_1,5.255278558415733e-05
P2TLH_ATGAGGGTCAGTGTTG_1,5.2529545389170754e-05
P3TLH_CTCGTCAAGCTCCTTC_1,5.251853649720112e-05
P5TLH_GCAGTTATCTGGCGAC_1,5.250876296476144e-05
P3TLH_CATATGGGTCAACATC_1,5.249222085923176e-05
P3TLH_ACCGTAAAGCAGATCG_1,5.246916511853781e-05
P3TLH_GACCAATTCTGGTTCC_1,5.2465128691713116e-05
P4TLH_ACGCCAGGTTCCACGG_1,5.246258895747671e-05
P4TLH_ATTGGTGCACCATCCT_1,5.2426178057993076e-05
P2TLH_TAAGTGCGTTAAGGGC_1,5.2420360428944573e-05
P3TLH_CAACCTCAGCTAGGCA_1,5.241953292406938e-05
P3TLH_GCACATACACCGAAAG_1,5.241879590923623e-05
P5TLH_TCTTCGGCAGTTCATG_1,5.240757444459045e-05
P3TLH_CTTAGGACACCGATAT_1,5.2381213916188445e-05
P3TLH_GCATGATCACGAGGTA_1,5.236520262629105e-05
P3TLH_GCACATAAGACGCAAC_1,5.234696358466756e-05
P2TLH_TTCTACACAACCGCCA_1,5.233779324460909e-05
P5TLH_AGACGTTGTTAAAGAC_1,5.230460964682164e-05
P3TLH_CTAGAGTCAACTTGAC_1,5.2272434748670485e-05
P5TLH_TATTACCGTACTCTCC_1,5.225881321879915e-05
P2TLH_CAGTCCTCAGTGAGTG_1,5.22571399514765e-05
P1TLH_CGTCAGGTCACGAAGG_1,5.221305026020836e-05
P3TLH_CATATGGTCTCTGTCG_1,5.21912184270953e-05
P1TLH_GACACGCTCGGTGTTA_1,5.216942929105665e-05
P3TLH_GCGCAACGTTCGTGAT_1,5.211049710044615e-05
P5TLH_AGTAGTCTCGGCTACG_1,5.210095455039179e-05
P5TLH_TGTATTCGTAGGAGTC_1,5.209566370791724e-05
P5TLH_CACACCTAGGCTCTTA_1,5.2064368056849485e-05
P2TLH_CTCATTAAGAATTCCC_1,5.198690808568198e-05
P3TLH_CGCTTCATCGTTTGCC_1,5.195692210120623e-05
P4TLH_GTTCATTTCCTCGCAT_1,5.195436097388726e-05
P3TLH_GGGACCTCACAACGCC_1,5.19523056231141e-05
P5TLH_ATCTACTAGACCTTTG_1,5.1941368863459914e-05
P5TLH_ACACCAACATGTTCCC_1,5.189763655865833e-05
P1TLH_TACGGTAAGGCGATAC_1,5.189312452644481e-05
P4TLH_CAGCAGCAGACCCACC_1,5.185327833829058e-05
P1TLH_GACCAATGTTTAGGAA_1,5.18298617870352e-05
P3TLH_CGATCGGTCGTCACGG_1,5.1826826710982814e-05
P2TLH_ACACTGAGTCGAGTTT_1,5.181305137519462e-05
P2TLH_GAAGCAGCAGGTCCAC_1,5.175084421999707e-05
P2TLH_GATGAAATCGGTCTAA_1,5.1748293167797906e-05
P3TLH_CCATTCGTCCGTTGCT_1,5.171502952717831e-05
P1TLH_AGCGTCGAGGGTGTGT_1,5.170745710275636e-05
P5TLH_TGGCCAGCATGCCCGA_1,5.1673677723946886e-05
P3TLH_GATCTAGGTTATCCGA_1,5.162535578945636e-05
P3TLH_AGTAGTCCAACGATCT_1,5.162420961634793e-05
P1TLH_TCTGGAAGTAGTACCT_1,5.158066220500181e-05
P5TLH_GTACGTACATGTCTCC_1,5.155959327264056e-05
P3TLH_GTCACGGTCAAACCAC_1,5.15432704736143e-05
P3TLH_TACGGTAAGGTACTCT_1,5.1539226033845106e-05
P1TLH_ACTGAACTCATGTGGT_1,5.15365028477336e-05
P5TLH_TGGCGCAGTCTTCTCG_1,5.141222538953656e-05
P3TLH_AAACCTGGTCCTCTTG_1,5.137388287933863e-05
P1TLH_ACCAGTAAGGATGTAT_1,5.13737037366558e-05
P3TLH_GTACTTTAGGAATGGA_1,5.135358232085431e-05
P4TLH_ACTGCTCAGTGTCTCA_1,5.1345889050452964e-05
P3TLH_CAGCCGATCCAGATCA_1,5.133965156525678e-05
P5TLH_CAGCAGCAGTAGCGGT_1,5.133965156525678e-05
P1TLH_GCTTGAAGTCGCGGTT_1,5.133965156525678e-05
P5TLH_CGGAGTCAGTGCAAGC_1,5.133117477773581e-05
P5TLH_CACACTCAGGGTATCG_1,5.1327280087907015e-05
P5TLH_GTCTTCGCAGAGCCAA_1,5.1265994736447785e-05
P3TLH_TAAGTGCGTTGAGGTG_1,5.126233842636387e-05
P3TLH_CTGGTCTCAAGGTTTC_1,5.123292191393574e-05
P3TLH_TAAACCGGTCTGCGGT_1,5.1226986053697136e-05
P3TLH_CCTTCCCGTAGGAGTC_1,5.1212352943140734e-05
P3TLH_TAGCCGGGTAAGTGTA_1,5.120557019730753e-05
P3TLH_GGAACTTGTCGCATAT_1,5.118969779242398e-05
P3TLH_CAAGATCAGAATAGGG_1,5.117768293507701e-05
P3TLH_GAACATCGTCATCCCT_1,5.1087260558780065e-05
P5TLH_AAGCCGCGTGATAAAC_1,5.101434582232772e-05
P3TLH_ATGGGAGGTAAATGTG_1,5.1004401114903704e-05
P4TLH_CAGAGAGCAATTGCTG_1,5.100292448693767e-05
P5TLH_TTAGTTCCAGCCTATA_1,5.0978316065960065e-05
P2TLH_GCGGGTTGTATCTGCA_1,5.0970269735624626e-05
P5TLH_GATCGATGTCCGAAGA_1,5.0969654083212864e-05
P3TLH_GTTTCTAAGTACGTTC_1,5.0944782552679624e-05
P5TLH_CCAATCCCATATACCG_1,5.0894505350465546e-05
P4TLH_GCATACATCCGTAGTA_1,5.0867061221815614e-05
P3TLH_ACAGCTAAGATGAGAG_1,5.084193239807515e-05
P3TLH_GCATGCGTCATGCTCC_1,5.083439923617118e-05
P3TLH_ACCCACTAGCGTTGCC_1,5.08253215622913e-05
P4TLH_TCGGGACAGGCGTACA_1,5.078043470529675e-05
P5TLH_AGAGCGAAGCTTCGCG_1,5.077652847965146e-05
P3TLH_TATCAGGGTGCCTGGT_1,5.0774086304822533e-05
P4TLH_TCTGAGACATACCATG_1,5.075752360476383e-05
P3TLH_ATGCGATAGCGGCTTC_1,5.074932691620404e-05
P5TLH_AAAGCAATCTTCTGGC_1,5.0732375725048284e-05
P5TLH_TGCGTGGGTTTGTTGG_1,5.071711791357193e-05
P5TLH_CGACCTTAGTGTGGCA_1,5.071140486588896e-05
P3TLH_GACGCGTCAAGCTGTT_1,5.069707328280929e-05
P3TLH_CCGTTCAAGCGAAGGG_1,5.068725251294547e-05
P2TLH_CTAGCCTTCGTAGATC_1,5.066365211082168e-05
P3TLH_CACACTCGTGTTCGAT_1,5.0619118201054085e-05
P1TLH_TGTGGTATCGATCCCT_1,5.061597647155729e-05
P3TLH_ACGGGTCAGGATATAC_1,5.060346499991612e-05
P3TLH_CGACCTTAGCCCAATT_1,5.057093006016632e-05
P2TLH_CTCGGGATCTCACATT_1,5.053182994899371e-05
P3TLH_GTCTTCGAGGCTACGA_1,5.052199039750821e-05
P5TLH_GCATGTATCCAGGGCT_1,5.0499846893767455e-05
P2TLH_TTCTCAAAGGCTAGAC_1,5.0406249879051456e-05
P2TLH_GAACCTACAGCTCCGA_1,5.0389522152104826e-05
P2TLH_CTAGAGTAGTACGCCC_1,5.035524482578187e-05
P1TLH_TGAAAGAAGGTCGGAT_1,5.035524482578187e-05
P5TLH_TCTGAGACACGAGAGT_1,5.0348361736598615e-05
P1TLH_CCTTACGCATGCATGT_1,5.030028247778347e-05
P1TLH_CATATTCAGGAATCGC_1,5.028581861220588e-05
P3TLH_CATATTCCATCGTCGG_1,5.024719192000889e-05
P4TLH_CCTTACGGTCACAAGG_1,5.024505437843229e-05
P4TLH_GAACGGATCTCGTTTA_1,5.0226859551049616e-05
P1TLH_GTGGGTCGTGTATGGG_1,5.02042196131036e-05
P2TLH_TACTTGTCAGTTTACG_1,5.0192238479548456e-05
P2TLH_AACTGGTCACTGTGTA_1,5.017295793296023e-05
P3TLH_TCAATCTGTTACGCGC_1,5.016540723353968e-05
P1TLH_CGCGTTTCATGCCACG_1,5.01626031551688e-05
P5TLH_GTCGTAATCTTGCAAG_1,5.009851632468384e-05
P3TLH_AGGGATGTCACCATAG_1,5.00968661365743e-05
P3TLH_ATGAGGGAGCATCATC_1,5.009545690973947e-05
P1TLH_CAAGGCCGTGACTACT_1,5.009448503039151e-05
P4TLH_CGACTTCCATTCTCAT_1,5.001039970329691e-05
P3TLH_ACGCCGAAGGTGCTAG_1,5.0004220194776323e-05
P3TLH_AGTGGGAAGGATGTAT_1,4.9992875911634794e-05
P2TLH_ACGATACTCTTAGAGC_1,4.997341007914411e-05
P2TLH_ACATGGTTCTATGTGG_1,4.994558148177639e-05
P2TLH_CCTAGCTAGGGATACC_1,4.9937343092022816e-05
P3TLH_ACACCAAGTGGCTCCA_1,4.992887833889138e-05
P3TLH_AAGGAGCGTAATCACC_1,4.98732828211222e-05
P3TLH_GCTCCTAAGTTTGCGT_1,4.98527994732488e-05
P3TLH_TGAGGGACAATGTAAG_1,4.9840383747555675e-05
P3TLH_CTTACCGTCCTCGCAT_1,4.97878829331656e-05
P2TLH_CAGCAGCCATAAAGGT_1,4.977460927162514e-05
P3TLH_CGAATGTTCGACAGCC_1,4.9756080631324855e-05
P5TLH_CCTTTCTGTAAATACG_1,4.975341895995271e-05
P1TLH_CTAATGGGTATCTGCA_1,4.9733663877236875e-05
P3TLH_AAGTCTGGTGTGCGTC_1,4.9731406604067265e-05
P3TLH_ACGCCAGGTATCGCAT_1,4.9674465117175784e-05
P3TLH_GGGATGACATCGATTG_1,4.9673358621389045e-05
P5TLH_TATGCCCTCACTCTTA_1,4.962554446883786e-05
P5TLH_ACAGCTAAGTCGAGTG_1,4.9596745353237264e-05
P2TLH_TTTGGTTGTAAGCACG_1,4.958609607537427e-05
P3TLH_AACCGCGCACTGAAGG_1,4.9584658391572705e-05
P3TLH_ATCCGAAAGTTACCCA_1,4.954582220943042e-05
P3TLH_CTGTGCTAGTGCGATG_1,4.94914923427599e-05
P5TLH_TGATTTCTCACAAACC_1,4.9490840709198305e-05
P3TLH_GGAACTTGTGAACCTT_1,4.9487370911292344e-05
P3TLH_TGATTTCCACACTGCG_1,4.947530415803719e-05
P3TLH_AACACGTGTTCAGTAC_1,4.9466323992297716e-05
P2TLH_CCTTCCCTCTTGACGA_1,4.9465555252793e-05
P1TLH_CTAGAGTCAGCTGTGC_1,4.9465555252793e-05
P3TLH_TAGTGGTGTGAGTATA_1,4.9436327763348654e-05
P3TLH_TGGACGCGTAGCTAAA_1,4.9380655302160915e-05
P4TLH_TCGGTAATCAGTTGAC_1,4.937956088634327e-05
P3TLH_GCCTCTACATGGGACA_1,4.937247167791248e-05
P3TLH_ATCTACTAGATACACA_1,4.935742126157503e-05
P1TLH_CATCGGGAGTAAGTAC_1,4.935232164750901e-05
P2TLH_ACGAGGAGTTAAAGAC_1,4.935006302669602e-05
P3TLH_TCATTACAGGTGCTTT_1,4.9344546073277465e-05
P5TLH_ACGATGTCAACTGCTA_1,4.933725924808861e-05
P2TLH_CTGATCCTCTTCATGT_1,4.93001918772726e-05
P5TLH_GTTCATTAGGGAAACA_1,4.9289325024111244e-05
P4TLH_AAAGCAAAGTTCGCAT_1,4.9275265461817464e-05
P2TLH_TGGGCGTTCTCATTCA_1,4.925106769886305e-05
P2TLH_CAAGGCCTCTGCGACG_1,4.920352136084315e-05
P4TLH_ACCGTAAAGATACACA_1,4.9181502595624016e-05
P3TLH_CTCACACGTACGCTGC_1,4.917772046600403e-05
P3TLH_CAACTAGGTATAGGGC_1,4.917772046600403e-05
P1TLH_CGACTTCGTCCTAGCG_1,4.9133017114112325e-05
P2TLH_AGAGCGATCAAACCAC_1,4.91150757626529e-05
P2TLH_AAAGCAAGTATAGTAG_1,4.909463741009047e-05
P2TLH_GCGACCACATCGGAAG_1,4.908604867123701e-05
P4TLH_AAGGCAGAGACAGGCT_1,4.907367215048667e-05
P4TLH_CCTACCAAGCTCAACT_1,4.906270781449484e-05
P3TLH_GATCGATTCAAGGTAA_1,4.901214267363312e-05
P3TLH_TGATTTCTCTGAGGGA_1,4.900685153858469e-05
P4TLH_TACGGATTCTGCGTAA_1,4.899502502694704e-05
P2TLH_GAGCAGAGTACAAGTA_1,4.8918802596325285e-05
P3TLH_TCAATCTCATTCCTCG_1,4.891494631422155e-05
P4TLH_GATCGTAGTCTTTCAT_1,4.882979321723769e-05
P3TLH_GTTAAGCAGAACAACT_1,4.868724652567116e-05
P4TLH_GGACGTCAGTGTGAAT_1,4.86308885701079e-05
P3TLH_TACTTGTGTCTCTTAT_1,4.8613049659663e-05
P3TLH_CTCTAATGTCCGACGT_1,4.860687570058428e-05
P2TLH_CTCTAATTCTGCCCTA_1,4.857058811457187e-05
P4TLH_ATTGGACCATCAGTAC_1,4.856367420603869e-05
P3TLH_GACTAACTCACCCTCA_1,4.855049125068436e-05
P3TLH_TTCTCAACACCAACCG_1,4.8502568586730776e-05
P3TLH_CGTAGCGGTCTCCCTA_1,4.8497740734575796e-05
P2TLH_CGCGTTTTCATTGCGA_1,4.848796910789351e-05
P3TLH_ACACCAATCGGTGTTA_1,4.848004807035751e-05
P3TLH_CGTGTAACAGTCACTA_1,4.847888681101102e-05
P4TLH_GAAACTCTCTAACTGG_1,4.847678100635173e-05
P4TLH_CGATGTAAGTACGACG_1,4.8474650331287225e-05
P3TLH_AAATGCCGTTGTACAC_1,4.8470957476633855e-05
P2TLH_CTGCGGAGTATTCGTG_1,4.846488955431526e-05
P5TLH_TGGCTGGAGAGCTATA_1,4.846170881989953e-05
P5TLH_CGGCTAGGTAAGAGGA_1,4.8460194386807954e-05
P3TLH_CTTTGCGGTGTCGCTG_1,4.844894608502357e-05
P3TLH_CACAAACTCAACGGCC_1,4.844668587843796e-05
P3TLH_CCCAGTTAGGAGCGTT_1,4.8440356957672666e-05
P3TLH_CCGTTCATCTGCTGTC_1,4.8434574099782034e-05
P4TLH_ACATACGCAGTATCTG_1,4.84232405573057e-05
P4TLH_GACCTGGTCGAACGGA_1,4.8389885170236e-05
P3TLH_GTGGGTCTCCGGCACA_1,4.8261096949845786e-05
P2TLH_TGGCGCAAGAAGGTTT_1,4.823724490740233e-05
P5TLH_TGGCCAGAGGGTGTTG_1,4.8231268555326367e-05
P3TLH_AACCATGCAGTAAGCG_1,4.822753130386915e-05
P4TLH_CCACCTAGTATTCGTG_1,4.822405261101702e-05
P5TLH_CCAGCGATCGGAGGTA_1,4.8178169397588654e-05
P3TLH_CGCTTCATCGAACGGA_1,4.81386807267918e-05
P5TLH_TCTTTCCTCCTAGAAC_1,4.8115716264557705e-05
P1TLH_GTCACAATCACTGGGC_1,4.8110475505167554e-05
P2TLH_AACCGCGAGTTCGATC_1,4.810153262473277e-05
P1TLH_AGACGTTAGTCGCCGT_1,4.810029998404735e-05
P4TLH_TACCTTAAGCCACGTC_1,4.806675811328335e-05
P2TLH_TCATTACGTATGAAAC_1,4.8043892664050284e-05
P5TLH_CAAGGCCCACCCATTC_1,4.803737921006966e-05
P3TLH_TGGCTGGTCTAACTCT_1,4.8027478813091e-05
P2TLH_GTACGTAGTCCGAAGA_1,4.8021427025467104e-05
P2TLH_CAGAATCAGATCCGAG_1,4.8019983527417266e-05
P3TLH_TGCCCTAAGGACACCA_1,4.8015625404002335e-05
P3TLH_TTCTCCTTCTCATTCA_1,4.7983608440083355e-05
P5TLH_AGCTTGAAGCGTTTAC_1,4.7976052516884555e-05
P2TLH_GCTGGGTCATCCAACA_1,4.797393008761674e-05
P5TLH_AACTCCCAGGACACCA_1,4.797104450322858e-05
P3TLH_CAGTCCTTCCTTAATC_1,4.795892159598424e-05
P3TLH_TGTGTTTTCTCGAGTA_1,4.7917919200660495e-05
P3TLH_TTCGAAGTCTACGAGT_1,4.787261971981424e-05
P5TLH_GCTTGAAGTCAAAGAT_1,4.786676578223113e-05
P1TLH_AAATGCCAGAGATGAG_1,4.7857793983591574e-05
P5TLH_CTTTGCGGTTACGTCA_1,4.782262371827505e-05
P4TLH_AGCATACAGACCGGAT_1,4.7797363658173206e-05
P3TLH_TGGACGCGTCTAAACC_1,4.77910368975255e-05
P5TLH_GAACATCAGCGTGAAC_1,4.768416318646623e-05
P3TLH_AGAGCTTGTGACGCCT_1,4.767680815867116e-05
P4TLH_TGACAACGTTTGGGCC_1,4.766385735382342e-05
P5TLH_CTCGTACAGATATGGT_1,4.762060906684474e-05
P1TLH_CACATAGGTCTAGTGT_1,4.761389109934629e-05
P5TLH_AGGCCACGTCTCTTAT_1,4.761279934200786e-05
P5TLH_GATTCAGAGATGCGAC_1,4.758142885010785e-05
P3TLH_TGGTTAGCACTCGACG_1,4.75753256495158e-05
P3TLH_AGTAGTCGTTAAGATG_1,4.756897698717732e-05
P1TLH_CAACCTCAGATGTTAG_1,4.755440849460156e-05
P5TLH_CCCAATCGTCAGTGGA_1,4.7548463715834306e-05
P3TLH_CCGGTAGCAAGGGTCA_1,4.7548463715834306e-05
P3TLH_TGGGAAGTCGGAAATA_1,4.753580063232283e-05
P3TLH_CGATCGGTCATAAAGG_1,4.74883352596208e-05
P3TLH_CTTTGCGCAAACGTGG_1,4.745572403415025e-05
P5TLH_TGCTACCCATCCAACA_1,4.7414536751237414e-05
P3TLH_TGTTCCGGTATAGGGC_1,4.741343655000783e-05
P5TLH_AGCGGTCGTGTGAATA_1,4.7412564997506963e-05
P3TLH_AATCCAGGTCACTGGC_1,4.7401049117787293e-05
P5TLH_AGGGATGTCGGTGTCG_1,4.7383087881277874e-05
P1TLH_GTTCTCGAGTTCGCGC_1,4.7367397577345255e-05
P3TLH_GTACTTTAGTCACGCC_1,4.7348032347504715e-05
P4TLH_TTCGAAGAGCCACCTG_1,4.7323531949440186e-05
P1TLH_CGCTGGACAAGTAATG_1,4.7284036830904764e-05
P3TLH_AAACCTGCAGTCAGCC_1,4.727689096305063e-05
P1TLH_AGGGTGAGTCCGAAGA_1,4.7253356541241683e-05
P3TLH_CTCGTACGTGACCAAG_1,4.724560815473489e-05
P3TLH_ATCCGAAGTTGATTGC_1,4.7230088981138755e-05
P3TLH_GGCGTGTGTTCAACCA_1,4.722708293165135e-05
P5TLH_GGAATAAGTCTAGAGG_1,4.720388977780928e-05
P5TLH_GGGCACTTCCAACCAA_1,4.716764484920463e-05
P4TLH_CTCTGGTTCAACGGCC_1,4.7165911815245446e-05
P5TLH_TGACTAGCATACTACG_1,4.7147146187316465e-05
P3TLH_TCATTACGTTTAAGCC_1,4.7121808769523485e-05
P2TLH_TGAGGGAGTTGAGTTC_1,4.7121808769523485e-05
P3TLH_TAGTTGGAGCGTGAGT_1,4.711759755997209e-05
P1TLH_GGGATGAGTCGAAAGC_1,4.711182017828566e-05
P3TLH_CAGAATCGTTTGGGCC_1,4.70725760765178e-05
P2TLH_CGAGAAGCACGACTCG_1,4.706134726815206e-05
P3TLH_GTCTCGTGTATATCCG_1,4.703814365354567e-05
P4TLH_TTCTTAGTCCGCATCT_1,4.70209732877861e-05
P2TLH_ACGCCAGGTCCGAGTC_1,4.700934196379875e-05
P5TLH_CTAACTTAGCTACCGC_1,4.698783659060411e-05
P2TLH_CGCGGTAAGCGCTCCA_1,4.6978159466690635e-05
P5TLH_ACATCAGGTACCAGTT_1,4.690555467470009e-05
P4TLH_CGATTGATCGTCTGAA_1,4.688787765653944e-05
P4TLH_GTGCTTCGTATATCCG_1,4.688787765653944e-05
P2TLH_GGATTACTCATAAAGG_1,4.6871864206267934e-05
P3TLH_ACTTACTGTGCACTTA_1,4.6869553889864877e-05
P5TLH_CATTATCAGAATCTCC_1,4.686277825604748e-05
P5TLH_TCGTACCCAAAGTGCG_1,4.685825999661213e-05
P1TLH_CCGGTAGCATACAGCT_1,4.6818099168384596e-05
P3TLH_ACACCGGGTCTAAACC_1,4.675799946234211e-05
P3TLH_CTCTAATAGGAATTAC_1,4.67187026211543e-05
P4TLH_AGAGTGGCATCAGTAC_1,4.670787290279248e-05
P3TLH_CACACTCTCTGGGCCA_1,4.6704828123251646e-05
P3TLH_CTTGGCTGTGTAACGG_1,4.666350382316086e-05
P3TLH_CGATGTAGTGAAATCA_1,4.6589480723830626e-05
P3TLH_TACGGTAAGATGTTAG_1,4.6585328246128014e-05
P5TLH_GATCGTACACCTGGTG_1,4.657979115258289e-05
P4TLH_GCAGTTACAGCAGTTT_1,4.6540664554492556e-05
P4TLH_AAGTCTGGTTCGAATC_1,4.653211917756849e-05
P3TLH_TTCTCCTGTGACAAAT_1,4.647748490025198e-05
P5TLH_GAAGCAGGTGGCAAAC_1,4.643571378741016e-05
P3TLH_AACCATGCAGTCGTGC_1,4.6432274599605436e-05
P3TLH_GAACCTATCTGAGTGT_1,4.6411538300631764e-05
P3TLH_GGATTACAGTCTTGCA_1,4.6411538300631764e-05
P3TLH_TTCTCCTCACTACAGT_1,4.6385987163494724e-05
P5TLH_AATCCAGAGCCGGTAA_1,4.6295397382592974e-05
P3TLH_CTGGTCTGTCCGAAGA_1,4.629155627602799e-05
P4TLH_AGACGTTGTGTATGGG_1,4.62684558680015e-05
P3TLH_AACCGCGGTCCAGTAT_1,4.622826845352739e-05
P2TLH_CTCGAAACAGACACTT_1,4.6220002917819884e-05
P1TLH_GTATCTTGTTCGCGAC_1,4.615853793077362e-05
P2TLH_GACGGCTGTCCTCTTG_1,4.615826027711141e-05
P3TLH_TCAGATGTCGTACCGG_1,4.615356041751794e-05
P1TLH_CAAGAAATCGTTTATC_1,4.6095344092005247e-05
P3TLH_AAAGTAGAGAGGACGG_1,4.6095344092005247e-05
P1TLH_CTCGGAGAGTTCGCAT_1,4.605708021982108e-05
P3TLH_CTAGCCTAGGAGTCTG_1,4.6017109599607246e-05
P3TLH_CGATGTACACTTACGA_1,4.596417539449409e-05
P2TLH_CATCCACAGAGACTTA_1,4.5884018144102726e-05
P1TLH_AGAGCTTAGGAGTAGA_1,4.588397085484633e-05
P3TLH_GCATGATTCCTGTACC_1,4.582417739441245e-05
P1TLH_TCTGAGATCGCCAAAT_1,4.579986111705648e-05
P3TLH_CGTCCATCAAGAAGAG_1,4.57972212921255e-05
P4TLH_GAATGAATCCTTGCCA_1,4.5774950572905396e-05
P5TLH_ATTACTCTCACATAGC_1,4.576994502353919e-05
P5TLH_GTAACTGCAAGAAGAG_1,4.574004638439412e-05
P1TLH_TAGACCACAAATACAG_1,4.572417598886669e-05
P4TLH_CACACAATCCGAATGT_1,4.572123218409146e-05
P3TLH_CTCTGGTCATGATCCA_1,4.569645599349611e-05
P4TLH_CTCTACGGTTCCCGAG_1,4.569478963393321e-05
P2TLH_ACGAGGAGTAAATGAC_1,4.567629923695609e-05
P2TLH_CGGTTAACACCAACCG_1,4.567617781839969e-05
P2TLH_ATTGGACAGCACCGCT_1,4.564225168441642e-05
P3TLH_GGCCGATCACATGTGT_1,4.563965523579451e-05
P1TLH_TTAACTCCAAAGTCAA_1,4.563700990096357e-05
P3TLH_CCTTCCCAGTGCTGCC_1,4.562424896702845e-05
P3TLH_CTGTGCTAGCTCTCGG_1,4.5619861288224306e-05
P4TLH_GTACGTAAGGATCGCA_1,4.561767329084045e-05
P2TLH_CTAGCCTCAATGGATA_1,4.560175042211947e-05
P1TLH_AGGGAGTCATCCCATC_1,4.552714016032391e-05
P3TLH_CCTAGCTTCAGTTGAC_1,4.546959521372293e-05
P3TLH_CCACCTAAGAAGCCCA_1,4.546864209202549e-05
P3TLH_CAGCTAATCGCCTGAG_1,4.54272464519828e-05
P3TLH_CATATTCGTTCCACTC_1,4.5417133986942014e-05
P5TLH_AAAGCAAGTTTACTCT_1,4.5407413218545665e-05
P5TLH_CGAATGTCAAATCCGT_1,4.5405890321457255e-05
P4TLH_GTAGGCCTCAAAGTAG_1,4.53796889047997e-05
P3TLH_TACGGATTCTAACTGG_1,4.53556650716236e-05
P2TLH_TCGTACCCATAGTAAG_1,4.534868244146407e-05
P1TLH_TCAGGATGTTGTCTTT_1,4.533715518220001e-05
P3TLH_AACTCCCAGACCTTTG_1,4.533593287727793e-05
P5TLH_GCTCCTAAGTGACATA_1,4.533143736363521e-05
P3TLH_GCTGCTTGTAGCGCAA_1,4.5330436893663094e-05
P1TLH_ATGAGGGGTCACCCAG_1,4.53197203432037e-05
P1TLH_GATCAGTGTTCCAACA_1,4.514171527693127e-05
P1TLH_ATTATCCGTCGACTAT_1,4.512412687717496e-05
P3TLH_GTGAAGGGTCCTCTTG_1,4.50972751809847e-05
P3TLH_TAAGAGAAGGTGATAT_1,4.509518683568697e-05
P2TLH_TATCAGGTCCTGCTTG_1,4.507413326032603e-05
P3TLH_GCATGCGGTGACCAAG_1,4.50654536115722e-05
P3TLH_AACTTTCGTTGCGTTA_1,4.504306370654083e-05
P3TLH_GGATGTTCAAGTAATG_1,4.50320171299256e-05
P3TLH_TACAGTGAGACCTAGG_1,4.5029332487712084e-05
P1TLH_AGCATACAGCAAATCA_1,4.5015411560187435e-05
P1TLH_TTATGCTAGCTGATAA_1,4.497754923457927e-05
P3TLH_CCGTACTTCATGCATG_1,4.496868659344819e-05
P5TLH_CGTGAGCGTAAACGCG_1,4.494790105556669e-05
P3TLH_ATTTCTGAGTAGGCCA_1,4.493173751052395e-05
P3TLH_GACGTGCGTCGACTGC_1,4.4897002372847674e-05
P3TLH_CTTGGCTTCATCGCTC_1,4.489373529062563e-05
P3TLH_CCTACCACATGAACCT_1,4.488851224190014e-05
P5TLH_GCTGGGTAGGGCTCTC_1,4.487826659352869e-05
P3TLH_AAGACCTGTGTAACGG_1,4.485916366908996e-05
P4TLH_TCTTTCCAGTGACATA_1,4.483583440229141e-05
P4TLH_GTAACTGCATACGCCG_1,4.482672261939582e-05
P2TLH_GACTGCGAGTCCCACG_1,4.4791547442288575e-05
P1TLH_TGCCCTAGTACACCGC_1,4.477763907281349e-05
P3TLH_GTGCATAAGGAATCGC_1,4.476557968273184e-05
P3TLH_CAAGAAAAGGAGCGAG_1,4.476557968273184e-05
P3TLH_ACGGGCTTCCATGAAC_1,4.471587253602459e-05
P5TLH_GAGGTGACATGCCTTC_1,4.46706273066336e-05
P5TLH_GCTGCGACATTGAGCT_1,4.4658171253544764e-05
P4TLH_AGAATAGCAGACTCGC_1,4.4631382497234115e-05
P3TLH_CGTGTAAAGTGGGATC_1,4.460523079145798e-05
P1TLH_GCGCCAATCTATCCTA_1,4.458355310372182e-05
P5TLH_ACTGATGTCCACTCCA_1,4.4561311777607145e-05
P3TLH_CTAATGGAGTGACATA_1,4.455471524694099e-05
P3TLH_ACACTGAAGACATAAC_1,4.454673657885871e-05
P4TLH_TCGGTAAAGCAAATCA_1,4.454234310848391e-05
P5TLH_CTACCCAGTCAGATAA_1,4.4524031828760164e-05
P2TLH_TTAGGCATCCTGCAGG_1,4.445744835877445e-05
P3TLH_GGGAGATTCGGACAAG_1,4.442559581745874e-05
P1TLH_ACAGCTATCAGTGCAT_1,4.442242495845624e-05
P4TLH_CGTCACTGTTGTCGCG_1,4.441442838262116e-05
P2TLH_CACACTCTCAGGCGAA_1,4.43805270193371e-05
P2TLH_AGCTTGAAGCCACTAT_1,4.432444243285004e-05
P1TLH_TCTTCGGTCCGAGCCA_1,4.4281968071164205e-05
P2TLH_GTCCTCAAGTGAACGC_1,4.427637426707494e-05
P2TLH_CCGTGGACACTTCGAA_1,4.426392123797973e-05
P1TLH_ACTTACTGTGTAACGG_1,4.422608424571058e-05
P4TLH_GCCTCTACAAACTGTC_1,4.419978330350102e-05
P4TLH_ATCGAGTTCAGTTGAC_1,4.412525151924404e-05
P3TLH_CTACATTCAATAAGCA_1,4.408464488354971e-05
P3TLH_CTCGAGGCAGCTATTG_1,4.407778976047222e-05
P4TLH_CCGTACTTCCAGGGCT_1,4.4073963943803626e-05
P5TLH_CCTTTCTCAAAGGCGT_1,4.407223077020089e-05
P3TLH_AGAGCGAAGACGCAAC_1,4.406201283549186e-05
P3TLH_GAGCAGAAGTGCAAGC_1,4.406083922255914e-05
P4TLH_GCAAACTTCTTGAGAC_1,4.4048612020652476e-05
P4TLH_ACGCAGCGTAAAGTCA_1,4.4044517301854056e-05
P3TLH_TCTTCGGCACTAGTAC_1,4.4022768596474104e-05
P3TLH_CCCAATCCAAGTTAAG_1,4.4018318233465835e-05
P3TLH_CTGCCTACAAAGCAAT_1,4.4007090429949404e-05
P3TLH_ACACCGGTCTCATTCA_1,4.3959975096226925e-05
P1TLH_GATCGATTCACTTATC_1,4.3957485292472046e-05
P5TLH_GACTGCGAGCAAATCA_1,4.389257910157132e-05
P5TLH_CTGTGCTCACATCTTT_1,4.389088958384703e-05
P3TLH_ACGAGCCGTAGCTTGT_1,4.386169061778994e-05
P3TLH_ACTATCTTCTCGAGTA_1,4.376390735681854e-05
P2TLH_ACGGAGAGTGACGGTA_1,4.373377725929281e-05
P3TLH_CCCATACGTGCCTGTG_1,4.3730655163004126e-05
P2TLH_TGTCCCATCGCCAAAT_1,4.369344390110441e-05
P2TLH_CTCATTAGTTCAGGCC_1,4.369023150209162e-05
P3TLH_GAATAAGGTAGAAAGG_1,4.368983283785866e-05
P4TLH_CCCATACCACGTCAGC_1,4.361015659390348e-05
P2TLH_GCAGTTAAGTTGTAGA_1,4.355783946727227e-05
P4TLH_ACGTCAAAGCCGCCTA_1,4.3520645404133617e-05
P3TLH_GAACATCAGTTCGCAT_1,4.3405109504125055e-05
P3TLH_GCTGCAGAGCTAGTCT_1,4.3382631278359494e-05
P4TLH_GCTGGGTGTCTAGAGG_1,4.337796731460563e-05
P2TLH_GACAGAGTCATCTGTT_1,4.335789602247278e-05
P2TLH_TCAGCAAGTGAGTGAC_1,4.335577792071391e-05
P3TLH_TACACGATCTTGTCAT_1,4.3339999534916166e-05
P2TLH_CGCTTCAAGAAGAAGC_1,4.3339999534916166e-05
P1TLH_AACCGCGTCCACGCAG_1,4.333873032780254e-05
P5TLH_ACATCAGCAGAAGCAC_1,4.332748310036005e-05
P5TLH_CGGTTAAGTGAGTATA_1,4.330803332185146e-05
P5TLH_GATCGCGCATCCAACA_1,4.3300100772199635e-05
P5TLH_GGCGTGTTCTGCCCTA_1,4.329595994152826e-05
P4TLH_GCATGTAGTCTCCCTA_1,4.328462424475446e-05
P3TLH_GCAAACTGTCCGAAGA_1,4.328236084619388e-05
P3TLH_CAGCCGACACCTCGGA_1,4.326341354426305e-05
P5TLH_CATGCCTAGCCAGTTT_1,4.3235036211880074e-05
P5TLH_CTACACCTCTCTGCTG_1,4.323073644472856e-05
P3TLH_ATTGGACGTACATCCA_1,4.3228234978312267e-05
P5TLH_GCACATATCATTGCCC_1,4.32143850862549e-05
P3TLH_GGATGTTAGCCACGTC_1,4.3208073389390814e-05
P4TLH_TTCGGTCTCCACGACG_1,4.32066287488118e-05
P3TLH_AACTCCCCAGTACACT_1,4.317562009085942e-05
P3TLH_ATCTGCCGTACATCCA_1,4.317447545859725e-05
P1TLH_TCATTACGTGAAAGAG_1,4.316069580355105e-05
P2TLH_TACTTACAGTGACATA_1,4.314773460213327e-05
P5TLH_GGTATTGGTCCGTCAG_1,4.311740890688262e-05
P3TLH_GAAATGACACGACGAA_1,4.311334268602338e-05
P5TLH_TGCTGCTAGGCCCTTG_1,4.301345102639244e-05
P5TLH_TGACGGCAGTACGTTC_1,4.2996031284639e-05
P1TLH_TCGCGTTAGTACGACG_1,4.299281151825502e-05
P1TLH_ATAAGAGCACGTGAGA_1,4.2921798858294536e-05
P3TLH_TCCCGATGTGAGGGAG_1,4.2867459814376165e-05
P2TLH_TCGGTAATCGATCCCT_1,4.2860975718821283e-05
P2TLH_ACTTGTTCAGTGAGTG_1,4.281185994535311e-05
P3TLH_CCGTTCACAATAGAGT_1,4.281047532356854e-05
P1TLH_GTCATTTTCGGAAACG_1,4.280992250768912e-05
P5TLH_CGGACTGTCTAACTGG_1,4.279024634056382e-05
P2TLH_ATGTGTGGTTATCGGT_1,4.277438260299586e-05
P3TLH_CCACCTATCATTCACT_1,4.276118675051617e-05
P5TLH_GACGTTAGTATATGGA_1,4.274086439106306e-05
P3TLH_GCACATACATCACGTA_1,4.271290410710704e-05
P3TLH_ACGTCAATCTGTCCGT_1,4.2689077875834264e-05
P5TLH_GTGCATACAGACGCCT_1,4.267696078595062e-05
P3TLH_GTCACAACAATCTACG_1,4.2664380587820336e-05
P3TLH_TAAACCGAGTTTGCGT_1,4.2648069112564164e-05
P3TLH_CAACCAATCCAGATCA_1,4.2555273308918596e-05
P5TLH_TCAACGAAGTAGTGCG_1,4.255133262250192e-05
P3TLH_AACTCCCTCTATCCTA_1,4.250624337176288e-05
P4TLH_TCAGCAACAAACAACA_1,4.248166917716897e-05
P3TLH_TAGGCATGTGCTCTTC_1,4.247275819176098e-05
P5TLH_CGACTTCGTAAATACG_1,4.245869546875189e-05
P1TLH_GTAGTCACATCGGGTC_1,4.240384687352659e-05
P2TLH_TTGGCAAGTCAAAGAT_1,4.234098607452015e-05
P1TLH_GACAGAGGTGTGGCTC_1,4.2337097820387225e-05
P3TLH_GCATGCGTCAGCAACT_1,4.2332458860004816e-05
P2TLH_GTCTCGTGTCAGAATA_1,4.2329430281639767e-05
P2TLH_TACTTACCACTGAAGG_1,4.2329430281639767e-05
P3TLH_CATCCACAGCGATAGC_1,4.232474805514799e-05
P5TLH_CTCGTCACATTATCTC_1,4.2309990401789996e-05
P3TLH_AGGGATGCATTTCAGG_1,4.2259531885560284e-05
P4TLH_TAAGTGCGTAACGACG_1,4.22365069893157e-05
P2TLH_CTCACACTCGTCTGCT_1,4.220235998591056e-05
P4TLH_GCTTGAACATTTGCCC_1,4.2199089890885493e-05
P1TLH_TGGCTGGTCCGTAGTA_1,4.215145075624966e-05
P3TLH_ACGGCCATCCACGTGG_1,4.213109876270266e-05
P4TLH_TTCGGTCAGATCTGCT_1,4.209452153362794e-05
P1TLH_CACACCTGTAGATTAG_1,4.2020066756147526e-05
P3TLH_GATCGTAAGCGCCTTG_1,4.2016222601627986e-05
P2TLH_ATCTGCCGTCCAGTAT_1,4.2014826828560006e-05
P3TLH_CGAATGTGTATAGGTA_1,4.200701037180916e-05
P3TLH_CTGCGGATCACCATAG_1,4.199591120746045e-05
P5TLH_GCTTCCACAGTAACGG_1,4.19548830712813e-05
P3TLH_TATCTCATCGTCCAGG_1,4.183429299062821e-05
P1TLH_CTTAGGAGTACACCGC_1,4.1768644779211736e-05
P5TLH_CCTTACGGTTCAGACT_1,4.1754764271811996e-05
P3TLH_TTCGAAGCACTAAGTC_1,4.17466252722591e-05
P1TLH_CGATGGCTCAGTGCAT_1,4.17173931129452e-05
P3TLH_TGTTCCGCAAAGAATC_1,4.170748326938685e-05
P3TLH_TAGAGCTAGCAATCTC_1,4.166803293348915e-05
P3TLH_ATTATCCTCTGTCTAT_1,4.166145083557616e-05
P5TLH_AGCTTGAAGTCGTTTG_1,4.164450839928677e-05
P2TLH_TGGGAAGCAGGATCGA_1,4.163448863716486e-05
P5TLH_TCGAGGCAGAGCTGCA_1,4.160725082863321e-05
P2TLH_AAAGTAGGTCTTCTCG_1,4.157363021719782e-05
P1TLH_GGCTGGTTCTCGCATC_1,4.157060106275014e-05
P5TLH_CGGGTCACATCCGTGG_1,4.1565452513129235e-05
P2TLH_GTCAAGTCACCAGATT_1,4.156215151453065e-05
P2TLH_CCTTTCTAGAGCTGCA_1,4.155416478079691e-05
P5TLH_GCTGCAGGTTAAGACA_1,4.1547869452562945e-05
P2TLH_ACGCCGACAATGTAAG_1,4.154223499564685e-05
P3TLH_TGATTTCGTCCGACGT_1,4.1526269101921283e-05
P3TLH_GGGACCTGTACTCTCC_1,4.152038750519928e-05
P3TLH_GTGCAGCCACGGCGTT_1,4.1496470527115565e-05
P3TLH_TGACTAGTCCCTTGTG_1,4.146606140589421e-05
P3TLH_TGGGAAGAGTACATGA_1,4.146513208798946e-05
P5TLH_TAAACCGCAATGTAAG_1,4.146348585277543e-05
P3TLH_AACTGGTTCCTGCCAT_1,4.146348585277543e-05
P4TLH_CTGAAGTAGTCCCACG_1,4.144872388423697e-05
P3TLH_AATCCAGTCAGCTTAG_1,4.144176349166118e-05
P2TLH_TACTCGCAGTTCGCGC_1,4.143685709093897e-05
P2TLH_CTCGTCACAGCCTTTC_1,4.142182521804798e-05
P5TLH_TACGGGCCAGGAACGT_1,4.138331478038438e-05
P1TLH_GGGTTGCGTTCAGACT_1,4.133782006646598e-05
P2TLH_CATTATCTCCACGACG_1,4.132407627295589e-05
P3TLH_ACAGCTAAGACCACGA_1,4.131299315544776e-05
P2TLH_TTAGGACGTCGCATAT_1,4.127096487511497e-05
P1TLH_CACTCCATCGGCTTGG_1,4.1263955644153615e-05
P2TLH_CATGGCGCAATGGATA_1,4.1263955644153615e-05
P2TLH_CGGCTAGTCTCAAGTG_1,4.1261726337250115e-05
P2TLH_ACTGATGGTTGCGCAC_1,4.1261726337250115e-05
P1TLH_TACCTTATCCCGACTT_1,4.12474711575264e-05
P5TLH_TCTCATACAAAGAATC_1,4.123158267333305e-05
P2TLH_GCTGCTTTCTTTAGTC_1,4.120853608706958e-05
P1TLH_TTGACTTTCTCAACTT_1,4.12080471125992e-05
P3TLH_AGCTCTCGTTCTCATT_1,4.1169030374626606e-05
P3TLH_GTGAAGGGTGTGGCTC_1,4.1169030374626606e-05
P1TLH_AACTCAGTCGGAGCAA_1,4.115877234031152e-05
P3TLH_GAAGCAGAGTGTACGG_1,4.113317421832389e-05
P2TLH_CACAGTATCCTATGTT_1,4.1132963476907914e-05
P4TLH_CGCTATCCAGGTCTCG_1,4.1132963476907914e-05
P1TLH_CATGGCGTCTAACGGT_1,4.1132387616321e-05
P1TLH_GACTACATCTGAAAGA_1,4.1131794398607534e-05
P4TLH_GCTGGGTTCGTTACAG_1,4.110573864735442e-05
P3TLH_CTTAGGAAGTTACGGG_1,4.107671124036237e-05
P5TLH_CGGTTAACACTGTCGG_1,4.101006702023259e-05
P2TLH_AGGGTGACACCAGGCT_1,4.09577577454389e-05
P3TLH_CCTTTCTTCTGTTTGT_1,4.094823973321892e-05
P3TLH_CGAGAAGAGTGGCACA_1,4.0925157638053014e-05
P1TLH_CAAGAAAAGCTAGTCT_1,4.092310141835227e-05
P1TLH_AAACCTGTCTAAGCCA_1,4.088838775367375e-05
P3TLH_TTCGGTCGTCCTCTTG_1,4.086980844702405e-05
P3TLH_AAAGTAGTCTTGTCAT_1,4.086583556457528e-05
P5TLH_GCAAACTAGGCATGTG_1,4.086385954954119e-05
P3TLH_CTTAGGAAGACACTAA_1,4.084014897259223e-05
P3TLH_GATGCTATCTGGAGCC_1,4.081121714505421e-05
P3TLH_CTGTGCTCACTTAACG_1,4.0760921566801355e-05
P3TLH_TGTGGTACAAGTTCTG_1,4.075582604214371e-05
P2TLH_TTCGAAGAGGGTCTCC_1,4.0723462832670514e-05
P4TLH_GTAACGTCAAGAAAGG_1,4.07019331825854e-05
P3TLH_CTGCGGAGTTCTGAAC_1,4.0691306452023704e-05
P4TLH_GGATGTTTCCTAGGGC_1,4.0691047332794206e-05
P5TLH_AGCTTGAAGAGGTACC_1,4.068544252793914e-05
P4TLH_GTATCTTGTTATGCGT_1,4.066127061698226e-05
P3TLH_CGGAGCTAGATGTCGG_1,4.065044960415114e-05
P3TLH_TTGTAGGTCCTTGCCA_1,4.0648027521068243e-05
P5TLH_AATCGGTGTGGCCCTA_1,4.0633733629660726e-05
P2TLH_CACAGGCAGTTTCCTT_1,4.063277187429343e-05
P1TLH_TACTCATGTAGCGTAG_1,4.063005968231491e-05
P3TLH_TATCAGGTCATGCATG_1,4.061759078571839e-05
P3TLH_GTTAAGCGTGTGGCTC_1,4.048589836244361e-05
P5TLH_CCACCTAAGAAGGTGA_1,4.048213654453607e-05
P3TLH_GTGCGGTTCAGCTTAG_1,4.042636593668079e-05
P3TLH_GGGTTGCAGTAGCCGA_1,4.042636593668079e-05
P1TLH_TGAAAGAGTCCAAGTT_1,4.041122268688167e-05
P3TLH_GCAGTTATCGTGTAGT_1,4.0390121802448706e-05
P3TLH_AAAGTAGCAAAGCAAT_1,4.0390121802448706e-05
P1TLH_ACTGATGTCAACACGT_1,4.038119840270863e-05
P3TLH_TTTCCTCTCAGCACAT_1,4.0377207792864285e-05
P3TLH_TACCTATCAACGCACC_1,4.0322458511408384e-05
P4TLH_ACACTGATCTTGCCGT_1,4.031364553958445e-05
P4TLH_AAGACCTAGGCTAGCA_1,4.028573438010716e-05
P4TLH_TCCACACCACTACAGT_1,4.027930896096296e-05
P1TLH_GTGCGGTTCCCATTAT_1,4.0212883475786175e-05
P1TLH_CACACCTCAACTGGCC_1,4.015955440090531e-05
P4TLH_AGCCTAAGTGGTACAG_1,4.0159279621710877e-05
P1TLH_CTGTTTAGTAAATGTG_1,4.0159279621710877e-05
P1TLH_TGTGGTATCACGAAGG_1,4.0081368182600535e-05
P5TLH_GGACGTCTCGCACTCT_1,4.0060217800528995e-05
P3TLH_CAAGGCCGTAAACCTC_1,4.0050308368571507e-05
P2TLH_CGTAGGCCACGCATCG_1,4.003940266513675e-05
P3TLH_GACTGCGTCACAACGT_1,3.9963359019599406e-05
P5TLH_ACTTTCATCATTCACT_1,3.996210166883984e-05
P3TLH_CCCATACGTTGTTTGG_1,3.9960049455907946e-05
P5TLH_TTCTTAGGTGCGAAAC_1,3.9932383663343096e-05
P2TLH_TGAGAGGTCGCCCTTA_1,3.9901713151017647e-05
P4TLH_GGCGTGTCAGCTGTTA_1,3.989725509247719e-05
P4TLH_GACTGCGCATGAGCGA_1,3.989199818956503e-05
P1TLH_AAAGTAGTCTGCGGCA_1,3.9811695043662024e-05
P3TLH_TTAGGCATCTGTCCGT_1,3.9811695043662024e-05
P4TLH_GCAGCCAGTTCGCTAA_1,3.979162638465052e-05
P5TLH_GTAACTGTCACAACGT_1,3.979162638465052e-05
P2TLH_GAGTCCGCACGTTGGC_1,3.9782400947621634e-05
P2TLH_CGTGTAACACTTAACG_1,3.975800932375855e-05
P1TLH_CGAACATGTCTGGTCG_1,3.974279642732109e-05
P5TLH_CTAACTTTCCAGTAGT_1,3.971465664880394e-05
P5TLH_TAAGAGATCACAGTAC_1,3.968794550598715e-05
P1TLH_CCTTACGAGTGGAGTC_1,3.967757222435825e-05
P5TLH_CTACCCATCTGTTGAG_1,3.9641599519833045e-05
P5TLH_TCGTAGAGTCCCTACT_1,3.9620653632897695e-05
P5TLH_CAGAGAGAGGCTATCT_1,3.959319387420791e-05
P4TLH_TAAACCGGTGCCTGTG_1,3.958162768965842e-05
P4TLH_GGCGACTAGGACATTA_1,3.956019464358679e-05
P3TLH_CGTGTCTGTTCCGTCT_1,3.956019464358679e-05
P1TLH_CATCCACCATGAAGTA_1,3.951029493600448e-05
P5TLH_CATATGGTCAAGAAGT_1,3.937178602526147e-05
P3TLH_CCTTACGGTACGACCC_1,3.9345707767093106e-05
P3TLH_CAACCTCCAAGTCTGT_1,3.9334946743104926e-05
P5TLH_CGGAGCTCAGCGTTCG_1,3.931527032170844e-05
P3TLH_ACACCAACAGGCTCAC_1,3.930641369128986e-05
P3TLH_GCCAAATCAAAGCAAT_1,3.93048104659299e-05
P3TLH_CCCATACCAGGTCCAC_1,3.9290221662553504e-05
P3TLH_CATATTCCACGAGAGT_1,3.9289376977015104e-05
P2TLH_CGGGTCAAGGTGATTA_1,3.928200842591095e-05
P3TLH_GCCTCTACACGGTAGA_1,3.927879461431791e-05
P3TLH_ATCGAGTAGGACAGCT_1,3.927879461431791e-05
P3TLH_CTCTAATGTGCGATAG_1,3.92681739746029e-05
P3TLH_TGAGGGATCACCCTCA_1,3.926579316492537e-05
P4TLH_TCATTTGAGTCAAGCG_1,3.9229824618338294e-05
P2TLH_TGACTAGAGAACAATC_1,3.922435224573227e-05
P3TLH_CTGCCTAGTCTACCTC_1,3.921631988072407e-05
P3TLH_TCCACACCAACGATCT_1,3.9190052717038894e-05
P2TLH_GGATGTTAGTCGAGTG_1,3.917685683893654e-05
P3TLH_CGCTGGACACACGCTG_1,3.9154267815191876e-05
P3TLH_TCTTTCCGTCGACTGC_1,3.914034570296889e-05
P3TLH_TCGCGTTGTTGTGGAG_1,3.914034570296889e-05
P5TLH_CCTCTGATCAAGGTAA_1,3.9121168045182973e-05
P2TLH_TATCTCAGTCTCATCC_1,3.907332025997521e-05
P3TLH_CCATTCGTCATACGGT_1,3.901719009015135e-05
P1TLH_CAGAGAGCAATCACAC_1,3.8999211471342394e-05
P5TLH_GGTGCGTAGTTGCAGG_1,3.8985217547624236e-05
P3TLH_ATCTACTAGTGCCATT_1,3.8951127611777774e-05
P3TLH_CTCTGGTGTAAGTTCC_1,3.894172124601806e-05
P4TLH_CTCAGAATCATGCAAC_1,3.8910377214055244e-05
P2TLH_GGAACTTGTAATAGCA_1,3.88904397277304e-05
P5TLH_AGAGCGACAAAGCGGT_1,3.887201798697697e-05
P1TLH_CTCGGAGCATTCTCAT_1,3.882746613404577e-05
P1TLH_GTGCGGTCATGGTTGT_1,3.8823901103352164e-05
P3TLH_GCATGATCACTGCCAG_1,3.8823901103352164e-05
P5TLH_TAAGTGCGTTTGTTTC_1,3.8823901103352164e-05
P2TLH_CACACTCAGCGATTCT_1,3.881257056831015e-05
P2TLH_CACAGGCAGCCCAACC_1,3.8804599711424946e-05
P4TLH_GCGCAACAGAGCTTCT_1,3.879922765856678e-05
P5TLH_CTGTTTACAAGCGCTC_1,3.878690182575372e-05
P1TLH_TCTCTAAGTCAGAAGC_1,3.877676598130708e-05
P4TLH_GAGCAGAAGAGACTAT_1,3.877676598130708e-05
P2TLH_TGGCGCACATCCTTGC_1,3.877141052253089e-05
P3TLH_AAGCCGCAGGCATGTG_1,3.8742331362735735e-05
P1TLH_CCGGTAGAGTCCAGGA_1,3.8742331362735735e-05
P3TLH_ATAGACCAGTGCGATG_1,3.873671039853345e-05
P3TLH_TCGTAGATCATCGCTC_1,3.871543408095626e-05
P3TLH_GATCGATGTCAAAGCG_1,3.869913711939514e-05
P3TLH_CCGGTAGCAACTGGCC_1,3.864465341015961e-05
P5TLH_CCGGGATAGCTAGTGG_1,3.860561196202814e-05
P3TLH_GAGGTGATCTTTACGT_1,3.858190182725631e-05
P2TLH_TCGGGACCACCCATGG_1,3.8554703642389e-05
P1TLH_CATCGGGCACATTCGA_1,3.852355704460615e-05
P2TLH_CTACATTTCCCACTTG_1,3.850356700298537e-05
P3TLH_GTTCATTGTACTCGCG_1,3.849694434269628e-05
P3TLH_ACAGCTAGTACGCACC_1,3.849546006593027e-05
P5TLH_CGCGTTTTCCAGTAGT_1,3.848838040413406e-05
P1TLH_TGCGTGGCAGCCAATT_1,3.846836894717673e-05
P5TLH_CATCGGGCAAATACAG_1,3.846836894717673e-05
P3TLH_AGGGATGCATGCCACG_1,3.8457155879671795e-05
P3TLH_AGGGATGTCCTTGGTC_1,3.8446459785003064e-05
P3TLH_ACTGATGAGGCAAAGA_1,3.843667592729235e-05
P4TLH_TTATGCTTCAGCGACC_1,3.843667592729235e-05
P3TLH_ATCATCTCAAACAACA_1,3.841714162037368e-05
P1TLH_CAGTCCTGTTGGTGGA_1,3.8415986821933804e-05
P5TLH_ATGAGGGTCTTCATGT_1,3.833279343483427e-05
P5TLH_TTGGAACAGTCACGCC_1,3.8326585695006775e-05
P2TLH_ACGGAGAGTACGACCC_1,3.8147856874494576e-05
P1TLH_GCAGTTACAAGTTCTG_1,3.8147856874494576e-05
P1TLH_CAGTAACAGCTACCGC_1,3.8123414049130845e-05
P2TLH_CACAGTACACGAAACG_1,3.8099955558806834e-05
P3TLH_GGAATAAAGATAGGAG_1,3.809864508339668e-05
P3TLH_TGCACCTAGACACTAA_1,3.809648725347578e-05
P2TLH_AAAGATGAGCAGACTG_1,3.809412527780693e-05
P4TLH_GGACAGAGTCGCTTCT_1,3.8091348064264515e-05
P3TLH_GCAGCCAGTGACCAAG_1,3.8090242281361114e-05
P1TLH_TCGTAGATCTGTTGAG_1,3.809024228136103e-05
P4TLH_CACAGTAGTAATTGGA_1,3.809012875536478e-05
P4TLH_CGGACACGTACTTGAC_1,3.8078991361611004e-05
P5TLH_GACGTTAAGTCGATAA_1,3.805627325030457e-05
P5TLH_CGTCCATCAATCTACG_1,3.804352679568125e-05
P4TLH_CGGAGTCTCAACACCA_1,3.802462458078636e-05
P5TLH_TGCGGGTAGACCCACC_1,3.7990271429170136e-05
P3TLH_GGGCACTCAGGCAGTA_1,3.797504409692041e-05
P1TLH_GTCCTCAAGCAGATCG_1,3.797456946611863e-05
P5TLH_AACTCCCCAGCTGCTG_1,3.794545830275135e-05
P3TLH_AACGTTGAGGCAAAGA_1,3.794545830275135e-05
P5TLH_CATCAAGCAATGGTCT_1,3.793005199800557e-05
P4TLH_TGCGTGGGTTCAGTAC_1,3.792622148514025e-05
P3TLH_ACGCAGCTCGGTCTAA_1,3.792428305530703e-05
P4TLH_CCTCAGTAGGTTACCT_1,3.7915900041582874e-05
P3TLH_AGTCTTTAGCACGCCT_1,3.7909394766723704e-05
P5TLH_AGGTCCGAGCAGCCTC_1,3.7909394766723704e-05
P1TLH_CAAGGCCAGGCATGGT_1,3.788758817567467e-05
P2TLH_GCGAGAAGTTCCCTTG_1,3.77744906913566e-05
P3TLH_GTTCGGGAGATATACG_1,3.7766433619336405e-05
P5TLH_GTCTCGTAGGTGACCA_1,3.7766433619336405e-05
P3TLH_ACACCCTGTTACTGAC_1,3.776607648881478e-05
P4TLH_CCTCAGTTCTGGGCCA_1,3.773272945219636e-05
P3TLH_GACTAACAGGAGTTGC_1,3.76669015100714e-05
P1TLH_CGCTATCGTACCAGTT_1,3.7647408161533916e-05
P5TLH_GGCTGGTAGCTCCTTC_1,3.7592094012002984e-05
P5TLH_TTAGGACGTACAAGTA_1,3.7524443739760074e-05
P5TLH_CTAAGACCATTAGGCT_1,3.7524443739760074e-05
P4TLH_ATAAGAGTCAGCTGGC_1,3.7513208876364947e-05
P5TLH_CAAGTTGAGTTGTCGT_1,3.7498773117953235e-05
P2TLH_ACGCCAGGTAGCTCCG_1,3.749749136501435e-05
P1TLH_CCTATTAAGTCCGTAT_1,3.7495643111891905e-05
P3TLH_CCGGGATCAGGAATGC_1,3.7495643111891905e-05
P3TLH_GTCGTAAGTTGTACAC_1,3.748247896967172e-05
P5TLH_ACCTTTATCCTATGTT_1,3.7464470314537355e-05
P2TLH_AGGGATGCAACACCTA_1,3.740890726181632e-05
P1TLH_TTATGCTGTAGGGTAC_1,3.7407856079079055e-05
P1TLH_ACATACGTCATAGCAC_1,3.7407856079079055e-05
P3TLH_TCGGTAACAGGTGCCT_1,3.7398748302717225e-05
P3TLH_GAAACTCAGGCGCTCT_1,3.7398748302717225e-05
P3TLH_GATGAAAAGATACACA_1,3.738801149608217e-05
P3TLH_TGCTACCAGTCCCACG_1,3.738405239617733e-05
P3TLH_ACATACGAGGTGACCA_1,3.7304649735609865e-05
P3TLH_CCGTACTCAAGCGTAG_1,3.728103952840357e-05
P2TLH_ATTTCTGAGGAGTTGC_1,3.725952659581297e-05
P3TLH_ATAACGCGTTCCACAA_1,3.716812615059781e-05
P2TLH_TTAGGCATCTGACCTC_1,3.714857102992812e-05
P4TLH_TGTATTCTCACCCGAG_1,3.7129230640505416e-05
P3TLH_TGGCTGGTCCTTAATC_1,3.711861925706993e-05
P4TLH_CGTTCTGGTGTGGCTC_1,3.711437209045682e-05
P1TLH_GGAAAGCTCACATACG_1,3.7108789730795784e-05
P3TLH_AGCGGTCAGAGGTACC_1,3.708768247836262e-05
P5TLH_TGGTTCCGTGTGGTTT_1,3.7082925895082604e-05
P3TLH_GGCTCGAGTAGCTGCC_1,3.705212733716395e-05
P3TLH_GAACGGAGTACAGCAG_1,3.702727927337679e-05
P3TLH_CTGTGCTGTATAGGTA_1,3.700669325022622e-05
P3TLH_GTCCTCATCAGAGGTG_1,3.7004717543065445e-05
P3TLH_CGAGCCAAGTACCGGA_1,3.6972536234900685e-05
P2TLH_GGCTGGTTCGCACTCT_1,3.6943040520990204e-05
P3TLH_CGCTGGATCGCACTCT_1,3.6842606224289285e-05
P5TLH_CTGATCCGTACTTCTT_1,3.677283023037401e-05
P4TLH_ACGATACAGGTGTGGT_1,3.677283023037401e-05
P5TLH_CTACATTAGGAATTAC_1,3.675613407533301e-05
P3TLH_GACGTTAAGCGCCTCA_1,3.671413649385166e-05
P2TLH_CTACACCGTCTCCATC_1,3.671052268737113e-05
P1TLH_AACGTTGAGGCTCAGA_1,3.66853021112133e-05
P1TLH_CCACCTATCACAACGT_1,3.667709007755566e-05
P5TLH_GGATTACGTCTAGTGT_1,3.6656780464916716e-05
P2TLH_CCTAGCTTCGTATCAG_1,3.6632497911944074e-05
P2TLH_ATTGGACGTGCTCTTC_1,3.650863505245383e-05
P3TLH_ATCACGACAGTTTACG_1,3.6499399173622756e-05
P3TLH_CGTCTACAGACAGGCT_1,3.649645458932921e-05
P1TLH_TCAACGAGTAATAGCA_1,3.649645458932921e-05
P3TLH_TGTATTCAGAGCCCAA_1,3.6464774559546705e-05
P2TLH_TACTCATGTAGCTCCG_1,3.640689577372347e-05
P4TLH_CGGAGCTTCCGCAGTG_1,3.640689577372347e-05
P3TLH_ACACCAATCGGTCTAA_1,3.640689577372347e-05
P3TLH_TAGCCGGGTACGACCC_1,3.6398927046358854e-05
P3TLH_TTTGTCAAGCCGATTT_1,3.638701648604365e-05
P5TLH_GTCGTAAGTGTTGGGA_1,3.6376201959197675e-05
P5TLH_CTCGGAGTCTTAGCCC_1,3.6374275929906366e-05
P2TLH_GTCAAGTCATCGGGTC_1,3.6369100266023766e-05
P3TLH_CATTATCCAAGTAGTA_1,3.6369100266023766e-05
P3TLH_GAAGCAGCATCCAACA_1,3.634179716158624e-05
P1TLH_AAAGCAAGTCGCGTGT_1,3.632593057483653e-05
P4TLH_TAGTGGTGTACCGTAT_1,3.632593057483653e-05
P5TLH_GGAGCAACATTAACCG_1,3.632593057483653e-05
P4TLH_TACCTATGTACAAGTA_1,3.6325187168511364e-05
P3TLH_TGAAAGAAGGAATCGC_1,3.6325187168511364e-05
P5TLH_AGCTCTCTCGTTTAGG_1,3.615262956742268e-05
P2TLH_ACAGCTAAGCGTGAGT_1,3.614335165953978e-05
P1TLH_CTCGTACAGGAGTCTG_1,3.613340455826413e-05
P3TLH_CGCCAAGCATCCGCGA_1,3.611801944381638e-05
P3TLH_GTACTCCAGGAACTGC_1,3.6057041223524286e-05
P3TLH_CGATTGACATGCTAGT_1,3.604426845365011e-05
P3TLH_TTTGCGCCAACCGCCA_1,3.602561370394048e-05
P2TLH_TCGAGGCTCAACGGCC_1,3.5913203856117005e-05
P1TLH_CGTCACTTCCGCGGTA_1,3.591172196083226e-05
P4TLH_GTTCATTTCAGCAACT_1,3.589085137143492e-05
P5TLH_CTTTGCGCACGTCAGC_1,3.589085137143492e-05
P3TLH_AGGTCATCAGGTCGTC_1,3.589085137143492e-05
P5TLH_CACAGTAAGCGGCTTC_1,3.589085137143492e-05
P3TLH_TTTCCTCGTCTAGCGC_1,3.589085137143492e-05
P3TLH_CTGATCCTCATACGGT_1,3.5874230865472866e-05
P5TLH_CTTAACTAGAAGGACA_1,3.584733936406588e-05
P2TLH_CCACTACAGTTGAGTA_1,3.5761082391146035e-05
P1TLH_TTATGCTGTAGCTGCC_1,3.573499125674258e-05
P3TLH_CTACCCATCTGCCCTA_1,3.57174797656844e-05
P4TLH_AAAGATGAGGACGAAA_1,3.570960213877605e-05
P3TLH_GCTTCCATCAGCTCGG_1,3.566580637095118e-05
P4TLH_CACACCTGTGCACTTA_1,3.566134778687573e-05
P3TLH_ACACCAATCAGTTTGG_1,3.560563003577282e-05
P5TLH_CCATGTCAGAAACGAG_1,3.560563003577282e-05
P3TLH_CTGCGGATCATCTGTT_1,3.560563003577282e-05
P3TLH_TGACGGCCACTTCTGC_1,3.56002741053969e-05
P2TLH_GTTTCTAAGTGCGATG_1,3.56002741053969e-05
P3TLH_CCTAGCTCACGGACAA_1,3.559884612941936e-05
P4TLH_TACCTATCATGGGAAC_1,3.559884612941936e-05
P2TLH_CCAGCGAGTACGAAAT_1,3.557423156319522e-05
P3TLH_CGAATGTCAGTCAGAG_1,3.556413398829218e-05
P2TLH_ACTTGTTGTTGATTGC_1,3.5557507624261106e-05
P3TLH_GGACAAGGTTGGTAAA_1,3.552756282037165e-05
P2TLH_GTCCTCATCGGTCCGA_1,3.5415841467091554e-05
P1TLH_CCATGTCTCTGTCTCG_1,3.5415841467091554e-05
P5TLH_TGACGGCTCAGGATCT_1,3.5391436136999705e-05
P5TLH_TACCTATAGCACACAG_1,3.5390943463106304e-05
P3TLH_CGACCTTCAGGTCGTC_1,3.5383783927456034e-05
P2TLH_ACACTGAGTCAAACTC_1,3.5383783927456034e-05
P3TLH_GGATTACCATTAACCG_1,3.5383783927456034e-05
P5TLH_GTAACTGTCGTGACAT_1,3.5383783927456034e-05
P3TLH_GCAAACTTCAGTGCAT_1,3.5374329419336905e-05
P3TLH_GCCAAATCACACGCTG_1,3.534135657714261e-05
P3TLH_TAAACCGCAGACGCCT_1,3.534135657714261e-05
P4TLH_ACACCAATCAGAGCTT_1,3.5324437545399336e-05
P2TLH_AGCTTGAAGAAGATTC_1,3.528908887880102e-05
P3TLH_AGTTGGTCAGTGAGTG_1,3.5287218075007694e-05
P5TLH_TCTCTAAAGAAGGACA_1,3.5270623379289994e-05
P5TLH_TTGGCAATCTGAGGGA_1,3.524961026839349e-05
P3TLH_GTATCTTAGGTGATTA_1,3.524961026839349e-05
P3TLH_TGGCGCAGTCGCTTCT_1,3.524828028108599e-05
P4TLH_CCCAATCTCACTCCTG_1,3.522631113267199e-05
P4TLH_TGATTTCTCTGCGTAA_1,3.519967185445674e-05
P3TLH_CTAATGGCAGTACACT_1,3.508891388005414e-05
P3TLH_AGAGTGGGTCAGAGGT_1,3.508891388005414e-05
P1TLH_TAGCCGGTCATGTCTT_1,3.506795370632009e-05
P5TLH_GCATGATTCAAGCCTA_1,3.505903524557786e-05
P1TLH_GTCCTCATCCACGACG_1,3.505903524557786e-05
P2TLH_ACGATGTAGTACGCGA_1,3.505903524557786e-05
P3TLH_CGTCTACAGAGATGAG_1,3.50487794175723e-05
P4TLH_CAGTCCTCAAGGTTTC_1,3.504754912141625e-05
P3TLH_GACGCGTCAGATTGCT_1,3.498427350146589e-05
P3TLH_TCGCGAGTCAACGAAA_1,3.497638026977462e-05
P2TLH_TCTTTCCCACTTGGAT_1,3.497638026977462e-05
P2TLH_CATATGGCACATGACT_1,3.497638026977462e-05
P3TLH_TCAGGTAGTGGCTCCA_1,3.4946906952629725e-05
P2TLH_TCACAAGGTAGGACAC_1,3.491448410161592e-05
P3TLH_AGAATAGTCGTACGGC_1,3.490292725771144e-05
P5TLH_GCTCCTACACGAAACG_1,3.489341772361448e-05
P1TLH_TGACTTTGTGAAAGAG_1,3.4861910825523514e-05
P3TLH_TGGCTGGTCCATTCTA_1,3.4861910825523514e-05
P5TLH_ACGGCCAAGTCCGGTC_1,3.4861910825523514e-05
P3TLH_CACAGGCCACACAGAG_1,3.4816563748637846e-05
P2TLH_AGAGCGAAGAACAATC_1,3.481646257475462e-05
P4TLH_GCAAACTAGACTACAA_1,3.480098989482368e-05
P5TLH_CAGCAGCAGTGTGGCA_1,3.479472383480327e-05
P1TLH_CGTTAGATCTAGAGTC_1,3.472695231773875e-05
P3TLH_CTCATTATCAAAGACA_1,3.465321030268683e-05
P1TLH_TTTCCTCTCAAACAAG_1,3.462322454380247e-05
P1TLH_TTAGGACCAAGCCGCT_1,3.4613829030898423e-05
P5TLH_CGACCTTGTCACCCAG_1,3.4588028969504064e-05
P3TLH_TACTCGCGTTATCCGA_1,3.4588028969504064e-05
P5TLH_GTTCGGGAGGCTAGAC_1,3.456927975798258e-05
P3TLH_TTCCCAGTCCGTAGGC_1,3.45634798875938e-05
P3TLH_TCAGGTATCGCGTTTC_1,3.455290487731286e-05
P4TLH_TACTCATCAGCGTCCA_1,3.451239260591975e-05
P3TLH_CAGGTGCCAGGTCCAC_1,3.450160535908209e-05
P1TLH_CCTAAAGCACCCATTC_1,3.442749429620646e-05
P2TLH_ACGCCAGTCGATGAGG_1,3.442749429620646e-05
P5TLH_AAGACCTTCGAGCCCA_1,3.442383156628413e-05
P3TLH_GCTCTGTCATGTCTCC_1,3.4409158736880325e-05
P5TLH_TATCTCACACATCCGG_1,3.431160656493774e-05
P2TLH_TCAGCAAAGTAACCCT_1,3.4287371123804904e-05
P5TLH_AGTGTCATCTTGAGAC_1,3.424316181742769e-05
P3TLH_CGTGTAACAACAACCT_1,3.4234588184870334e-05
P3TLH_CTGAAGTGTTCGTCTC_1,3.4234588184870334e-05
P3TLH_GAGGTGAAGCCCAATT_1,3.422643437683785e-05
P3TLH_TGAGCCGGTGATGTCT_1,3.421950608239669e-05
P5TLH_AAGACCTTCCAGAGGA_1,3.421950608239669e-05
P3TLH_GTTAAGCAGTTACGGG_1,3.421950608239669e-05
P3TLH_GATTCAGTCAGAAATG_1,3.421950608239669e-05
P5TLH_GACAGAGAGTGTACTC_1,3.421818672527135e-05
P3TLH_CAGATCAGTGCGCTTG_1,3.421818672527135e-05
P3TLH_GGCGTGTTCTCTAGGA_1,3.4201969488852174e-05
P1TLH_CAACCTCCAGCTTCGG_1,3.419072323813436e-05
P3TLH_TGCCCTAGTCGGCTCA_1,3.418945488062047e-05
P3TLH_TAGAGCTTCACCTTAT_1,3.4188284172590026e-05
P1TLH_CTGATAGTCGGTCCGA_1,3.4165934157593194e-05
P4TLH_CCTTCCCTCCTTGACC_1,3.413797791870584e-05
P3TLH_CACAGTATCATCTGCC_1,3.4137046798205016e-05
P2TLH_CGTCACTTCCTCGCAT_1,3.4137046798205016e-05
P1TLH_ACTGCTCGTGAGGGAG_1,3.4137046798205016e-05
P5TLH_TTGGAACCATCGGAAG_1,3.402507071482513e-05
P5TLH_GGAATAAAGAGTACCG_1,3.4015759478788506e-05
P5TLH_GCTCTGTAGCTCTCGG_1,3.400194965795845e-05
P1TLH_TAGAGCTTCGTAGGAG_1,3.397333195996265e-05
P3TLH_TCGCGAGGTATTACCG_1,3.3956754741080416e-05
P2TLH_GACTAACAGATACACA_1,3.394995808056818e-05
P4TLH_TATTACCGTTAAGGGC_1,3.394851307451406e-05
P2TLH_GATGCTAGTCATTAGC_1,3.3925300629131165e-05
P3TLH_CTCGAGGAGTCGAGTG_1,3.3925300629131165e-05
P3TLH_AGCGTCGTCAGTTAGC_1,3.3909422043353096e-05
P3TLH_ACAGCCGGTGAGCGAT_1,3.390021135906427e-05
P1TLH_ATAACGCCACGAAATA_1,3.389953994239376e-05
P4TLH_ACCCACTCAATGGAGC_1,3.3891293279022424e-05
P4TLH_GTAGTCACATTTGCTT_1,3.388370889247755e-05
P3TLH_TGAGGGATCATCGATG_1,3.386144469138394e-05
P5TLH_TGAAAGAAGCTCAACT_1,3.3857892226990916e-05
P3TLH_GAACCTAGTATGGTTC_1,3.3857892226990916e-05
P4TLH_GGTGCGTGTCAGAAGC_1,3.3857892226990916e-05
P3TLH_CACCAGGTCCTCTAGC_1,3.3849390869881696e-05
P3TLH_ACTTACTGTCAAACTC_1,3.380933299847336e-05
P3TLH_TACACGAAGGCTAGAC_1,3.380933299847336e-05
P3TLH_AGTGTCAGTACTTAGC_1,3.380933299847336e-05
P3TLH_GATGCTATCTTAGCCC_1,3.378455118519333e-05
P3TLH_GTGCTTCTCCTAGGGC_1,3.3681770233651116e-05
P3TLH_CGCTATCAGACTGTAA_1,3.3616842581754806e-05
P4TLH_GACGCGTCATGCTAGT_1,3.358307791274074e-05
P2TLH_CACATAGAGTTAGCGG_1,3.358307791274074e-05
P3TLH_CAGCTGGGTCGTGGCT_1,3.357810140271339e-05
P3TLH_GACAGAGCAGATTGCT_1,3.357810140271339e-05
P4TLH_AGGGATGTCGTGGACC_1,3.357164472688755e-05
P1TLH_CCATGTCGTGGTAACG_1,3.357016321718791e-05
P3TLH_CTTAACTTCGTTACGA_1,3.357016321718791e-05
P3TLH_CTCGGGATCCCTTGTG_1,3.3552935575563215e-05
P3TLH_ACCGTAAAGCCAGTAG_1,3.3552935575563215e-05
P3TLH_AGCTCTCTCAGGATCT_1,3.3531064942068854e-05
P3TLH_TAAGAGAGTTATGCGT_1,3.335175189776164e-05
P4TLH_GGCTGGTAGGGTGTTG_1,3.330175139069987e-05
P2TLH_GATGCTAAGAAAGTGG_1,3.3252362010503395e-05
P3TLH_TGAGAGGCAAGACACG_1,3.3251427625848046e-05
P3TLH_CCTTCCCGTTGTTTGG_1,3.324333182463753e-05
P4TLH_GCGCGATTCGGACAAG_1,3.324333182463753e-05
P3TLH_CATGCCTTCCTAGTGA_1,3.306147595789531e-05
P1TLH_CGAACATCACGTCTCT_1,3.305875024178888e-05
P5TLH_TAAGCGTCACACAGAG_1,3.3028490303372816e-05
P3TLH_ATAAGAGAGGCAATTA_1,3.29938938061322e-05
P3TLH_TCTGAGAGTTGTCTTT_1,3.29938938061322e-05
P3TLH_AGGTCATAGCATCATC_1,3.297703683519534e-05
P4TLH_TCTTCGGTCCGAAGAG_1,3.296682886965567e-05
P2TLH_CGGCTAGTCACGCATA_1,3.296682886965567e-05
P1TLH_TTCTACACATTGGTAC_1,3.2935224299701285e-05
P2TLH_ATCCACCGTGTGGTTT_1,3.292524578000374e-05
P3TLH_AGCTCTCAGCTGGAAC_1,3.292524578000374e-05
P4TLH_GTTCATTTCACTCTTA_1,3.291313713189048e-05
P1TLH_GAGCAGATCCAAGTAC_1,3.291313713189048e-05
P3TLH_TGAGCATCAGCGAACA_1,3.286246831112985e-05
P3TLH_AAGTCTGAGTATGACA_1,3.280017031625432e-05
P3TLH_CTCAGAAAGTGTGGCA_1,3.275534474274154e-05
P4TLH_GACAGAGAGAGGTTAT_1,3.2754059426655164e-05
P3TLH_TTGCGTCCAATGAATG_1,3.269266845166025e-05
P5TLH_TAGCCGGGTAGAGCTG_1,3.264738069911379e-05
P3TLH_CACATTTCAGGTCGTC_1,3.264738069911379e-05
P1TLH_GACTAACCATGCATGT_1,3.263157572210767e-05
P1TLH_CCAATCCAGATCGATA_1,3.259629525294338e-05
P5TLH_TGCGTGGAGATATGGT_1,3.25184220168546e-05
P2TLH_TTCGAAGAGCCACCTG_1,3.25184220168546e-05
P3TLH_TACTCATAGCCCAGCT_1,3.23783911676346e-05
P3TLH_ACGGGTCGTTTGACAC_1,3.233504572448719e-05
P3TLH_ATTTCTGGTCGGATCC_1,3.2318757017570454e-05
P5TLH_TACTTGTGTAAGTGTA_1,3.2265968502667527e-05
P3TLH_AAAGCAATCGCATGAT_1,3.2258208605478935e-05
P5TLH_CAGTCCTTCTTAGAGC_1,3.22290355976746e-05
P3TLH_GGGCACTCAATGTTGC_1,3.2222876710791506e-05
P5TLH_ATGCGATAGGCATGTG_1,3.205697412264728e-05
P3TLH_GTCACGGCACCCTATC_1,3.204024669485717e-05
P3TLH_GGCGACTGTAGCGCAA_1,3.201236007743085e-05
P4TLH_GGCTGGTAGAGGGATA_1,3.201236007743085e-05
P1TLH_ACGGCCAGTACAGTTC_1,3.200439662632434e-05
P2TLH_TGACTTTAGACAGGCT_1,3.200264075179163e-05
P5TLH_GCGCCAACATTAGCCA_1,3.189104631793068e-05
P4TLH_ACTGTCCGTCTCAACA_1,3.184433990951496e-05
P5TLH_AGAGCGAAGATAGTCA_1,3.182692301534797e-05
P4TLH_CCGTACTAGAGGGATA_1,3.178762879212981e-05
P1TLH_CACCACTAGTCTCGGC_1,3.178762879212981e-05
P3TLH_CCTTTCTTCGTGTAGT_1,3.178762879212981e-05
P1TLH_CAGCAGCGTAGCACGA_1,3.1748965550136517e-05
P3TLH_CATGACATCTCACATT_1,3.1747072711229825e-05
P1TLH_CAGATCAAGTAGGTGC_1,3.1747072711229825e-05
P3TLH_CAAGAAATCCAGTAGT_1,3.17420577794866e-05
P3TLH_TCATTACTCAAACGGG_1,3.17420577794866e-05
P3TLH_CGGACTGTCAGGTAAA_1,3.17420577794866e-05
P3TLH_GACCAATGTCTTGATG_1,3.1741868567800934e-05
P3TLH_GTGAAGGTCACGGTTA_1,3.1741868567800934e-05
P3TLH_TTGACTTGTTCCCGAG_1,3.1741868567800934e-05
P4TLH_CTGCCTAGTTTGACAC_1,3.1741206344664784e-05
P3TLH_TAAGAGAAGGCTATCT_1,3.171512584631111e-05
P3TLH_CAACCAACATGAACCT_1,3.170293899640105e-05
P5TLH_TGAGAGGGTTCCACAA_1,3.170293899640105e-05
P3TLH_TGTCCCATCATGTGGT_1,3.170293899640105e-05
P5TLH_TTCTCCTTCAGGCCCA_1,3.1698975810556206e-05
P1TLH_CCTAGCTGTTATGCGT_1,3.169652290631816e-05
P4TLH_CTCATTAGTTGTGGAG_1,3.1669796721502965e-05
P3TLH_CGAGCACGTCTAGCCG_1,3.156628455388725e-05
P3TLH_CGAGAAGGTGGTAACG_1,3.155026129030947e-05
P2TLH_CCGTGGATCATTGCGA_1,3.153394989459669e-05
P3TLH_CTCGTACGTGCAGACA_1,3.153014459457858e-05
P4TLH_CTACACCTCCTCTAGC_1,3.1489032059678354e-05
P3TLH_TCTTCGGGTTCCCTTG_1,3.1480747970748045e-05
P3TLH_CACCACTCACTCTGTC_1,3.147874224279716e-05
P5TLH_TTGCCGTTCACGACTA_1,3.141453917968232e-05
P3TLH_GGCCGATCAAACTGTC_1,3.13573769333369e-05
P4TLH_GGAACTTGTTCCATGA_1,3.123427695500179e-05
P3TLH_AGATCTGTCCTGTACC_1,3.1231885325431455e-05
P3TLH_AAACGGGTCTGGGCCA_1,3.1204310589834736e-05
P3TLH_GACGTTAGTACTTGAC_1,3.1204310589834736e-05
P3TLH_CTACATTAGCGTGAAC_1,3.1190145671159235e-05
P3TLH_TATCAGGTCCACGTTC_1,3.11635868849581e-05
P3TLH_CGCTATCTCAACACCA_1,3.11635868849581e-05
P1TLH_CTTAGGAAGTTTCCTT_1,3.11544705933976e-05
P1TLH_CACAAACTCTCTAGGA_1,3.1137316051067116e-05
P4TLH_ATGCGATAGCTGCCCA_1,3.0994650538847605e-05
P5TLH_GTTACAGGTGTGGCTC_1,3.0986132060059066e-05
P3TLH_GTCATTTGTCTGCGGT_1,3.0973438458831515e-05
P5TLH_GCCAAATGTAGCCTAT_1,3.097244760857808e-05
P3TLH_CAAGAAAAGACCACGA_1,3.096961546455998e-05
P3TLH_CCGTTCAAGATGTGGC_1,3.0948056665455866e-05
P2TLH_TAGCCGGGTCCATGAT_1,3.094796673311522e-05
P3TLH_AACACGTAGTCTTGCA_1,3.0934213239843276e-05
P3TLH_CCACGGATCGTCCGTT_1,3.092864340871402e-05
P3TLH_AAGGTTCGTAATAGCA_1,3.092864340871402e-05
P5TLH_GCATACATCACAATGC_1,3.09186766225773e-05
P1TLH_CCGGTAGCAAGGCTCC_1,3.09186766225773e-05
P3TLH_CGTTAGAGTTGTGGCC_1,3.090243824590217e-05
P4TLH_CGAGCACTCTCTGCTG_1,3.089635007679996e-05
P3TLH_CGTGAGCTCCTAGAAC_1,3.086840206021223e-05
P3TLH_CTAATGGCAAAGTGCG_1,3.086840206021223e-05
P3TLH_GGGACCTCAGGGCATA_1,3.0807533430271774e-05
P4TLH_TGACTAGAGACATAAC_1,3.07775974794357e-05
P3TLH_CGGACTGTCTACCAGA_1,3.063761560544977e-05
P4TLH_TGATTTCAGTAGGTGC_1,3.062078910467019e-05
P1TLH_ACGGCCAGTCTAGTGT_1,3.060221715218352e-05
P1TLH_AACTCAGAGGCGTACA_1,3.059588458815441e-05
P3TLH_TGAAAGACAGCCTGTG_1,3.050969816884515e-05
P3TLH_CATCCACGTAATTGGA_1,3.050969816884515e-05
P5TLH_CAGAATCCAGACAAAT_1,3.0390626560551532e-05
P3TLH_TCTGGAAGTTACGCGC_1,3.0344041598404462e-05
P4TLH_CATTCGCCATGGTAGG_1,3.0332720033266304e-05
P3TLH_GATCTAGAGTGTTAGA_1,3.0211035984805728e-05
P3TLH_TGGGCGTAGGCTCATT_1,3.0133521208057126e-05
P3TLH_CGATGGCCAAGTAATG_1,3.0133521208057126e-05
P1TLH_GGACAGAGTCTCGTTC_1,3.01329243932389e-05
P3TLH_ACATACGGTCCTGCTT_1,3.01329243932389e-05
P2TLH_AGAATAGGTCTTGCGG_1,3.01329243932389e-05
P3TLH_GTAACTGTCATAACCG_1,3.0098349536513657e-05
P3TLH_CGATGGCCAGTTTACG_1,3.0098349536513657e-05
P3TLH_AGTGTCAGTATTACCG_1,3.0052740443087428e-05
P3TLH_CCGTACTAGTTAACGA_1,2.993540698099315e-05
P3TLH_CTCCTAGCAATGCCAT_1,2.993540698099315e-05
P4TLH_AACCATGAGATGCCTT_1,2.984653146393885e-05
P3TLH_AGGCCGTTCAACACTG_1,2.9843719788487892e-05
P3TLH_TTCTCCTCATGAACCT_1,2.9843719788487892e-05
P4TLH_GCTGGGTGTTGGGACA_1,2.9843719788487892e-05
P5TLH_CTAACTTCACCCATTC_1,2.9824831622722862e-05
P3TLH_GCAGTTATCTCTTATG_1,2.9824831622722862e-05
P5TLH_CTAAGACCACAGACAG_1,2.9754254998156075e-05
P3TLH_TCGCGAGGTAGAGCTG_1,2.9732657345781024e-05
P3TLH_CCACCTAAGGAGTACC_1,2.9728520475583653e-05
P5TLH_CGTGTAACAGCTGTAT_1,2.971159217568871e-05
P2TLH_GTATTCTAGTTGCAGG_1,2.964600168689924e-05
P3TLH_CGTGTAATCAACTCTT_1,2.964600168689924e-05
P3TLH_TGGACGCGTCCGAAGA_1,2.964600168689924e-05
P3TLH_TAGGCATAGTACGTTC_1,2.9586345955715946e-05
P5TLH_AGAATAGTCCTGCCAT_1,2.956950158913847e-05
P3TLH_GCGCAACCATACCATG_1,2.949990887596097e-05
P3TLH_TTGCCGTTCCATGAAC_1,2.941826418429921e-05
P2TLH_GAAGCAGTCTGGCGTG_1,2.9383930714622724e-05
P4TLH_GATCGATTCTTACCGC_1,2.9383930714622724e-05
P4TLH_CGTAGGCCACACAGAG_1,2.9380688197791363e-05
P5TLH_GACTGCGCAGATCCAT_1,2.9380688197791363e-05
P5TLH_CGCCAAGGTCTACCTC_1,2.9380688197791363e-05
P5TLH_AGTTGGTTCTGATACG_1,2.9365700861393902e-05
P3TLH_GTCACGGGTCAGAGGT_1,2.9365700861393902e-05
P3TLH_GATCGCGAGCGACGTA_1,2.9355259277226668e-05
P3TLH_GTCTCGTTCAGATAAG_1,2.9316359501284094e-05
P2TLH_TACGGATTCACCGGGT_1,2.9276601276640306e-05
P3TLH_AGTGTCATCTAACTTC_1,2.9262062542063212e-05
P5TLH_TTCGAAGGTACTTGAC_1,2.925509470746288e-05
P3TLH_TTAACTCTCCAGGGCT_1,2.919870028425587e-05
P1TLH_CTTCTCTTCCAACCAA_1,2.919657955134897e-05
P4TLH_TACGGATGTGGCGAAT_1,2.9103449783568703e-05
P3TLH_GACTGCGCATCCCACT_1,2.901643035491229e-05
P3TLH_CGTCTACCACGGTGTC_1,2.8991325382818868e-05
P2TLH_CCGGTAGCAAGAGGCT_1,2.8905264014981862e-05
P5TLH_GTCATTTCAAGTCATC_1,2.8903851947142608e-05
P1TLH_GTCACGGTCACCATAG_1,2.8797113539495357e-05
P1TLH_ATTCTACTCCGTTGTC_1,2.874390485272685e-05
P2TLH_GGTGAAGGTTCCAACA_1,2.858418275325423e-05
P3TLH_CTGAAGTAGGGCTTGA_1,2.845909372706351e-05
P3TLH_TCTCATAGTTGTCTTT_1,2.845909372706351e-05
P5TLH_AACTCTTAGTCCTCCT_1,2.8447765341996955e-05
P3TLH_ACAGCTAGTTCAGACT_1,2.8432046075042776e-05
P2TLH_CCCAATCCATACTCTT_1,2.8432046075042776e-05
P3TLH_TGTCCCAGTCTGGTCG_1,2.8270833702019207e-05
P4TLH_TAGACCATCATTATCC_1,2.826077820230087e-05
P5TLH_GCGCCAATCGTAGATC_1,2.8198624224868796e-05
P5TLH_TCAACGAGTTGAGTTC_1,2.8198624224868796e-05
P3TLH_CGCTTCAAGTGTTTGC_1,2.8194070509002243e-05
P3TLH_TGCCCTATCATAGCAC_1,2.8143332804820054e-05
P4TLH_GGCCGATTCCCAAGTA_1,2.8134906657273705e-05
P1TLH_GACTACACACATGGGA_1,2.8132726593923667e-05
P5TLH_ACGGGCTGTGTCCTCT_1,2.8123434714421346e-05
P2TLH_ACTGAACCAAGAGGCT_1,2.8123118523760757e-05
P3TLH_CACAGGCAGAAGAAGC_1,2.8056163062361188e-05
P5TLH_CGATTGAAGCCCTAAT_1,2.8003405912549896e-05
P5TLH_ATCTACTTCTGCGTAA_1,2.7988938303136293e-05
P5TLH_AGTTGGTTCTTCCTTC_1,2.79811042158197e-05
P3TLH_ACACCGGTCCGCGCAA_1,2.7949622608546028e-05
P1TLH_GCAGCCACAAGGTTCT_1,2.782826950372852e-05
P5TLH_ATAGACCCAATGGTCT_1,2.7827519892975102e-05
P3TLH_CCTTCGAAGGCGCTCT_1,2.7827519892975102e-05
P2TLH_TACACGACAGCCACCA_1,2.7827519892975102e-05
P5TLH_TGCGTGGAGAGTCTGG_1,2.776921474180954e-05
P5TLH_CCTCAGTTCTCCAGGG_1,2.7671916488852698e-05
P4TLH_ATTGGACTCCCTGACT_1,2.7513976583409977e-05
P3TLH_GAAACTCCATAGTAAG_1,2.7513976583409977e-05
P2TLH_GTGTGCGTCGCAAGCC_1,2.7513976583409977e-05
P2TLH_AGCTCCTGTTCGGGCT_1,2.7507817558166744e-05
P1TLH_CACAAACCAATTGCTG_1,2.7424500364801676e-05
P3TLH_CACTCCACAACAACCT_1,2.7342175716538725e-05
P3TLH_TCTCATAAGACGCACA_1,2.732095581444668e-05
P2TLH_CTCATTATCCAAACAC_1,2.7305171830292596e-05
P3TLH_TGGTTAGGTCGACTAT_1,2.7305171830292596e-05
P3TLH_CCGGGATGTCTCTTAT_1,2.7276825199517826e-05
P3TLH_AGCGTATAGCGCCTTG_1,2.7276825199517826e-05
P3TLH_GGTATTGCACGGTAGA_1,2.725634787118968e-05
P5TLH_GGGATGACACCACGTG_1,2.725634787118968e-05
P5TLH_ACGCCGACAACGCACC_1,2.724770078869088e-05
P5TLH_CAGCAGCTCCATTCTA_1,2.7244447931127396e-05
P3TLH_CCTCTGAAGAACTCGG_1,2.724389037638352e-05
P1TLH_TTAACTCAGATATGCA_1,2.7201559726366777e-05
P1TLH_GACTAACTCATGTCCC_1,2.7181910398146992e-05
P3TLH_CGAATGTCAAACTGCT_1,2.7119731705640135e-05
P3TLH_ACACCGGAGACTGGGT_1,2.709130240670693e-05
P3TLH_GTGCTTCAGCAGATCG_1,2.7033201340237577e-05
P5TLH_CGTCTACCATGTAAGA_1,2.7033201340237577e-05
P5TLH_TCGTACCAGAGGTACC_1,2.7019210277955357e-05
P3TLH_ACGGGTCAGAGAACAG_1,2.7019210277955357e-05
P3TLH_CGTTCTGCACGCTTTC_1,2.69356225974089e-05
P3TLH_TGCCCTATCGATCCCT_1,2.6918138528576186e-05
P4TLH_CTGTGCTGTTATGTGC_1,2.6827912513330698e-05
P3TLH_CCTACACAGTATGACA_1,2.672074935184413e-05
P5TLH_TACTTGTAGCGCTCCA_1,2.670681186701933e-05
P5TLH_CGTAGCGAGTGCTGCC_1,2.6699134597064515e-05
P5TLH_TGGGAAGGTTAGATGA_1,2.6673100491219137e-05
P4TLH_CTAGAGTGTCTCGTTC_1,2.6673100491219137e-05
P5TLH_TCGCGTTGTGGTCTCG_1,2.663052848434361e-05
P5TLH_GATGAGGAGGGCTCTC_1,2.64933281590495e-05
P2TLH_AACCATGAGCATCATC_1,2.6492281052013358e-05
P5TLH_TAAGAGATCGCAGGCT_1,2.6465413556255764e-05
P1TLH_ATTGGACAGCCTCGTG_1,2.6452967534467495e-05
P3TLH_CAGCTGGAGAGTTGGC_1,2.6452967534467495e-05
P2TLH_ACGCCAGCATGGTCTA_1,2.643720770129512e-05
P1TLH_TGCACCTGTCTAGGTT_1,2.6283621788044053e-05
P3TLH_ACTTTCACATACTCTT_1,2.625858503982506e-05
P5TLH_CATTATCTCTCGCTTG_1,2.6210180214472287e-05
P4TLH_CGTCCATCATTTGCTT_1,2.617719544328358e-05
P5TLH_TAGTGGTTCACCAGGC_1,2.617719544328358e-05
P3TLH_TGTCCCATCAGATAAG_1,2.617719544328358e-05
P3TLH_GGATTACCATTGTGCA_1,2.6171706051193308e-05
P2TLH_ACGTCAATCTGTCTAT_1,2.6146433119142632e-05
P4TLH_GTAACTGAGTGAATTG_1,2.600662906672108e-05
P3TLH_TTTACTGCACCTTGTC_1,2.5967418407851847e-05
P3TLH_AACTCCCTCACATAGC_1,2.5941174907513736e-05
P5TLH_GACGCGTGTTGGACCC_1,2.5941021727128046e-05
P3TLH_CGGACTGTCAGCATGT_1,2.592695981848693e-05
P1TLH_ATCCGAAGTTCAGCGC_1,2.5903921180732327e-05
P2TLH_TGTATTCAGCAATCTC_1,2.5882600735568106e-05
P3TLH_ATGCGATTCCTTTCTC_1,2.5882600735568106e-05
P5TLH_CGGAGCTTCCCAACGG_1,2.5882600735568106e-05
P5TLH_ACGCAGCAGCTGCGAA_1,2.5834799596346427e-05
P5TLH_CAAGATCCACACCGCA_1,2.5719786818050894e-05
P3TLH_GGATTACGTTCAGACT_1,2.5684826040346778e-05
P3TLH_GTGTTAGGTCCGCTGA_1,2.5682371363070763e-05
P4TLH_GGACGTCGTGAGGGTT_1,2.5682371363070763e-05
P2TLH_ATCATGGAGACCGGAT_1,2.5682371363070763e-05
P3TLH_CGACCTTAGATGCCAG_1,2.566982578262839e-05
P2TLH_TTGCCGTGTGCTCTTC_1,2.566982578262839e-05
P5TLH_CATGGCGCAGGGTATG_1,2.5663640043953507e-05
P3TLH_GACGCGTTCATTTGGG_1,2.5663640043953507e-05
P3TLH_ACGAGGAAGAATGTGT_1,2.564304242860077e-05
P5TLH_TAGGCATAGGCTATCT_1,2.564304242860077e-05
P4TLH_CCCAGTTGTAATCACC_1,2.564304242860077e-05
P3TLH_GCGGGTTGTGATAAGT_1,2.5624450618194896e-05
P5TLH_ACGCCAGGTACGACCC_1,2.5530075395237506e-05
P3TLH_ATGCGATCATAAAGGT_1,2.552581476441637e-05
P4TLH_AGGTCCGTCGATGAGG_1,2.5525552586433036e-05
P5TLH_GGTGTTATCCAAACTG_1,2.5486206840634623e-05
P5TLH_TTCGAAGAGAGCTGCA_1,2.548103345131756e-05
P2TLH_ACTTTCACATTCTCAT_1,2.5444914595855582e-05
P1TLH_ACGCCAGTCTATCCTA_1,2.5443975471848374e-05
P5TLH_GGACATTGTCCGAACC_1,2.543870823911588e-05
P3TLH_AGTGTCAAGTACTTGC_1,2.543206653251482e-05
P3TLH_TAAGTGCAGTGTCCAT_1,2.543206653251482e-05
P3TLH_CAGGTGCTCTTCAACT_1,2.543190458299638e-05
P3TLH_ATCACGATCCCTTGCA_1,2.5418469959266814e-05
P5TLH_CTAGCCTTCGCCCTTA_1,2.5385994241073997e-05
P4TLH_CGATGGCTCAAACAAG_1,2.537133943631884e-05
P5TLH_CAAGAAATCTTGCATT_1,2.5208305616589e-05
P2TLH_GATTCAGCAAACGTGG_1,2.5187308434555556e-05
P3TLH_AAGACCTCATAACCTG_1,2.5184131868686223e-05
P5TLH_CGCGGTATCTAACCGA_1,2.518357605203504e-05
P5TLH_GAACCTAGTGCAGTAG_1,2.518357605203504e-05
P1TLH_CCACGGATCCTGTAGA_1,2.517873354516566e-05
P2TLH_TATGCCCAGAGTCTGG_1,2.5169529979706838e-05
P3TLH_TGTGTTTAGAGGTTGC_1,2.512075808386918e-05
P5TLH_ACTATCTAGCCGTCGT_1,2.5086929031729872e-05
P4TLH_AAGGTTCAGTACACCT_1,2.508579424769379e-05
P4TLH_GCTTGAACAAGTAGTA_1,2.4977953730979207e-05
P3TLH_TTAGGACTCGAGGTAG_1,2.493927150787754e-05
P3TLH_CACCACTAGAATGTTG_1,2.493862648486507e-05
P1TLH_CAGAATCGTCAGATAA_1,2.4938570719386034e-05
P1TLH_CCCTCCTTCGAGAGCA_1,2.4938570719386034e-05
P4TLH_GTCGTAACACGGTAAG_1,2.492734186111365e-05
P4TLH_GTACGTAGTGGACGAT_1,2.4925340997388112e-05
P4TLH_CGACCTTAGCCACTAT_1,2.4925340997388112e-05
P3TLH_TCTTCGGCACATTCGA_1,2.4925340997388112e-05
P1TLH_ACAGCCGAGGTCATCT_1,2.48230033796951e-05
P1TLH_GGGCATCCATGGTAGG_1,2.4745420354599152e-05
P3TLH_CATTCGCAGAACTCGG_1,2.4725121652241748e-05
P3TLH_TTTGCGCTCACAGGCC_1,2.4701418224775964e-05
P3TLH_GTCGTAAAGTGTACCT_1,2.4693934335002802e-05
P5TLH_TCAGCAATCGGTCCGA_1,2.4690327651080457e-05
P1TLH_CAGCTAATCTATCGCC_1,2.4684852848917863e-05
P3TLH_TTTGCGCTCTGCCCTA_1,2.4671128833484145e-05
P5TLH_GATCTAGGTCCGTTAA_1,2.4504089383555338e-05
P3TLH_CGTCACTCACCCATTC_1,2.4486573161904344e-05
P3TLH_GACGGCTGTGGTACAG_1,2.448553552433534e-05
P3TLH_AAACCTGTCTACCTGC_1,2.448553552433534e-05
P4TLH_GCAATCATCATGTCTT_1,2.448123304210553e-05
P4TLH_TCTATTGAGAAGATTC_1,2.4451206259508788e-05
P3TLH_TGGTTCCTCGAATCCA_1,2.440555711243513e-05
P3TLH_CCTAGCTTCAGCACAT_1,2.424951728660424e-05
P5TLH_AAGTCTGCACAGACTT_1,2.424951728660424e-05
P1TLH_GGACAAGGTGATAAGT_1,2.424951728660424e-05
P3TLH_CGCGTTTCATGCAATC_1,2.4239067763177844e-05
P1TLH_GCGACCATCTGCAGTA_1,2.422665664605412e-05
P2TLH_AGTAGTCGTCGTGGCT_1,2.418537614010455e-05
P5TLH_CGGGTCATCTCGCTTG_1,2.4094341223381727e-05
P3TLH_AGAGCTTCAGGAATGC_1,2.4090541671846206e-05
P5TLH_TTCTCCTAGACCGGAT_1,2.4075994236832446e-05
P3TLH_GCATGATCACAACGCC_1,2.4067786940751033e-05
P3TLH_GGGATGAAGTCCGTAT_1,2.4050766312366385e-05
P4TLH_CAGCATAGTGCTGTAT_1,2.404273059198546e-05
P5TLH_TTGCGTCTCGTAGGAG_1,2.4038027482349522e-05
P3TLH_CTCGTCAGTCCGAATT_1,2.4038027482349522e-05
P3TLH_GATTCAGAGAGGACGG_1,2.3840721594097357e-05
P3TLH_ACACCAATCGCTTGTC_1,2.3840108550411192e-05
P3TLH_CGCTTCACACACAGAG_1,2.38064014258507e-05
P3TLH_GATCGATGTCATGCAT_1,2.377720424730078e-05
P1TLH_GCACATAGTGCGATAG_1,2.3774231857917153e-05
P3TLH_ACGGGCTTCTGAGGGA_1,2.3618890605146227e-05
P3TLH_CCACCTAGTTCAGACT_1,2.3616774044758762e-05
P3TLH_CTGAAGTCAAGCGCTC_1,2.3616774044758762e-05
P3TLH_AGCTCTCAGAGCTTCT_1,2.3593962308737533e-05
P2TLH_ACGTCAAGTTCAGGCC_1,2.3582955907622723e-05
P2TLH_CGTCTACGTTCACCTC_1,2.3582955907622723e-05
P5TLH_CAGTCCTGTACTTCTT_1,2.3582886279557938e-05
P2TLH_CCTCTGAAGCTCCTCT_1,2.3550345405065924e-05
P3TLH_GAACCTAGTCTCCATC_1,2.3550345405065924e-05
P2TLH_TTGGCAACAGGTGCCT_1,2.3547734906896877e-05
P2TLH_CAGCGACCATAGGATA_1,2.3541770887408613e-05
P3TLH_TGACGGCGTCTCACCT_1,2.351077524952775e-05
P1TLH_CCTTACGTCAAACGGG_1,2.34639754610441e-05
P4TLH_CCTTCCCCATCACGAT_1,2.3437572391809897e-05
P1TLH_TTCGGTCTCCGAGCCA_1,2.3403232942376054e-05
P4TLH_CCAATCCGTCGCATAT_1,2.3379220811970153e-05
P2TLH_ACATCAGTCACCCGAG_1,2.337269016371857e-05
P2TLH_CATATTCCACATCCAA_1,2.337269016371857e-05
P2TLH_GCAGCCATCAGTTCGA_1,2.330433208283264e-05
P4TLH_CCCTCCTCAGTCGATT_1,2.327690724186883e-05
P2TLH_TCGCGAGAGCTGTTCA_1,2.324330691798577e-05
P3TLH_AAAGTAGCAACACGCC_1,2.3230078844123633e-05
P3TLH_GAGCAGAAGGGTATCG_1,2.322933570643356e-05
P3TLH_CATCCACCACCAGTTA_1,2.3211042499091897e-05
P4TLH_GCTTGAATCCTCAACC_1,2.320065992988245e-05
P3TLH_CTCCTAGCAGCCTTGG_1,2.3196482556535515e-05
P5TLH_TCTGGAAGTTCTCATT_1,2.3190286645007863e-05
P3TLH_GTTAAGCAGTACGCGA_1,2.3174870835600657e-05
P3TLH_GAATAAGTCATCATTC_1,2.315130154515917e-05
P5TLH_CTGTGCTAGAGCAATT_1,2.3013588587029045e-05
P4TLH_GCTTCCAAGCGGCTTC_1,2.2992366775817064e-05
P4TLH_CGATGGCAGGCATTGG_1,2.296507516306938e-05
P3TLH_GGCGACTTCAGTACGT_1,2.2951662864137638e-05
P2TLH_TAGGCATGTAACGCGA_1,2.2845619618207907e-05
P4TLH_TCAGGTAAGTACGCGA_1,2.282305878991356e-05
P5TLH_CGACTTCAGATGTTAG_1,2.282305878991356e-05
P2TLH_AGGCCGTCAGGGTTAG_1,2.281028411833076e-05
P2TLH_GCGACCAGTCCATGAT_1,2.2804864615588036e-05
P3TLH_GACTAACGTGTTCGAT_1,2.2792969920413646e-05
P1TLH_GCGCAACTCAAGGCTT_1,2.279218944839335e-05
P5TLH_TACGGGCGTAGCTGCC_1,2.2783092051378833e-05
P3TLH_GATCTAGCATCTCGCT_1,2.277334969244693e-05
P3TLH_TTGGAACAGTTCGCGC_1,2.275803119880334e-05
P5TLH_CTCTAATTCCTCATTA_1,2.275803119880334e-05
P5TLH_AGATCTGGTAAAGGAG_1,2.274954002494972e-05
P3TLH_CGTTGGGGTCGGATCC_1,2.274954002494972e-05
P2TLH_GTCACGGAGCTCAACT_1,2.274954002494972e-05
P1TLH_GTGCGGTTCGATGAGG_1,2.2650977653263553e-05
P3TLH_ATAAGAGAGTACGATA_1,2.2600140906042843e-05
P3TLH_CGATCGGTCACAGTAC_1,2.2599693294929175e-05
P3TLH_AGGGTGAGTATAAACG_1,2.2599693294929175e-05
P5TLH_GCAGTTATCGAGGTAG_1,2.258959478721237e-05
P5TLH_GGCTGGTGTAGGGTAC_1,2.2588444896920348e-05
P4TLH_ATCATGGAGACTTGAA_1,2.257376215238524e-05
P4TLH_TACGGGCGTTGAGGTG_1,2.2563975170559053e-05
P2TLH_CGATGGCTCTCCGGTT_1,2.253955533231557e-05
P5TLH_TCAGGATAGAGCTGGT_1,2.245155523574486e-05
P1TLH_CACAGTAGTCTGGAGA_1,2.245155523574486e-05
P4TLH_CACAAACAGTACGACG_1,2.238278984136592e-05
P3TLH_CAGTAACTCCCACTTG_1,2.2346532825273197e-05
P3TLH_CTCACACAGTAGCGGT_1,2.2332629753929667e-05
P3TLH_TTCTTAGTCTATCGCC_1,2.2266722788078158e-05
P1TLH_CGTTGGGTCCTAGAAC_1,2.223450126517443e-05
P1TLH_GGGAGATCACGTCAGC_1,2.221279790872937e-05
P5TLH_TCCCGATGTCCGCTGA_1,2.221279790872937e-05
P5TLH_ATCATGGCATATGGTC_1,2.2161393422723263e-05
P5TLH_TGAGAGGGTGTGAAAT_1,2.203794803596704e-05
P4TLH_TAGCCGGAGCGTGAGT_1,2.203551614834352e-05
P3TLH_CACACTCTCGGCGGTT_1,2.200673909030544e-05
P5TLH_TGACTTTAGCTGTCTA_1,2.2003438252197054e-05
P5TLH_CATCCACGTTGAGGTG_1,2.1964550585330873e-05
P4TLH_CAACTAGTCTGCTGTC_1,2.1902744268328806e-05
P3TLH_AGATCTGCAAAGGCGT_1,2.1895214709410183e-05
P2TLH_CACAAACGTCAAAGCG_1,2.1865170938416184e-05
P3TLH_TGACTTTTCTTATCTG_1,2.1836896495161028e-05
P5TLH_TTGTAGGAGCCGTCGT_1,2.180431265066206e-05
P3TLH_TCCCGATTCCATGCTC_1,2.167894801123639e-05
P2TLH_GAAATGAAGCAGGTCA_1,2.160816568601441e-05
P1TLH_GGTATTGAGCTCCTCT_1,2.1444717531791494e-05
P4TLH_GCGAGAAAGTTCGCGC_1,2.1433369707038055e-05
P3TLH_AACCGCGCAAGGTGTG_1,2.1430487859410625e-05
P3TLH_TACTTGTAGACAGAGA_1,2.1422128347119068e-05
P3TLH_GGGAATGGTTGTTTGG_1,2.141385476872147e-05
P3TLH_GTAGTCAGTCTAGAGG_1,2.1341486042179382e-05
P1TLH_ACGCCGACACAAGTAA_1,2.1279370911508844e-05
P3TLH_CTCGTCAAGCCAACAG_1,2.1170493037260076e-05
P2TLH_GCTGCGAAGTTCGCGC_1,2.1170493037260076e-05
P5TLH_CAACTAGCAGATCGGA_1,2.1148968168651595e-05
P3TLH_TACACGAGTCTCCACT_1,2.1058573689456987e-05
P5TLH_ACCGTAAAGTTACCCA_1,2.095206814914173e-05
P3TLH_CAGATCACAGTAAGCG_1,2.0919923925258153e-05
P3TLH_GACTACAGTATGGTTC_1,2.0823972322301135e-05
P3TLH_CCGTTCACACCCTATC_1,2.0822851303334526e-05
P3TLH_AGACGTTTCAGTTAGC_1,2.0786623905083905e-05
P3TLH_CAGCTGGTCGTGGTCG_1,2.0761792369020545e-05
P3TLH_GTGAAGGGTTACCAGT_1,2.055302871714845e-05
P3TLH_CCCAGTTAGGAATGGA_1,2.036201652129062e-05
P3TLH_TTGCCGTGTCGCCATG_1,2.0325852204362667e-05
P5TLH_CAAGTTGTCAAACGGG_1,2.0269378667943385e-05
P3TLH_CTCAGAAAGTCAATAG_1,2.01763502322107e-05
P3TLH_TGGCTGGCAGAAGCAC_1,2.015485423934386e-05
P2TLH_CCAGCGACAGGGTATG_1,2.0063004899823824e-05
P3TLH_AGATCTGCACCAACCG_1,1.9747882279134302e-05
P2TLH_GATCAGTAGGCATTGG_1,1.9687742236424557e-05
P3TLH_AGTAGTCGTACATGTC_1,1.9612451668271667e-05
P3TLH_TTCTCAAAGCACCGCT_1,1.9514968438890512e-05
P4TLH_CCTTCGAAGCAATCTC_1,1.9475563805888887e-05
P5TLH_TCAGGTAGTAGGAGTC_1,1.9430569832936996e-05
P2TLH_CGCTATCAGCAACGGT_1,1.936092118643421e-05
P3TLH_CAAGGCCTCCCATTTA_1,1.918285766466365e-05
P3TLH_TTGCGTCAGTAGGTGC_1,1.891980917344268e-05
P3TLH_AGACGTTGTAAGAGAG_1,1.8852614100300984e-05
P5TLH_TACGGGCTCTTAACCT_1,1.884421718988889e-05
P3TLH_CAACCAATCAGGCGAA_1,1.8826734471485583e-05
P3TLH_TGTATTCGTCGTTGTA_1,1.8817780551870422e-05
P5TLH_GGAATAAAGGCCGAAT_1,1.879116694538947e-05
P5TLH_AGATCTGGTCCTGCTT_1,1.8517745738310343e-05
P5TLH_CAGATCAAGCTACCGC_1,1.8481454915662105e-05
P3TLH_AGCTTGACATCACGTA_1,1.8457668647254135e-05
P5TLH_GTGCATAGTACTCGCG_1,1.8448262080257134e-05
P3TLH_GGACGTCCACATGGGA_1,1.835508609696149e-05
P3TLH_TGCCCATTCCACGTTC_1,1.8344550973621988e-05
P3TLH_ACTGATGTCATTATCC_1,1.8171029323038178e-05
P4TLH_GACACGCGTAGTGAAT_1,1.8162235128453755e-05
P3TLH_CTCACACAGGGTATCG_1,1.8066206083907378e-05
P5TLH_AGCTCCTTCAAGGCTT_1,1.7943398631335438e-05
P4TLH_GGACAGATCAAACCAC_1,1.7854113182382285e-05
P5TLH_GTTCGGGTCCGCTGTT_1,1.7797672883498187e-05
P3TLH_TAGTTGGTCCTGTAGA_1,1.778969779065786e-05
P3TLH_TGCGGGTCAATACGCT_1,1.769105089113777e-05
P3TLH_GACCTGGGTGGTCCGT_1,1.7382148932011174e-05
P4TLH_CATGCCTAGAGACTAT_1,1.7355930914699024e-05
P2TLH_TACAGTGAGGCGCTCT_1,1.709378011271205e-05
P1TLH_TCTTCGGGTGATGCCC_1,1.7093041275178995e-05
P3TLH_AGCTTGATCCAGGGCT_1,1.7074325469826935e-05
P5TLH_CTCGGGATCTATCCCG_1,1.7072837969200358e-05
P3TLH_GAACATCAGGCTACGA_1,1.7055385828756926e-05
P1TLH_TGAGCCGCAGCGAACA_1,1.7019123477639806e-05
P3TLH_CTCGTACCACTCTGTC_1,1.6975844552700848e-05
P5TLH_AACCGCGTCCAAACAC_1,1.695730327715346e-05
P5TLH_TGCTACCAGCTGAACG_1,1.6851433114720096e-05
P3TLH_TTATGCTGTATCTGCA_1,1.6769819463190587e-05
P1TLH_CTCGTACCAGCCACCA_1,1.6735958486060226e-05
P3TLH_TCCCGATCATGAGCGA_1,1.665869265411137e-05
P2TLH_TGGGCGTGTGATGATA_1,1.6556635126063387e-05
P5TLH_GGACAGATCCCAACGG_1,1.650792291726322e-05
P3TLH_GTGAAGGCACAGGAGT_1,1.648420519719129e-05
P2TLH_AGCCTAAGTTCTCATT_1,1.6445782197185816e-05
P3TLH_GGGTTGCGTCATTAGC_1,1.633797648909292e-05
P4TLH_GATGAGGGTCAGAAGC_1,1.612481498340343e-05
P4TLH_TACTTGTCACGTGAGA_1,1.6088158906351896e-05
P3TLH_TCGGTAAAGCGTTGCC_1,1.6053770500589577e-05
P4TLH_TAGGCATAGCTGTCTA_1,1.5997262857476606e-05
P5TLH_GACGCGTTCTTGACGA_1,1.5903767027483923e-05
P3TLH_GCAAACTAGAGTACAT_1,1.5899279978516264e-05
P3TLH_GGTGTTATCGCATGAT_1,1.5880089995460452e-05
P3TLH_TGCGCAGCACAAGCCC_1,1.5754082006383596e-05
P3TLH_ACTTTCACAGGTTTCA_1,1.5654953898939285e-05
P1TLH_GTCACGGGTATGAATG_1,1.549552659476562e-05
P3TLH_ATAAGAGAGTTAAGTG_1,1.5492577754893616e-05
P3TLH_GGCAATTAGTGCAAGC_1,1.5480138550660437e-05
P2TLH_CTACATTCAAACCCAT_1,1.5470238483977577e-05
P3TLH_AACACGTGTAAACGCG_1,1.542609067316075e-05
P2TLH_GTCCTCAGTCATATCG_1,1.537819441737893e-05
P5TLH_TTTATGCGTATAGGGC_1,1.52700886028505e-05
P5TLH_CAGCCGACATAGAAAC_1,1.521962679231487e-05
P4TLH_TACTTGTCACAAGTAA_1,1.520615487742052e-05
P4TLH_TACTTACTCTTTCCTC_1,1.5158628421950532e-05
P3TLH_GGTGCGTTCGAGGTAG_1,1.5053003533568865e-05
P3TLH_AGGTCATGTCGAACAG_1,1.5010824707394588e-05
P3TLH_ACGCCAGCAGACGCAA_1,1.4966871495861649e-05
P2TLH_TCTCATAAGGACCACA_1,1.4878046122781188e-05
P2TLH_ACCGTAAAGCCGTCGT_1,1.486377503169218e-05
P3TLH_GGCAATTAGTATCTCG_1,1.478155693241737e-05
P2TLH_ACGCCGATCTGCAGTA_1,1.4753803246930188e-05
P3TLH_GGGCACTCACAGACAG_1,1.4603114227350291e-05
P2TLH_TCGCGTTAGTCTTGCA_1,1.4590445226685749e-05
P3TLH_CATCCACAGCTAGTGG_1,1.4437657603126384e-05
P5TLH_GTTACAGGTTATGTGC_1,1.4417848247607191e-05
P3TLH_CACACAATCAACGGGA_1,1.4413579124701564e-05
P2TLH_TGTTCCGGTTGGTAAA_1,1.4378741284471859e-05
P3TLH_TCCCGATGTGTCTGAT_1,1.4367426511337183e-05
P5TLH_GCCTCTACATGCGCAC_1,1.4338204182014475e-05
P3TLH_GGTGTTACACTGCCAG_1,1.4280792726245475e-05
P2TLH_ACTTTCAAGCGATAGC_1,1.4112059435162883e-05
P2TLH_CTACGTCAGTCATCCA_1,1.4064416080682854e-05
P5TLH_AGCATACTCATGTCCC_1,1.404627511010355e-05
P4TLH_CTTTGCGAGTGCCATT_1,1.402443466021081e-05
P3TLH_GCGCGATGTGAGGGAG_1,1.4023614098231135e-05
P5TLH_CACCAGGAGGTGTTAA_1,1.4005828528830066e-05
P1TLH_TCAGCTCAGTGGGTTG_1,1.4001317762260683e-05
P3TLH_ATAGACCGTAGTACCT_1,1.3824770751462997e-05
P3TLH_CCTCTGAAGCTCTCGG_1,1.3687883623751628e-05
P5TLH_CCACTACTCACCTCGT_1,1.3639036861392147e-05
P4TLH_TCTTCGGTCGCATGGC_1,1.362113591019699e-05
P2TLH_ACTTACTGTAGGCATG_1,1.3617144932800572e-05
P5TLH_AGAGTGGCAGGCGATA_1,1.3595916102961261e-05
P5TLH_TCTTCGGGTCCGAAGA_1,1.3550445828752939e-05
P2TLH_ACCAGTAGTTATTCTC_1,1.347196145369766e-05
P4TLH_TCGCGAGGTACTTAGC_1,1.3461230251210063e-05
P1TLH_CTAGTGACAATCGGTT_1,1.3448801960124184e-05
P1TLH_CCATTCGAGTTACGGG_1,1.3424245460949264e-05
P5TLH_ACATACGCATGCTAGT_1,1.3282081455527586e-05
P3TLH_GTCACAATCTGATTCT_1,1.3264575957622758e-05
P3TLH_TTCTCAAGTGACCAAG_1,1.3199184432714733e-05
P1TLH_CACACAAAGGGCACTA_1,1.3084181040837404e-05
P3TLH_CTTACCGAGTTGTAGA_1,1.3077785870120136e-05
P4TLH_ACGCCAGAGTCACGCC_1,1.304856999896813e-05
P1TLH_GCGCAACAGTACGATA_1,1.2997506777162418e-05
P4TLH_CACACTCCAGTCCTTC_1,1.2994234018855075e-05
P4TLH_AGACGTTCAGTCAGAG_1,1.2954700361067106e-05
P3TLH_TCTCATAAGAGGACGG_1,1.292065006815027e-05
P2TLH_CTAAGACTCATTCACT_1,1.2867981650205361e-05
P1TLH_GGAATAAAGACTAGGC_1,1.2852164911165503e-05
P5TLH_AACCATGTCTACTATC_1,1.2838134866864709e-05
P5TLH_CTCAGAACATTCCTGC_1,1.2778308866884462e-05
P3TLH_CAGAATCTCCCATTTA_1,1.2670952096794781e-05
P4TLH_TCCACACCACCTGGTG_1,1.2560728440252332e-05
P3TLH_TACCTATTCACTCTTA_1,1.2458417579658616e-05
P3TLH_CCCTCCTAGAACAATC_1,1.2364880414679822e-05
P3TLH_ACTATCTGTCGAGTTT_1,1.2362560826120874e-05
P2TLH_TCAACGAAGAGCTATA_1,1.2260972247289041e-05
P3TLH_ATGGGAGGTTTACTCT_1,1.224276776216767e-05
P5TLH_ATTGGTGAGGCTCTTA_1,1.2236840895790377e-05
P4TLH_CGATCGGCAAGAGGCT_1,1.2236420865654655e-05
P4TLH_AGCGTCGTCGGATGGA_1,1.2209273508908269e-05
P5TLH_AGTAGTCCAATGGAAT_1,1.2191599643665792e-05
P5TLH_CCTCTGAGTCCATCCT_1,1.2131384933250168e-05
P3TLH_CTGAAACCAAGGCTCC_1,1.2129110352939955e-05
P3TLH_AGCTCTCGTGAACCTT_1,1.205099573601458e-05
P3TLH_CTACACCTCAGCACAT_1,1.2027647286164203e-05
P4TLH_AACACGTCAATGAAAC_1,1.2005356756366776e-05
P3TLH_GCATGTATCCGTACAA_1,1.2000569132814387e-05
P1TLH_ATTTCTGCAAACGCGA_1,1.1923907152823716e-05
P3TLH_CACATTTCACAGCGTC_1,1.1809950296351667e-05
P5TLH_CTAACTTTCCACTCCA_1,1.1767522460581496e-05
P3TLH_CGAGAAGCACCCATTC_1,1.176248762054495e-05
P3TLH_GCATACACAACTTGAC_1,1.1670708889770583e-05
P3TLH_GGATGTTCACGGCGTT_1,1.1633743585838816e-05
P5TLH_ATGTGTGAGAAGAAGC_1,1.162344547785524e-05
P3TLH_GGTGCGTTCATTTGGG_1,1.1538860087008196e-05
P3TLH_TTCGGTCTCCCATTAT_1,1.152834145323675e-05
P5TLH_CAGCATAGTAGAGGAA_1,1.143320850476734e-05
P5TLH_GCAGTTAGTAGGGACT_1,1.1292157085552094e-05
P3TLH_GTTCTCGGTCGCCATG_1,1.124460353962079e-05
P1TLH_CACAAACGTAAGAGAG_1,1.113543915956958e-05
P3TLH_CGATCGGAGTCAATAG_1,1.1120493621348957e-05
P4TLH_ACTTACTCAACACGCC_1,1.1015285636787894e-05
P3TLH_CGAGCCAGTCACTGGC_1,1.098441149024192e-05
P1TLH_TAGACCATCATCTGCC_1,1.0861200710911372e-05
P4TLH_GACGTGCGTGATAAAC_1,1.08326931803586e-05
P4TLH_GCCAAATTCCCTTGCA_1,1.0636495174890301e-05
P3TLH_CTTCTCTAGATGTGTA_1,1.0631720432889301e-05
P5TLH_CTCTAATGTAATCGTC_1,1.0505724943028466e-05
P3TLH_CATATTCCACCGAATT_1,1.0462673778074311e-05
P5TLH_CTAGTGAGTCAATACC_1,1.0316466708975739e-05
P5TLH_CGTCCATGTATCAGTC_1,1.0300118753258686e-05
P4TLH_ATCTACTCAGTTAACC_1,1.0164307839832384e-05
P3TLH_AACTCTTTCGTTTAGG_1,9.985127779103147e-06
P2TLH_CGTTCTGCATGCTAGT_1,9.958718179883422e-06
P1TLH_TACTCGCGTTGTCTTT_1,9.934249328573678e-06
P2TLH_AAATGCCAGTAAGTAC_1,9.81327255467504e-06
P5TLH_CCCATACCAAACCTAC_1,9.79905188086684e-06
P5TLH_AAACCTGAGCTGAAAT_1,9.727277714195726e-06
P5TLH_GGCCGATGTGGTTTCA_1,9.664882719272442e-06
P5TLH_GGCGACTGTAGGAGTC_1,9.65919749708143e-06
P5TLH_TCAGCAATCTAACTCT_1,9.545453970297275e-06
P4TLH_ACAGCCGTCGAACTGT_1,9.525598368573541e-06
P2TLH_TATCTCATCTCAAACG_1,9.401878203305265e-06
P1TLH_AGAGCGAGTCTGCAAT_1,9.37781560289794e-06
P4TLH_CATCCACGTCAGATAA_1,9.319661935864237e-06
P1TLH_CGGACACGTAGCCTCG_1,9.184030062614072e-06
P3TLH_TGACTTTAGCCAGTAG_1,9.17076743967096e-06
P3TLH_CAGCCGAAGTTTCCTT_1,9.161744571682856e-06
P2TLH_ATTGGTGGTGACGGTA_1,9.138155316242582e-06
P3TLH_AATCGGTAGGAGCGTT_1,9.082269840611805e-06
P3TLH_GGCTGGTTCGAATGCT_1,9.059465583465933e-06
P1TLH_CGGACACAGGGATCTG_1,9.049692578195497e-06
P5TLH_TACCTTAGTTGCTCCT_1,9.041903343560775e-06
P1TLH_CTGATAGGTAGCGTAG_1,8.822272219700253e-06
P3TLH_TTGGAACGTCTCTTAT_1,8.675100538376533e-06
P3TLH_TGACAACTCTCGCTTG_1,8.539234567375212e-06
P1TLH_ATAAGAGGTGTCTGAT_1,8.537730089040844e-06
P5TLH_ACGAGCCGTAAGGATT_1,8.528835077204595e-06
P3TLH_CCACCTAGTGTTTGTG_1,8.502898014441833e-06
P5TLH_AAGTCTGCACCTCGGA_1,8.477355510838277e-06
P3TLH_GACTGCGTCGTTTAGG_1,8.47730152766546e-06
P5TLH_CTCGAAACATGCAACT_1,8.256761861022132e-06
P1TLH_ACTTTCAGTCCAACTA_1,8.235233213440326e-06
P3TLH_ACTATCTTCCAGAGGA_1,8.20025038510909e-06
P3TLH_CGGGTCACAAGCCGCT_1,8.142904511953929e-06
P5TLH_TAAGTGCTCACAGTAC_1,8.117808153480783e-06
P2TLH_CCTTCGAGTGTTAAGA_1,8.111238317073982e-06
P2TLH_CAGAGAGAGCCGATTT_1,8.105082830313126e-06
P2TLH_GGAAAGCGTTACCAGT_1,7.989727415760621e-06
P5TLH_TAGTTGGTCTCTGCTG_1,7.94344120586785e-06
P5TLH_CCCAATCGTGCAGTAG_1,7.922240750299514e-06
P2TLH_ACACCCTCACGCTTTC_1,7.89743717242388e-06
P4TLH_AGCGTATGTAAGCACG_1,7.872258014919587e-06
P4TLH_ACTGAACAGCCGCCTA_1,7.870252340815214e-06
P4TLH_CGGACGTCACTTAAGC_1,7.82165941251168e-06
P5TLH_ATCGAGTGTAAGAGGA_1,7.801927105541831e-06
P3TLH_GCATGCGTCGCTTGTC_1,7.760835109580797e-06
P5TLH_TGCACCTTCCTAAGTG_1,7.747342079706715e-06
P3TLH_CGTGTAAAGTGAACGC_1,7.69252568518428e-06
P3TLH_TTGAACGAGAATCTCC_1,7.68524107698092e-06
P2TLH_TACGGATAGTGTACCT_1,7.607241457082189e-06
P2TLH_TCATTTGCACGTCAGC_1,7.606320804254701e-06
P5TLH_CTTCTCTGTTTCGCTC_1,7.51190084806871e-06
P3TLH_AGCTTGAAGAGTTGGC_1,7.454374217307539e-06
P5TLH_TCAGATGAGACTCGGA_1,7.423723851413978e-06
P3TLH_AAAGTAGCATGGAATA_1,7.403002192733158e-06
P1TLH_CGGCTAGGTTAAGTAG_1,7.396620905354734e-06
P3TLH_CACAGTATCGTTACAG_1,7.388638877801151e-06
P4TLH_ATTGGACCAAAGCGGT_1,7.346456979699825e-06
P2TLH_TGCGCAGGTACCTACA_1,7.298480841137971e-06
P3TLH_CGTTAGATCGCGCCAA_1,7.2385180173570505e-06
P5TLH_CCAGCGAAGTGAAGAG_1,7.188968673292187e-06
P2TLH_AACTCAGCACCAGATT_1,7.183591614781678e-06
P1TLH_TTTCCTCGTAATTGGA_1,7.176069177551691e-06
P2TLH_CCCAGTTTCGCAAACT_1,7.1645200732091655e-06
P1TLH_CCGTACTCAGGAATGC_1,7.13023765841646e-06
P3TLH_CGTGTAAGTCGCGGTT_1,7.015030484471277e-06
P5TLH_CGGTTAAGTTCAGCGC_1,7.002998420026804e-06
P3TLH_CCATGTCGTCCGAATT_1,6.967398307221289e-06
P3TLH_ACACCGGAGACTAGGC_1,6.892560007445238e-06
P3TLH_TCGTAGAGTTCATGGT_1,6.838044574057256e-06
P3TLH_ACGCAGCAGATTACCC_1,6.819538577490907e-06
P3TLH_TGGTTCCCATGAACCT_1,6.767801460207034e-06
P3TLH_AGTCTTTGTTACGTCA_1,6.714032643437575e-06
P3TLH_CTTACCGAGCACACAG_1,6.635525556227923e-06
P1TLH_GTTTCTAAGGGTTCCC_1,6.587381916329222e-06
P3TLH_GTACGTAGTCCTAGCG_1,6.518325413912621e-06
P5TLH_ACAGCCGAGATATACG_1,6.389429239593989e-06
P1TLH_TTAGGCAGTTTGGGCC_1,6.383018138705021e-06
P5TLH_CCGTGGATCTGTGCAA_1,6.343365300257107e-06
P2TLH_TTTGTCACACATGTGT_1,6.308987044134206e-06
P4TLH_GTAGGCCTCGTTGCCT_1,6.161226773992525e-06
P4TLH_CCTTACGCAGGCTCAC_1,6.138749010081403e-06
P5TLH_CTGCTGTAGGACACCA_1,6.071468054295293e-06
P3TLH_GCCAAATGTCCTCCAT_1,6.0242243467145924e-06
P1TLH_CCTCAGTGTCAAAGCG_1,5.813423177741604e-06
P2TLH_GAAATGACAGCTGCTG_1,5.804628538135874e-06
P3TLH_TGTTCCGCATGTTGAC_1,5.802434361748922e-06
P4TLH_CCTAGCTGTCTTCAAG_1,5.696458354522583e-06
P3TLH_TCGTAGAAGGGAAACA_1,5.47271964875938e-06
P2TLH_TACGGTACAGATTGCT_1,5.467623097141751e-06
P4TLH_CCTACACGTAATAGCA_1,5.464698190466619e-06
P4TLH_CTTTGCGGTATAATGG_1,5.447191397427135e-06
P3TLH_GATGCTAGTCCAGTAT_1,5.399295730612775e-06
P3TLH_CCGTACTCATGAGCGA_1,5.302803458036815e-06
P3TLH_CCACCTATCTAGAGTC_1,5.183398432679843e-06
P3TLH_CCGGTAGGTTCGTTGA_1,5.171824978238011e-06
P3TLH_CCATTCGGTAAGTGGC_1,5.150220557532048e-06
P3TLH_ACTATCTTCGGCATCG_1,5.145017036777807e-06
P2TLH_GTGCATAGTCGACTAT_1,5.105203528359779e-06
P5TLH_CTAGAGTCAGATCTGT_1,4.989327336920839e-06
P1TLH_GTCACAACATTCCTCG_1,4.954222979667869e-06
P3TLH_CTCTGGTCAGCGTAAG_1,4.942578709922387e-06
P3TLH_GGGATGAGTCCGAACC_1,4.903020628240471e-06
P1TLH_TACACGATCAAACAAG_1,4.878266336197855e-06
P4TLH_GATCAGTGTATGCTTG_1,4.855520952322145e-06
P3TLH_TCGGTAATCGTGGGAA_1,4.722028217724167e-06
P3TLH_ATTCTACCAATGACCT_1,4.617042342294026e-06
P3TLH_TTCTCCTCATCCGCGA_1,4.50805188243214e-06
P2TLH_ATCGAGTAGACTAGAT_1,4.295910014967513e-06
P5TLH_TCAATCTCAAGCCGCT_1,4.276268240160356e-06
P3TLH_CAAGTTGCATTGTGCA_1,4.271833144741816e-06
P1TLH_AGAATAGCATCTCCCA_1,4.11811993121215e-06
P5TLH_TGACTTTTCGGCTTGG_1,4.081339331672785e-06
P1TLH_TGCTACCTCTTAACCT_1,4.04073669228513e-06
P5TLH_AGCATACCAGTCGTGC_1,3.8696546751468505e-06
P3TLH_CTGATAGTCAGTTTGG_1,3.85762464488358e-06
P5TLH_TGCTACCAGCACCGCT_1,3.822984628536782e-06
P1TLH_CCTTTCTAGGCTCTTA_1,3.6845716727114594e-06
P3TLH_CAGCCGATCTCCAGGG_1,3.6176897226329266e-06
P3TLH_CACCTTGAGCGCCTCA_1,3.57511734388998e-06
P3TLH_GCTTGAACAATGTTGC_1,3.5152515045276468e-06
P2TLH_AACACGTTCATCGATG_1,3.4967668992955662e-06
P1TLH_TTGCGTCAGGACCACA_1,3.3705660441053654e-06
P5TLH_CGTCACTGTATAGGTA_1,3.3303054188785333e-06
P5TLH_GCGGGTTGTAAGTGTA_1,3.3288480006197273e-06
P5TLH_CTCTGGTTCCCTGACT_1,3.296290615561932e-06
P2TLH_GACTGCGCATATGCTG_1,3.1748758132311618e-06
P3TLH_GACACGCTCCAGTAGT_1,3.087439419019536e-06
P1TLH_TTAGGACGTGAGTATA_1,3.0602103731835967e-06
P2TLH_CGTTCTGTCAGTTCGA_1,2.9313892949803038e-06
P1TLH_CGTTCTGTCAAACAAG_1,2.8612361352716944e-06
P1TLH_CATTATCGTTATCGGT_1,2.8159132191726768e-06
P5TLH_AGACGTTCAGACGCAA_1,2.7731787074518518e-06
P5TLH_AGGGAGTGTCCGTCAG_1,2.649392376922464e-06
P3TLH_CTAGCCTTCGGCCGAT_1,2.632284463710681e-06
P1TLH_CGCCAAGCATGGTTGT_1,2.5424609053374416e-06
P4TLH_TTCTTAGTCGTGGGAA_1,2.5159863578117084e-06
P3TLH_GATTCAGGTGTGGTTT_1,2.502566850884782e-06
P5TLH_TCACGAAGTATTAGCC_1,2.4631163023265962e-06
P5TLH_CCTCTGAGTTGGAGGT_1,2.455581759302754e-06
P3TLH_GAACATCGTCCTAGCG_1,2.4136800229868777e-06
P2TLH_TGGGAAGAGAATCTCC_1,2.3940501467416933e-06
P4TLH_GGATTACTCTATCGCC_1,2.330541758567478e-06
P5TLH_TGACAACGTTTGTTTC_1,2.2991514471093152e-06
P4TLH_CGGTTAAGTTCCACGG_1,2.2692643776627066e-06
P3TLH_CATATTCCAGATGAGC_1,2.2488637654425234e-06
P2TLH_AACGTTGAGTAGCCGA_1,2.2372327182713074e-06
P3TLH_TCTTTCCAGCAGGTCA_1,2.0444144857475237e-06
P5TLH_TCGTAGACAGCATACT_1,2.0329076489392344e-06
P3TLH_GCGCAACTCATCACCC_1,2.0319782558340634e-06
P3TLH_TACAGTGGTTCCTCCA_1,2.0038242859732655e-06
P2TLH_TCGCGTTAGACTTGAA_1,1.94989954191899e-06
P2TLH_CTCTACGCATATGCTG_1,1.8164077509378728e-06
P3TLH_GCAAACTTCTGCGGCA_1,1.8097641543632115e-06
P2TLH_CGCTATCTCCGGGTGT_1,1.767747260351386e-06
P3TLH_TACTTACAGAGTTGGC_1,1.7065732393932873e-06
P2TLH_TTCCCAGCAGATGAGC_1,1.6917075842166941e-06
P4TLH_GATGCTATCCTAGGGC_1,1.6908385656095632e-06
P3TLH_TTGGAACAGGGAGTAA_1,1.6690666357368988e-06
P1TLH_CACAGGCCATCTCGCT_1,1.6384626407021669e-06
P3TLH_CACATAGAGGGCACTA_1,1.5797594892629377e-06
P5TLH_CCTACACGTGTAATGA_1,1.5678901761103013e-06
P3TLH_CCAGCGACAGTCTTCC_1,1.55381380118847e-06
P5TLH_TTTCCTCTCAGTGTTG_1,1.525266900121397e-06
P3TLH_CGGGTCAAGCAATCTC_1,1.4986680007672116e-06
P1TLH_CCTTACGTCCCTAATT_1,1.4618536678863314e-06
P4TLH_TGTGTTTAGTTCCACA_1,1.429616787800509e-06
P3TLH_GATCGATCAGCTCGCA_1,1.4274504932471434e-06
P5TLH_GACGTTAAGTTGAGAT_1,1.4189708815481345e-06
P5TLH_TTGGAACCACAACTGT_1,1.4160174513391973e-06
P3TLH_CCTACACCATACTACG_1,1.406218113355664e-06
P3TLH_AAGGAGCGTTGTCGCG_1,1.403955604091143e-06
P5TLH_GCTCTGTCATGCTAGT_1,1.3641937555039553e-06
P4TLH_CAGAGAGAGCAGGTCA_1,1.2336723997562082e-06
P5TLH_TGGCGCAGTAGCTCCG_1,1.2209824959341157e-06
P3TLH_AGCATACAGACTGGGT_1,1.1518695591380036e-06
P3TLH_CATGCCTGTGCTGTAT_1,1.0473773312280282e-06
P5TLH_AAGCCGCAGAATGTGT_1,1.0441499952351316e-06
P1TLH_GATCTAGCATGACGGA_1,1.0232700344404118e-06
P3TLH_ACGAGCCAGGTGCTAG_1,9.259628506602385e-07
P1TLH_GTCGGGTAGCTGAAAT_1,8.800749393278124e-07
P1TLH_GATGAAATCGGCCGAT_1,8.64608253359882e-07
P4TLH_AGTCTTTAGAATAGGG_1,8.223184650536407e-07
P2TLH_GCTCTGTGTAAGAGAG_1,8.156330701485388e-07
P5TLH_CGTTCTGAGATACACA_1,7.899877802965824e-07
P3TLH_AAGGCAGAGCCCGAAA_1,7.803031565170507e-07
P3TLH_CTGCTGTAGGTAAACT_1,6.021849556414462e-07
P5TLH_ACGGCCACAGGATCGA_1,5.431287851633713e-07
P2TLH_TGCGTGGGTCGCATAT_1,5.367185082828985e-07
P4TLH_CTAGCCTGTAAGGATT_1,5.133832876901128e-07
P1TLH_AGGGATGGTCAGAAGC_1,4.996913715675767e-07
P3TLH_GGTGAAGCACTTACGA_1,4.1744091322904934e-07
P1TLH_CTGATCCAGTCACGCC_1,3.9516415252472227e-07
P3TLH_TTCGGTCGTCATTAGC_1,2.692462102124186e-07
P5TLH_CCGGTAGGTCATATGC_1,5.8689145292610596e-09
P1TLH_CCTTACGCACTACAGT_1,2.3775572375397005e-09
P1TLH_ACGGAGAAGCGCCTTG_1,2.1822520309481042e-09
P5TLH_GTGCAGCTCTGAAAGA_1,2.1226374343700266e-09
P5TLH_CCACCTATCTTCAACT_1,2.095578590190588e-09
P3TLH_CCTACCATCCCAAGAT_1,1.3785993603166532e-09
P2TLH_AAGACCTAGCCACGTC_1,0.0
P3TLH_TATGCCCGTCTTCTCG_1,0.0
P2TLH_AAGTCTGGTTCCCTTG_1,0.0
P2TLH_AACGTTGTCAGGCGAA_1,0.0
P2TLH_AAGTCTGGTTATCCGA_1,0.0
P2TLH_AAATGCCGTAATAGCA_1,0.0
P5TLH_CTGAAACGTATTCTCT_1,0.0
P5TLH_CTGGTCTTCAGTTAGC_1,0.0
P2TLH_AAGGTTCGTCGAGATG_1,0.0
P5TLH_CTGCTGTAGTCCGGTC_1,0.0
P2TLH_AACTCAGGTCACAAGG_1,0.0
P2TLH_AACTTTCCAGCTTCGG_1,0.0
P2TLH_ACACCGGTCAACACAC_1,0.0
P2TLH_AAGCCGCCAGGTCTCG_1,0.0
P2TLH_AAAGATGGTGTAACGG_1,0.0
P2TLH_AAAGATGTCGACCAGC_1,0.0
P2TLH_AAGGAGCTCTATCGCC_1,0.0
P3TLH_TATCTCATCAAGATCC_1,0.0
P2TLH_AAGGCAGTCCCTTGTG_1,0.0
P2TLH_AACTCCCGTGAAATCA_1,0.0
P5TLH_CTGTGCTCATATGGTC_1,0.0
P2TLH_AACCATGCAAGTCTAC_1,0.0
P5TLH_CTGATAGAGCGCTTAT_1,0.0
P2TLH_AAAGCAACACAGCGTC_1,0.0
P2TLH_AAAGTAGAGCTAACAA_1,0.0
P2TLH_AATCGGTTCGCCGTGA_1,0.0
P1TLH_ACGCCAGAGACAGACC_1,0.0
P3TLH_TATGCCCCAGGGAGAG_1,0.0
P2TLH_AAGACCTTCGCGGATC_1,0.0
P5TLH_CTGCCTAAGGACTGGT_1,0.0
P5TLH_CTGCGGACAATGTAAG_1,0.0
P5TLH_CTGGTCTGTACGACCC_1,0.0
P2TLH_AAGGCAGTCCTCAACC_1,0.0
P1TLH_TGACGGCGTTGGTGGA_1,0.0
P1TLH_TGACAACTCCTCATTA_1,0.0
P1TLH_TGAAAGATCGTCCGTT_1,0.0
P3TLH_CTGTTTATCTGAGTGT_1,0.0
P3TLH_CTGTGCTGTACATCCA_1,0.0
P3TLH_CTGTGCTAGCAGGTCA_1,0.0
P3TLH_TAGACCAAGGGAACGG_1,0.0
P3TLH_TACTTGTTCACGCGGT_1,0.0
P3TLH_TACTTGTGTACAGTTC_1,0.0
P3TLH_TACTTGTCAATGTTGC_1,0.0
P1TLH_ACGATACTCAGGATCT_1,0.0
P3TLH_TACTTACTCTTCGAGA_1,0.0
P3TLH_TACTCATCATCGGTTA_1,0.0
P3TLH_CTTACCGAGCCTCGTG_1,0.0
P3TLH_TACGGTACACCTATCC_1,0.0
P3TLH_TACGGTAAGAGTTGGC_1,0.0
P3TLH_TACGGGCCAGTCCTTC_1,0.0
P3TLH_GAAACTCGTTACGACT_1,0.0
P3TLH_GAAACTCCACAGGCCT_1,0.0
P3TLH_CTTTGCGCACCGGAAA_1,0.0
P1TLH_TGTGTTTAGCGTCAAG_1,0.0
P1TLH_TGTGGTAGTCTGCGGT_1,0.0
P1TLH_TGGGAAGGTGAAATCA_1,0.0
P1TLH_TGGCGCACAGGGAGAG_1,0.0
P1TLH_TGGACGCTCCTCTAGC_1,0.0
P1TLH_TGCTGCTCACATGGGA_1,0.0
P1TLH_TGCGGGTAGGTGATAT_1,0.0
P3TLH_TACTCATCACACAGAG_1,0.0
P1TLH_ACACCCTAGCTGAACG_1,0.0
P3TLH_GAAGCAGCAACCGCCA_1,0.0
P1TLH_TCGCGAGCAAAGCGGT_1,0.0
P1TLH_TCCACACCATAAAGGT_1,0.0
P1TLH_TCATTACTCGTAGATC_1,0.0
P1TLH_TCACAAGAGTCCCACG_1,0.0
P5TLH_GATGAAAGTCTTCTCG_1,0.0
P5TLH_GATGAAAGTAGCGTCC_1,0.0
P5TLH_GATGAAAAGTTTGCGT_1,0.0
P5TLH_GATCGCGCAGCTGTTA_1,0.0
P5TLH_GATCAGTTCCATGAAC_1,0.0
P5TLH_GATCAGTCACTGTGTA_1,0.0
P5TLH_GAGTCCGAGCTTCGCG_1,0.0
P1TLH_TGAGGGATCAAACCAC_1,0.0
P1TLH_TCTTTCCTCTGTTTGT_1,0.0
P1TLH_TCTTCGGTCTCTGTCG_1,0.0
P1TLH_TCTTCGGCAAGCGATG_1,0.0
P1TLH_TCTGGAACACCACGTG_1,0.0
P1TLH_TCGTACCTCACGCATA_1,0.0
P1TLH_TCGGGACTCCGAAGAG_1,0.0
P5TLH_GAGCAGACAGCTGTAT_1,0.0
P5TLH_GAGCAGACACAAGCCC_1,0.0
P5TLH_GACTGCGTCGAGAACG_1,0.0
P5TLH_GACGGCTGTGAACCTT_1,0.0
P5TLH_GACGCGTTCCCGACTT_1,0.0
P5TLH_GACGCGTGTTGTGGCC_1,0.0
P1TLH_TGCGCAGCATCACAAC_1,0.0
P1TLH_TGAAAGAAGCGGCTTC_1,0.0
P5TLH_GAAACTCCACCCATGG_1,0.0
P5TLH_CTTCTCTTCATAGCAC_1,0.0
P5TLH_CTTAGGATCGACAGCC_1,0.0
P5TLH_CTTAACTTCACGCATA_1,0.0
P1TLH_TTTGCGCAGATGTTAG_1,0.0
P1TLH_TTTATGCGTAATCGTC_1,0.0
P1TLH_TTGCGTCCAGGATTGG_1,0.0
P1TLH_TTGCCGTGTGTGAAAT_1,0.0
P2TLH_AACTCTTAGATAGTCA_1,0.0
P2TLH_AACTCCCTCGATCCCT_1,0.0
P3TLH_CTGCGGATCCATGCTC_1,0.0
P3TLH_CTGCGGAGTTCCACGG_1,0.0
P3TLH_CTGCGGAGTGCAGTAG_1,0.0
P5TLH_GACACGCCAAAGTCAA_1,0.0
P3TLH_CTGCGGACAGCTCGCA_1,0.0
P3TLH_CTGCCTATCTCTAAGG_1,0.0
P3TLH_CTGCCTAGTTTGACAC_1,0.0
P3TLH_CTGCCTAGTATTCTCT_1,0.0
P3TLH_CTGATAGAGAGCTTCT_1,0.0
P3TLH_TCACAAGAGTGGAGTC_1,0.0
P3TLH_TCAATCTAGATAGCAT_1,0.0
P3TLH_TCAACGATCTCTGTCG_1,0.0
P3TLH_TCAACGATCACATAGC_1,0.0
P3TLH_TCAACGAGTTCTGGTA_1,0.0
P3TLH_TCAACGACACACCGAC_1,0.0
P3TLH_TCAACGAAGGTGCTAG_1,0.0
P3TLH_TATTACCAGGATTCGG_1,0.0
P3TLH_CTGCGGACATAAGACA_1,0.0
P5TLH_GAATGAAGTCCGAAGA_1,0.0
P5TLH_GAATGAAAGCGCCTCA_1,0.0
P5TLH_GAATAAGTCACTCCTG_1,0.0
P5TLH_GAATAAGAGATCCTGT_1,0.0
P5TLH_GAAGCAGAGAGCTTCT_1,0.0
P5TLH_GAACGGATCCGCATAA_1,0.0
P1TLH_TTGAACGAGGACTGGT_1,0.0
P1TLH_TTCTTAGCACCCAGTG_1,0.0
P1TLH_TTCGGTCGTCCGTCAG_1,0.0
P1TLH_TTCGGTCCAATCTGCA_1,0.0
P1TLH_TTCGGTCAGCTCCCAG_1,0.0
P3TLH_TATCTCACATTCGACA_1,0.0
P3TLH_TAGTTGGTCAGTACGT_1,0.0
P5TLH_GAAATGACAACAACCT_1,0.0
P3TLH_TAGTGGTAGTTAGCGG_1,0.0
P3TLH_TAGTGGTAGTGTTTGC_1,0.0
P3TLH_TAGGCATGTTAAGTAG_1,0.0
P3TLH_TAGGCATGTAGGGTAC_1,0.0
P3TLH_TAGGCATCAAGCCGCT_1,0.0
P3TLH_TAGGCATAGACTACAA_1,0.0
P3TLH_TAGCCGGAGTGCCATT_1,0.0
P3TLH_TAGAGCTAGTGTTTGC_1,0.0
P3TLH_TAGACCAGTTTAAGCC_1,0.0
P3TLH_TAGACCACATTGGCGC_1,0.0
P1TLH_TTAGGACAGTGCCATT_1,0.0
P1TLH_TTAGGACAGTAGCGGT_1,0.0
P1TLH_TGTTCCGTCGGCGGTT_1,0.0
P3TLH_TAGTTGGCAATAGCGG_1,0.0
P5TLH_CCTTTCTCAGAAGCAC_1,0.0
P5TLH_CCTTCGAAGGGTCTCC_1,0.0
P5TLH_CCTTACGCACACGCTG_1,0.0
P5TLH_CCTTACGAGCAGACTG_1,0.0
P5TLH_CCTCTGAGTGGAAAGA_1,0.0
P2TLH_ATCATGGGTACTTCTT_1,0.0
P2TLH_ATCATGGAGCTAAACA_1,0.0
P2TLH_ATCATCTAGTTAAGTG_1,0.0
P2TLH_ATAGACCTCTGCCCTA_1,0.0
P2TLH_ATAGACCTCACCAGGC_1,0.0
P2TLH_ATAAGAGGTCTGCGGT_1,0.0
P2TLH_AGTGGGAGTAAATGTG_1,0.0
P2TLH_AGTGGGAAGGGAACGG_1,0.0
P2TLH_AGTGAGGTCGGAAATA_1,0.0
P2TLH_AGTCTTTTCGAACGGA_1,0.0
P3TLH_TACACGAGTACAGTTC_1,0.0
P3TLH_TGAAAGAGTCATGCCG_1,0.0
P3TLH_CTACATTCATACTACG_1,0.0
P3TLH_CTACATTTCTGAGTGT_1,0.0
P3TLH_CTACGTCAGCCAGTTT_1,0.0
P3TLH_CTACGTCGTGTGGTTT_1,0.0
P3TLH_CTAGAGTCACGTGAGA_1,0.0
P2TLH_ATTATCCAGCCGTCGT_1,0.0
P2TLH_AGTCTTTGTCGCATCG_1,0.0
P2TLH_ATTGGTGAGATGCGAC_1,0.0
P5TLH_CCGTACTAGTAGTGCG_1,0.0
P5TLH_CCGTTCACACTAGTAC_1,0.0
P5TLH_CCTAAAGAGTGCGTGA_1,0.0
P5TLH_CCTAAAGCATCGGACC_1,0.0
P5TLH_CCTAAAGGTCCGACGT_1,0.0
P5TLH_CCTAGCTGTGAGGGTT_1,0.0
P5TLH_CCTATTAGTTCCCTTG_1,0.0
P2TLH_ATTCTACCACTAGTAC_1,0.0
P2TLH_AGGTCATCAAACGCGA_1,0.0
P2TLH_AGGGTGATCGTACCGG_1,0.0
P3TLH_CTCGAAAAGAGTCGGT_1,0.0
P3TLH_CTCCTAGTCGCCAGCA_1,0.0
P3TLH_CTCATTAAGTTCGCAT_1,0.0
P3TLH_CTCATTAAGTGTACCT_1,0.0
P3TLH_CTCAGAACATGAGCGA_1,0.0
P3TLH_CTCAGAACAGCTCCGA_1,0.0
P3TLH_CTCAGAACACGGACAA_1,0.0
P3TLH_CTCAGAAAGAAGAAGC_1,0.0
P5TLH_TTAGTTCCATAGGATA_1,0.0
P3TLH_CTAGTGATCTCGCTTG_1,0.0
P3TLH_TCTGAGACAGCCTGTG_1,0.0
P3TLH_TCTGAGAAGATGGGTC_1,0.0
P3TLH_TCTCTAATCACTATTC_1,0.0
P5TLH_CGAACATCAGGCAGTA_1,0.0
P5TLH_CGAACATGTCGGCATC_1,0.0
P5TLH_CGAACATTCTGCAAGT_1,0.0
P5TLH_CGAATGTAGGGAGTAA_1,0.0
P2TLH_AGCTCCTCACCATCCT_1,0.0
P2TLH_AGCTTGAAGGAGCGTT_1,0.0
P2TLH_AGCTTGATCTCGTTTA_1,0.0
P2TLH_AGGCCACGTGCACCAC_1,0.0
P3TLH_TCTCTAAGTGGCGAAT_1,0.0
P2TLH_AGGCCGTTCAAGGTAA_1,0.0
P2TLH_AGGCCGTTCGCCATAA_1,0.0
P2TLH_AGGGAGTCATTCTTAC_1,0.0
P2TLH_AGGGATGAGGATGGTC_1,0.0
P2TLH_AGGGATGCAGCTATTG_1,0.0
P3TLH_TCGTAGAAGTTTCCTT_1,0.0
P3TLH_TCTCATAGTCCGCTGA_1,0.0
P3TLH_TCTCTAAGTGCACCAC_1,0.0
P5TLH_TTAGTTCTCAATCTCT_1,0.0
P3TLH_TGACTAGCATACGCTA_1,0.0
P3TLH_TGACGGCCAGTCACTA_1,0.0
P3TLH_TGACGGCCACCCATTC_1,0.0
P3TLH_TGACGGCCACAGCGTC_1,0.0
P3TLH_TGACAACTCACGCATA_1,0.0
P3TLH_TGACAACCAGTTCCCT_1,0.0
P3TLH_TGAAAGATCTCGATGA_1,0.0
P3TLH_CTAGTGAGTAAGTGTA_1,0.0
P3TLH_CTAGTGACATTACCTT_1,0.0
P3TLH_CTAGTGACAGTACACT_1,0.0
P2TLH_CAACCTCTCTGCTGCT_1,0.0
P2TLH_CAACCTCTCACGCATA_1,0.0
P2TLH_CAACCAATCACCATAG_1,0.0
P2TLH_ATTTCTGAGATAGCAT_1,0.0
P5TLH_CCATTCGCAGCCTTTC_1,0.0
P3TLH_TGAAAGACACATGACT_1,0.0
P2TLH_CACCTTGGTAGCCTCG_1,0.0
P2TLH_CACCTTGGTTGGAGGT_1,0.0
P2TLH_CACTCCACAATGAATG_1,0.0
P2TLH_CACTCCACAGACGCCT_1,0.0
P2TLH_CACTCCATCTCTAGGA_1,0.0
P2TLH_CAGAATCAGTACGCGA_1,0.0
P2TLH_CAGAATCTCCGGCACA_1,0.0
P5TLH_CCATTCGCAGACGTAG_1,0.0
P2TLH_CAGATCAGTCTAGTCA_1,0.0
P2TLH_CAGATCATCACCTTAT_1,0.0
P2TLH_CAGCAGCCATTCTTAC_1,0.0
P2TLH_CAGCAGCGTCTCTTAT_1,0.0
P5TLH_CATTCGCGTAGGGACT_1,0.0
P5TLH_CCACGGATCTGGTTCC_1,0.0
P5TLH_CCACGGATCTGTACGA_1,0.0
P5TLH_CCATGTCTCTGGTGTA_1,0.0
P2TLH_CAGATCAAGTGAACAT_1,0.0
P5TLH_CCCTCCTCAGCCAGAA_1,0.0
P5TLH_CCGGTAGAGTGGGATC_1,0.0
P2TLH_ATCCGAAAGTGTACCT_1,0.0
P2TLH_ATCGAGTAGTACGCCC_1,0.0
P2TLH_ATGAGGGAGGAGTTTA_1,0.0
P2TLH_ATGAGGGTCCACTCCA_1,0.0
P2TLH_ATGGGAGTCACGCGGT_1,0.0
P3TLH_TGACTAGCATTATCTC_1,0.0
P2TLH_ATGTGTGCAACCGCCA_1,0.0
P2TLH_ATTACTCCACTGTGTA_1,0.0
P2TLH_ATTACTCTCTGGTATG_1,0.0
P3TLH_CTCGAGGGTACAGACG_1,0.0
P3TLH_TCTGGAATCCAAGCCG_1,0.0
P3TLH_TCTTCGGCAGATTGCT_1,0.0
P3TLH_TCTTCGGGTGAAAGAG_1,0.0
P3TLH_TCTTTCCCATTCTCAT_1,0.0
P2TLH_ATGTGTGAGTCATCCA_1,0.0
P3TLH_TGACTAGTCGCAAGCC_1,0.0
P3TLH_CGTTCTGAGTCGTTTG_1,0.0
P3TLH_CGTTCTGCACAACGCC_1,0.0
P5TLH_TTATGCTGTAGTGAAT_1,0.0
P3TLH_CGTTGGGTCCATGAAC_1,0.0
P3TLH_CTAACTTGTGATGCCC_1,0.0
P3TLH_CTAACTTGTTCGTTGA_1,0.0
P5TLH_CCCAATCCACGTCAGC_1,0.0
P3TLH_CTAAGACCAAGCCCAC_1,0.0
P3TLH_CTAAGACGTTGAGGTG_1,0.0
P3TLH_CTAAGACTCTCCAACC_1,0.0
P2TLH_CAAGTTGCAGTCGATT_1,0.0
P5TLH_TTATGCTGTACATGTC_1,0.0
P2TLH_CACACAACACCAGTTA_1,0.0
P2TLH_CACAGGCAGAGCAATT_1,0.0
P5TLH_CCATTCGTCTTCTGGC_1,0.0
P3TLH_CTAAGACAGGGCACTA_1,0.0
P5TLH_CTCGAAACAAGACGTG_1,0.0
P5TLH_CTCCTAGTCGAATCCA_1,0.0
P5TLH_CTCCTAGGTAAGGATT_1,0.0
P5TLH_CTCCTAGAGCTCCTTC_1,0.0
P5TLH_CTCCTAGAGCGCCTCA_1,0.0
P5TLH_CTCAGAACATTTGCTT_1,0.0
P5TLH_CTCACACGTAGAGGAA_1,0.0
P5TLH_CTCACACAGCTAACTC_1,0.0
P5TLH_CTAGTGAAGACAGAGA_1,0.0
P5TLH_CTAGCCTAGTACGATA_1,0.0
P2TLH_ACTATCTCATCTATGG_1,0.0
P2TLH_ACTATCTCAGCATGAG_1,0.0
P2TLH_ACGGCCATCAGGTAAA_1,0.0
P2TLH_ACGGCCAGTCCATGAT_1,0.0
P2TLH_ACGGAGATCCTTTCTC_1,0.0
P2TLH_AGTAGTCCAAGCTGAG_1,0.0
P3TLH_TCCACACCAAAGCGGT_1,0.0
P3TLH_TCCACACCAGTATAAG_1,0.0
P3TLH_TCCACACGTCTAGAGG_1,0.0
P3TLH_TCCCGATGTGGCAAAC_1,0.0
P5TLH_TGTGTTTAGAGTAATC_1,0.0
P3TLH_TCGAGGCGTCCTCCAT_1,0.0
P3TLH_TCGCGAGCAAGTTCTG_1,0.0
P2TLH_ACGCCGAGTGCGCTTG_1,0.0
P5TLH_CTAATGGAGGCCCTTG_1,0.0
P5TLH_CTAATGGTCCTCGCAT_1,0.0
P5TLH_CTACCCAAGCAGGCTA_1,0.0
P2TLH_ACGAGGAGTTCCGGCA_1,0.0
P2TLH_ACGATACAGATAGCAT_1,0.0
P2TLH_ACGATACTCTGTACGA_1,0.0
P2TLH_ACGCCAGTCGCCATAA_1,0.0
P2TLH_ACGCCGACATTGGTAC_1,0.0
P3TLH_TCGCGAGCACACCGCA_1,0.0
P3TLH_TCAGGATGTTCAGACT_1,0.0
P3TLH_TCAGGTAAGTTTAGGA_1,0.0
P3TLH_CTCTAATTCAGAGACG_1,0.0
P3TLH_CTCTACGAGCATGGCA_1,0.0
P3TLH_CTCTACGAGCTGATAA_1,0.0
P3TLH_CTCTACGAGGACATTA_1,0.0
P3TLH_CTCTACGGTCAGATAA_1,0.0
P2TLH_ACAGCCGCAGGATCGA_1,0.0
P3TLH_CTCTGGTGTCCAGTAT_1,0.0
P3TLH_CTCTGGTTCTGTGCAA_1,0.0
P2TLH_ACCGTAAGTTGAGTTC_1,0.0
P2TLH_ACCGTAATCACCTCGT_1,0.0
P2TLH_ACCTTTATCAGGATCT_1,0.0
P2TLH_ACGAGGAGTACTTGAC_1,0.0
P5TLH_CTCGAGGAGTCGCCGT_1,0.0
P1TLH_ACGCCAGCACTCGACG_1,0.0
P3TLH_CTCTACGTCCCAAGTA_1,0.0
P2TLH_ACAGCCGCATGATCCA_1,0.0
P2TLH_ACAGCCGGTGGTAACG_1,0.0
P2TLH_ACATGGTAGTAAGTAC_1,0.0
P2TLH_ACCCACTTCTTGCCGT_1,0.0
P2TLH_ACCGTAAAGGTGACCA_1,0.0
P3TLH_CTGCTGTCAGTCTTCC_1,0.0
P3TLH_TCACAAGCACGGTGTC_1,0.0
P3TLH_TCAGGATCACATCCGG_1,0.0
P3TLH_TCACAAGTCGACCAGC_1,0.0
P3TLH_TCACGAATCGTTTGCC_1,0.0
P3TLH_TCAGATGTCTATCCCG_1,0.0
P3TLH_TCAGCAAAGTATCTCG_1,0.0
P3TLH_TCAGCAAAGTCAAGCG_1,0.0
P3TLH_TCAGCAACAAGGTGTG_1,0.0
P3TLH_TCAGCTCGTAACGCGA_1,0.0
P3TLH_TCAGGATCAAGGTTTC_1,0.0
P3TLH_TCACAAGTCCCGACTT_1,0.0
P2TLH_ACTGAGTTCAGGCCCA_1,0.0
P5TLH_CGGCTAGAGAAACCGC_1,0.0
P5TLH_CGGAGTCCACCTGGTG_1,0.0
P5TLH_CGGACTGTCACAGTAC_1,0.0
P5TLH_CGGACTGCACGCTTTC_1,0.0
P5TLH_CGCTTCATCAGTCAGT_1,0.0
P5TLH_CGCTTCACATGAGCGA_1,0.0
P5TLH_CGCTTCAAGACCGGAT_1,0.0
P2TLH_AGCGTCGAGGGAAACA_1,0.0
P2TLH_AGCCTAATCCTCGCAT_1,0.0
P2TLH_AGCCTAACAGGTCGTC_1,0.0
P2TLH_AGCAGCCGTAAAGTCA_1,0.0
P2TLH_AGATTGCTCTGCGGCA_1,0.0
P2TLH_AGATTGCAGTAGTGCG_1,0.0
P2TLH_AGATCTGTCCTGTACC_1,0.0
P3TLH_TCATTTGGTATAGGGC_1,0.0
P2TLH_AGTCTTTCACTTACGA_1,0.0
P5TLH_CGACCTTCACGCTTTC_1,0.0
P5TLH_CGACCTTTCGCGTTTC_1,0.0
P5TLH_TGTTCCGCACCATGTA_1,0.0
P5TLH_CGACTTCCATGAAGTA_1,0.0
P5TLH_CGAGCACCACAGACAG_1,0.0
P5TLH_CGAGCCATCCACGAAT_1,0.0
P2TLH_AGATCTGGTGAGCGAT_1,0.0
P5TLH_CGCGTTTAGCAATATG_1,0.0
P2TLH_AGAGCGAAGCCCAATT_1,0.0
P2TLH_AGAGCGAAGGATGGTC_1,0.0
P2TLH_AGAGCGAGTGCCTGCA_1,0.0
P2TLH_AGAGCTTGTTTGCATG_1,0.0
P2TLH_AGAGTGGAGGATGCGT_1,0.0
P2TLH_AGAGTGGCATGCATGT_1,0.0
P2TLH_AGAGTGGGTTCAGTAC_1,0.0
P5TLH_CGATCGGAGCGTAATA_1,0.0
P3TLH_TCGTACCAGGCACATG_1,0.0
P2TLH_ACTTTCAAGTCACGCC_1,0.0
P2TLH_AGAATAGAGGGAAACA_1,0.0
P2TLH_AGACGTTAGTTGAGAT_1,0.0
P2TLH_AGACGTTCAGCTCGAC_1,0.0
P2TLH_AGACGTTTCAAGATCC_1,0.0
P5TLH_CGGTTAAAGAGTTGGC_1,0.0
P2TLH_ACTGTCCCAATGTAAG_1,0.0
P5TLH_CGTAGGCTCGTTACAG_1,0.0
P5TLH_CGTCAGGCAGCTGGCT_1,0.0
P5TLH_CGTTCTGTCGGTTAAC_1,0.0
P3TLH_CTGAAGTCACGGCGTT_1,0.0
P3TLH_CTGAAGTTCTGAGTGT_1,0.0
P3TLH_TCAGGTATCGCAAACT_1,0.0
P3TLH_TCATTACGTGGAAAGA_1,0.0
P3TLH_TCATTACTCCTCTAGC_1,0.0
P5TLH_CGTAGGCGTGTAAGTA_1,0.0
P2TLH_ACTTACTGTCTCAACA_1,0.0
P2TLH_ACTTGTTAGATAGCAT_1,0.0
P2TLH_ACTTGTTCACCTCGTT_1,0.0
P3TLH_TCGCGTTAGGGATACC_1,0.0
P3TLH_TCGCGTTCAGTACACT_1,0.0
P3TLH_TCGCGTTGTCGCTTTC_1,0.0
P3TLH_TCGCGTTGTGTTGGGA_1,0.0
P3TLH_TCGTACCAGCCACGTC_1,0.0
P3TLH_CTCGAGGGTCATACTG_1,0.0
P3TLH_CTCGGAGAGGACAGAA_1,0.0
P3TLH_CTCGGAGAGGATATAC_1,0.0
P5TLH_TGTGTTTCAAGGTTTC_1,0.0
P3TLH_CTCGTCACAGTCCTTC_1,0.0
P3TLH_CTCGTCAGTAACGCGA_1,0.0
P3TLH_CTCGTCAGTAGGCATG_1,0.0
P3TLH_CTCGTCAGTCTAACGT_1,0.0
P3TLH_TCGGTAAAGGGCTCTC_1,0.0
P1TLH_CCGTGGAAGTCGTACT_1,0.0
P1TLH_CCGTGGAAGTGTTGAA_1,0.0
P1TLH_CCGTTCACATTAGGCT_1,0.0
P5TLH_TCACGAAAGGTGATTA_1,0.0
P5TLH_TCACGAACACGAGGTA_1,0.0
P5TLH_TCAGCAAAGCCCAACC_1,0.0
P5TLH_TCAGCAATCCGTTGCT_1,0.0
P3TLH_GTTACAGAGGGTCGAT_1,0.0
P5TLH_TCAGGATGTTGGGACA_1,0.0
P5TLH_TCAGGTACACGAGGTA_1,0.0
P1TLH_CATGCCTAGCTTATCG_1,0.0
P1TLH_CATGGCGTCGCCTGAG_1,0.0
P1TLH_CATGGCGTCTTATCTG_1,0.0
P1TLH_CATTCGCTCCGTAGTA_1,0.0
P1TLH_CCAATCCAGATCCTGT_1,0.0
P1TLH_CCAATCCGTCTCTCTG_1,0.0
P3TLH_GCGCGATAGTTACCCA_1,0.0
P1TLH_CCCATACCAATCTACG_1,0.0
P1TLH_CCCTCCTTCTCTTATG_1,0.0
P1TLH_CCGGGATCACATTAGC_1,0.0
P1TLH_CCGGTAGTCCCGGATG_1,0.0
P3TLH_GGGTTGCCATCTGGTA_1,0.0
P3TLH_GGTGAAGAGACCCACC_1,0.0
P3TLH_GGTGCGTCAACACCCG_1,0.0
P3TLH_GCAAACTCATGTCTCC_1,0.0
P3TLH_GGTGCGTGTATGGTTC_1,0.0
P3TLH_GGTGCGTTCAGTCAGT_1,0.0
P3TLH_GATTCAGAGTTAGCGG_1,0.0
P3TLH_GATTCAGCATCGACGC_1,0.0
P3TLH_GATTCAGGTCCGTTAA_1,0.0
P3TLH_GCAAACTAGAACAACT_1,0.0
P3TLH_GCAAACTAGCACACAG_1,0.0
P3TLH_GCAAACTCACTTACGA_1,0.0
P3TLH_GGTGCGTGTATGAAAC_1,0.0
P5TLH_TCAGGTATCGAGGTAG_1,0.0
P5TLH_TCCACACCATTGGGCC_1,0.0
P5TLH_TCCCGATGTAAGTAGT_1,0.0
P3TLH_GCGCCAACAAGACGTG_1,0.0
P5TLH_TCCCGATTCTCTGAGA_1,0.0
P5TLH_TCGAGGCTCAAGATCC_1,0.0
P1TLH_CAGTAACCAGATGAGC_1,0.0
P3TLH_GCAGTTACAAGAGTCG_1,0.0
P1TLH_CAGTCCTAGCCAACAG_1,0.0
P1TLH_CAGTCCTTCTGTGCAA_1,0.0
P1TLH_CATCAAGCATACAGCT_1,0.0
P1TLH_CATCCACCAATGTTGC_1,0.0
P1TLH_CATCGAAGTCAGCTAT_1,0.0
P5TLH_TCGGTAAAGTGGGCTA_1,0.0
P5TLH_TCGGTAAGTGTATGGG_1,0.0
P5TLH_TCGGTAATCGCTTGTC_1,0.0
P1TLH_CAGTAACTCTGCCCTA_1,0.0
P3TLH_GCATACAAGTGATCGG_1,0.0
P3TLH_GCATACAGTAGCACGA_1,0.0
P3TLH_GGCTCGATCGACAGCC_1,0.0
P3TLH_GGCTGGTGTAAACACA_1,0.0
P3TLH_GGCTGGTGTGCTTCTC_1,0.0
P3TLH_GCGCGATAGCTCCTCT_1,0.0
P3TLH_GGGACCTGTCACAAGG_1,0.0
P3TLH_GGGACCTTCACCACCT_1,0.0
P1TLH_CCAGCGACATTGGCGC_1,0.0
P3TLH_GGGAGATGTCTCTCGT_1,0.0
P3TLH_GGGAGATTCGCGTAGC_1,0.0
P3TLH_GGGATGACAGGCTGAA_1,0.0
P3TLH_GGGATGATCCTAGAAC_1,0.0
P3TLH_GGGCATCTCCTCATTA_1,0.0
P3TLH_GGGCATCTCGTACCGG_1,0.0
P3TLH_GGGTTGCAGAGTACCG_1,0.0
P1TLH_CCACTACCATAGTAAG_1,0.0
P3TLH_GGGACCTTCCACTCCA_1,0.0
P5TLH_TACCTATCAACTGCGC_1,0.0
P5TLH_TACCTATTCCTGCCAT_1,0.0
P5TLH_TACCTATTCTTCCTTC_1,0.0
P1TLH_CGACCTTGTATGCTTG_1,0.0
P1TLH_CGATCGGAGCTCCTCT_1,0.0
P1TLH_CGATGTAGTTGCTCCT_1,0.0
P1TLH_CGCCAAGGTCCAGTAT_1,0.0
P1TLH_CCCAGTTCAAGGTTCT_1,0.0
P3TLH_GTAACGTCAGGGTTAG_1,0.0
P3TLH_GTAACGTGTCAAGCGA_1,0.0
P3TLH_GTAACGTGTCGAGTTT_1,0.0
P3TLH_GTAACGTTCCTAGTGA_1,0.0
P3TLH_GTAACTGCACTCAGGC_1,0.0
P3TLH_GTAACTGCATGCTAGT_1,0.0
P3TLH_GTAACTGTCTCTTATG_1,0.0
P3TLH_GTACGTAAGGAGTTTA_1,0.0
P3TLH_GGTGCGTTCTATCCTA_1,0.0
P5TLH_GTGTTAGTCTCGTATT_1,0.0
P5TLH_GTTAAGCAGGCTAGCA_1,0.0
P5TLH_GTTAAGCAGTGCTGCC_1,0.0
P5TLH_GTTAAGCGTATCACCA_1,0.0
P5TLH_GTTAAGCTCCTCAATT_1,0.0
P5TLH_GTTCATTGTTCACGGC_1,0.0
P5TLH_GTTCGGGGTCTTGTCC_1,0.0
P5TLH_GTTCTCGAGTCGTACT_1,0.0
P5TLH_TACAGTGGTGGGTCAA_1,0.0
P1TLH_CGGACTGGTAGTAGTA_1,0.0
P1TLH_CGGAGCTCATGCCTAA_1,0.0
P1TLH_CGTAGCGCACAAGACG_1,0.0
P5TLH_GTTCTCGTCACAACGT_1,0.0
P5TLH_TAAACCGAGACCTTTG_1,0.0
P5TLH_TAAACCGCAGATGGCA_1,0.0
P5TLH_TAAACCGCATCAGTAC_1,0.0
P5TLH_TAAACCGTCTGCGTAA_1,0.0
P1TLH_CGGACTGCATGACATC_1,0.0
P5TLH_TACGGATCAATCCGAT_1,0.0
P5TLH_TACGGGCCATTAACCG_1,0.0
P3TLH_GCGCGATCAGCTGTTA_1,0.0
P5TLH_TACGGTAAGCCAGAAC_1,0.0
P5TLH_TACTCATGTGGCAAAC_1,0.0
P5TLH_TACTCGCGTGTCTGAT_1,0.0
P5TLH_TACTTACTCTTCGAGA_1,0.0
P3TLH_GTACGTACATGGATGG_1,0.0
P1TLH_CGAATGTTCTGTACGA_1,0.0
P5TLH_TAGACCAAGAGTGACC_1,0.0
P5TLH_TAGAGCTCAATGGACG_1,0.0
P5TLH_TAGGCATAGGTACTCT_1,0.0
P5TLH_TAGTGGTTCGGTTCGG_1,0.0
P5TLH_TAGTTGGGTGACGGTA_1,0.0
P1TLH_CCATTCGCACTCGACG_1,0.0
P1TLH_CCCAGTTAGACGCAAC_1,0.0
P1TLH_CCTAAAGGTCGAGATG_1,0.0
P3TLH_GTACTCCAGAATTGTG_1,0.0
P3TLH_GTACTCCGTAGGAGTC_1,0.0
P3TLH_GATCTAGAGTACGTTC_1,0.0
P3TLH_GATCTAGCAGATCGGA_1,0.0
P3TLH_GCGCGATCATGTTGAC_1,0.0
P3TLH_GATCTAGGTCAACATC_1,0.0
P3TLH_GATCTAGGTCAGATAA_1,0.0
P3TLH_GATCTAGGTTTGTTGG_1,0.0
P5TLH_TACCTTATCTATGTGG_1,0.0
P3TLH_GATGAAATCCGTAGTA_1,0.0
P1TLH_CGCGGTATCTTTAGTC_1,0.0
P1TLH_CGCGTTTGTTGAACTC_1,0.0
P1TLH_CGCTATCCACGAAACG_1,0.0
P1TLH_CGCTATCCACGGTGTC_1,0.0
P1TLH_CGCTGGAAGAGATGAG_1,0.0
P1TLH_CGGACACAGATGTAAC_1,0.0
P5TLH_TACCTTAAGTACGTAA_1,0.0
P3TLH_GATGAAAGTCACCTAA_1,0.0
P1TLH_AGTCTTTTCGGTGTTA_1,0.0
P1TLH_ATAACGCAGAATAGGG_1,0.0
P5TLH_TTCTCCTGTGCTCTTC_1,0.0
P5TLH_TGCTACCGTAGGCTGA_1,0.0
P5TLH_TGCTGCTAGCCAGTTT_1,0.0
P5TLH_TGGACGCCAGTAAGCG_1,0.0
P5TLH_TGGACGCTCACGATGT_1,0.0
P5TLH_TCGTAGAAGCGTGTCC_1,0.0
P1TLH_AGAGCGAAGCTGAACG_1,0.0
P1TLH_AGAGCTTAGCCACGCT_1,0.0
P3TLH_GCGGGTTTCCCATTAT_1,0.0
P3TLH_GCGGGTTTCTCGTATT_1,0.0
P3TLH_GCGGGTTTCTCTGCTG_1,0.0
P3TLH_GCTCCTAAGAATCTCC_1,0.0
P3TLH_GCTCCTAAGTTAACGA_1,0.0
P3TLH_GCTCCTAGTAAATGAC_1,0.0
P5TLH_TGGCCAGCACTGTCGG_1,0.0
P3TLH_GCCTCTACAAGCCATT_1,0.0
P3TLH_GCCTCTACACTATCTT_1,0.0
P3TLH_GCGACCATCCTCTAGC_1,0.0
P3TLH_GCGACCATCGCGGATC_1,0.0
P3TLH_GCGACCATCTATCCCG_1,0.0
P3TLH_GCGAGAAAGCCCAATT_1,0.0
P3TLH_GCGAGAACACGTCTCT_1,0.0
P1TLH_AGGCCGTGTTCGCTAA_1,0.0
P3TLH_GCGCAACGTTATGCGT_1,0.0
P3TLH_GCGCAGTGTACTCTCC_1,0.0
P3TLH_GCGCAGTGTTGGAGGT_1,0.0
P3TLH_GGACATTGTCTCGTTC_1,0.0
P1TLH_ATGCGATAGAGGTTGC_1,0.0
P1TLH_ATGTGTGTCATTATCC_1,0.0
P1TLH_AGGCCACGTAGGACAC_1,0.0
P1TLH_AGGCCACGTCCAGTTA_1,0.0
P3TLH_GCGAGAACATGCTGGC_1,0.0
P1TLH_ACGGCCAAGGCTACGA_1,0.0
P1TLH_ACTTTCACATGCAACT_1,0.0
P1TLH_ACTTTCATCGGCATCG_1,0.0
P1TLH_AGAATAGGTTTCGCTC_1,0.0
P5TLH_TGGCTGGCAGTCCTTC_1,0.0
P5TLH_TGTATTCCACGAGAGT_1,0.0
P5TLH_TGTCCCACAAACTGCT_1,0.0
P3TLH_GCTCCTATCCCTCTTT_1,0.0
P1TLH_ACAGCCGTCAGGCGAA_1,0.0
P1TLH_AAGGAGCCATACAGCT_1,0.0
P1TLH_AAAGTAGTCAAACGGG_1,0.0
P5TLH_TTTGCGCCATCCTAGA_1,0.0
P1TLH_AACTTTCGTTTGCATG_1,0.0
P1TLH_AACTCCCAGATCCCGC_1,0.0
P5TLH_TTTGTCAGTTTAGGAA_1,0.0
P1TLH_AACCGCGTCGTGGACC_1,0.0
P5TLH_TGTGGTACAATGGAGC_1,0.0
P3TLH_GCTCTGTGTTAGAACA_1,0.0
P3TLH_GCTCTGTTCTTGAGGT_1,0.0
P3TLH_GCTGCAGAGGTTCCTA_1,0.0
P3TLH_GCTGCAGTCTTTAGTC_1,0.0
P3TLH_GCTGCGAAGGATATAC_1,0.0
P3TLH_GCTGCGATCAACACAC_1,0.0
P3TLH_GCTTCCACATGCTAGT_1,0.0
P5TLH_TTGCCGTCATGGTAGG_1,0.0
P1TLH_ACGGAGATCTATCGCC_1,0.0
P3TLH_GCTTGAACAATGGTCT_1,0.0
P3TLH_GCTTGAAGTTCCACTC_1,0.0
P3TLH_GGAAAGCTCGAACGGA_1,0.0
P3TLH_GGAACTTAGGACAGCT_1,0.0
P1TLH_AGAGTGGTCTCCCTGA_1,0.0
P5TLH_TTGACTTTCTAACCGA_1,0.0
P1TLH_AGCATACCAATAGCAA_1,0.0
P1TLH_AGCTCCTAGGACAGAA_1,0.0
P3TLH_GCTTGAACAACGATCT_1,0.0
P3TLH_GCACTCTAGTTGTAGA_1,0.0
P3TLH_GCACTCTGTGCTCTTC_1,0.0
P3TLH_GCAGCCAGTAAACGCG_1,0.0
P3TLH_GCAGCCAGTCAAAGAT_1,0.0
P3TLH_GCAGCCATCGTATCAG_1,0.0
P3TLH_GCAGTTAAGCGAGAAA_1,0.0
P1TLH_CACCAGGCAGACAAAT_1,0.0
P3TLH_GGACAGAAGGTTACCT_1,0.0
P5TLH_TGAAAGACATTCTTAC_1,0.0
P5TLH_TGACTAGGTTTGTTGG_1,0.0
P5TLH_TGACTTTAGAGAACAG_1,0.0
P5TLH_TTTACTGAGCTGCCCA_1,0.0
P5TLH_TTGTAGGGTAATTGGA_1,0.0
P5TLH_TGAGAGGTCCGTCATC_1,0.0
P1TLH_ATTATCCGTCGATTGT_1,0.0
P1TLH_ATTATCCGTTACGCGC_1,0.0
P5TLH_TCTTTCCCATTCACTT_1,0.0
P5TLH_TCTCATAGTTCACCTC_1,0.0
P5TLH_TCTCTAATCATACGGT_1,0.0
P3TLH_GCGCCAAAGCCAACAG_1,0.0
P1TLH_CACAAACCAAAGCAAT_1,0.0
P1TLH_CACACCTAGGAGCGAG_1,0.0
P1TLH_CACAGGCGTTAAGAAC_1,0.0
P3TLH_GCGCAGTTCGATCCCT_1,0.0
P1TLH_CACATAGTCCAAGTAC_1,0.0
P3TLH_GGCTCGATCACCCGAG_1,0.0
P3TLH_GCCAAATGTGTTGGGA_1,0.0
P3TLH_GCCAAATTCTGTTGAG_1,0.0
P3TLH_GGATTACTCTTTACGT_1,0.0
P3TLH_GGCCGATCAGATCTGT_1,0.0
P3TLH_GGCCGATTCTGGTATG_1,0.0
P3TLH_GGCGACTAGCCGATTT_1,0.0
P1TLH_AACACGTCAATCACAC_1,0.0
P3TLH_GGCGTGTCACCAGGTC_1,0.0
P3TLH_GCATGTACACGTGAGA_1,0.0
P5TLH_TGCCCTAAGCACACAG_1,0.0
P5TLH_TGCCCTAAGTTACCCA_1,0.0
P5TLH_TGCTACCAGAAACGAG_1,0.0
P1TLH_ATAACGCGTTACAGAA_1,0.0
P1TLH_ATAAGAGCATAAGACA_1,0.0
P1TLH_ATCACGACACGGTAGA_1,0.0
P1TLH_ATCGAGTAGCCAGGAT_1,0.0
P1TLH_CAACCAACAATCCGAT_1,0.0
P1TLH_ATCGAGTCAATAAGCA_1,0.0
P1TLH_ATCGAGTTCACTTCAT_1,0.0
P3TLH_GGAACTTAGTGGTCCC_1,0.0
P3TLH_GGAACTTAGTTGTCGT_1,0.0
P3TLH_GGAACTTTCCTTCAAT_1,0.0
P3TLH_GGAATAAAGCAATATG_1,0.0
P3TLH_GGAATAAAGCGAAGGG_1,0.0
P3TLH_GGACAGAAGAGGTTGC_1,0.0
P1TLH_ATCGAGTAGTGGTCCC_1,0.0
P3TLH_GGACATTTCGGCTTGG_1,0.0
P3TLH_GGACGTCAGTGTGAAT_1,0.0
P3TLH_GGAGCAACACCAGTTA_1,0.0
P3TLH_GGAGCAACAGCCAATT_1,0.0
P3TLH_GGATGTTCAGATTGCT_1,0.0
P3TLH_GGATGTTGTGACGGTA_1,0.0
P3TLH_GGATGTTTCTTTACGT_1,0.0
P3TLH_GGATTACCACGGATAG_1,0.0
P5TLH_TGATTTCGTTCAGACT_1,0.0
P3TLH_GCATGATAGGGATACC_1,0.0
P3TLH_GCATGCGCAGCCTTGG_1,0.0
P3TLH_GCATGCGTCTGCGGCA_1,0.0
P3TLH_GCATGTAAGCCCAGCT_1,0.0
P1TLH_CAAGGCCAGAGACTTA_1,0.0
P1TLH_CAAGTTGAGGATATAC_1,0.0
P1TLH_CAAGTTGTCACCCGAG_1,0.0
P5TLH_TGAGCCGCATCCGGGT_1,0.0
P3TLH_GCATACAGTCACACGC_1,0.0
P3TLH_GAATGAAAGTCCGGTC_1,0.0
P3TLH_GAATGAAGTCCAGTGC_1,0.0
P3TLH_GACAGAGAGGACAGAA_1,0.0
P3TLH_GACAGAGAGTACGCGA_1,0.0
P3TLH_GACAGAGCAAGTTCTG_1,0.0
P1TLH_GTGCAGCCATATGGTC_1,0.0
P1TLH_GGGACCTTCCCGACTT_1,0.0
P5TLH_GTGTTAGTCGGCTACG_1,0.0
P1TLH_GGGTTGCCAAGTCATC_1,0.0
P1TLH_AGCAGCCGTAGAGGAA_1,0.0
P1TLH_GGTATTGAGTTATCGC_1,0.0
P1TLH_GGTGAAGCAGTCCTTC_1,0.0
P1TLH_GTACTTTTCAGTCCCT_1,0.0
P5TLH_GGACAGAGTTATGCGT_1,0.0
P5TLH_GGACGTCCAACACCCG_1,0.0
P1TLH_GGAATAAAGGTGCACA_1,0.0
P3TLH_GCTTGAAAGCCCAACC_1,0.0
P1TLH_GTCCTCAGTGATGCCC_1,0.0
P1TLH_GTCGGGTCATTGGTAC_1,0.0
P1TLH_GTGAAGGGTGGTCCGT_1,0.0
P3TLH_GACGTGCTCGCATGGC_1,0.0
P3TLH_GACGTTAAGATAGCAT_1,0.0
P3TLH_GACGTTAGTCTAACGT_1,0.0
P3TLH_GACTAACAGAGCAATT_1,0.0
P3TLH_GAATAAGTCGCATGGC_1,0.0
P3TLH_GTTACAGGTGGTAACG_1,0.0
P3TLH_GTTCATTCAAGCTGGA_1,0.0
P3TLH_GTTCGGGAGGACACCA_1,0.0
P3TLH_GTTCGGGCAGACAGGT_1,0.0
P3TLH_GTTCGGGCAGATCTGT_1,0.0
P3TLH_GTTCTCGAGAATCTCC_1,0.0
P3TLH_GTTCTCGTCGCGATCG_1,0.0
P5TLH_TTAGGCACATGTTCCC_1,0.0
P2TLH_CACCTTGCACCCATGG_1,0.0
P3TLH_GACGGCTAGTTATCGC_1,0.0
P3TLH_GACGGCTGTACCAGTT_1,0.0
P3TLH_GACGTGCAGTTAAGTG_1,0.0
P1TLH_GGATGTTGTGCCTGGT_1,0.0
P1TLH_GGCGTGTTCACCCGAG_1,0.0
P5TLH_GGACGTCTCTTGTACT_1,0.0
P5TLH_GGAGCAATCGAATGCT_1,0.0
P1TLH_GGACAGAGTCCTCTTG_1,0.0
P5TLH_GGATGTTCAAATCCGT_1,0.0
P5TLH_GGATGTTCAGATGGCA_1,0.0
P5TLH_GGATGTTTCCTCATTA_1,0.0
P5TLH_GGATGTTTCTACTTAC_1,0.0
P5TLH_GGATTACGTAATCACC_1,0.0
P5TLH_GGCAATTTCACATACG_1,0.0
P5TLH_GGCCGATGTCACTGGC_1,0.0
P5TLH_GGCCGATTCTACGAGT_1,0.0
P5TLH_GGAGCAATCTATCCTA_1,0.0
P1TLH_GGACATTAGATAGCAT_1,0.0
P1TLH_GGACGTCTCGGAAACG_1,0.0
P1TLH_GGAGCAAGTAGGACAC_1,0.0
P3TLH_GAGTCCGGTTTACTCT_1,0.0
P3TLH_GTGCATACAGATCTGT_1,0.0
P3TLH_GTGCATAGTTTGCATG_1,0.0
P3TLH_GTGCATATCACCTTAT_1,0.0
P3TLH_GTGCGGTTCGTTTGCC_1,0.0
P3TLH_GACCTGGTCTCTTGAT_1,0.0
P3TLH_GTGGGTCCAGCTCGCA_1,0.0
P3TLH_GTGGGTCGTTACAGAA_1,0.0
P3TLH_GTGTTAGAGCTGCGAA_1,0.0
P3TLH_GTGTTAGCAATCTGCA_1,0.0
P4TLH_CCTCAGTCATGGTAGG_1,0.0
P3TLH_GACCAATGTGTAACGG_1,0.0
P3TLH_GACCTGGAGCTTATCG_1,0.0
P3TLH_GACCTGGGTCCTCTTG_1,0.0
P3TLH_GTGGGTCCAAAGTCAA_1,0.0
P5TLH_GCAGTTATCAGTCAGT_1,0.0
P1TLH_ACACCAATCCTCAATT_1,0.0
P5TLH_GCATACAAGTAGCGGT_1,0.0
P5TLH_GCATACATCTAACTGG_1,0.0
P5TLH_GCATACATCTGGCGAC_1,0.0
P5TLH_GCATGATGTAGATTAG_1,0.0
P5TLH_GCATGATGTCAGAGGT_1,0.0
P1TLH_GTCAAGTGTTATCCGA_1,0.0
P1TLH_TATCAGGCAAGCGATG_1,0.0
P1TLH_TATCAGGTCTAACCGA_1,0.0
P1TLH_TATGCCCTCCAAACTG_1,0.0
P1TLH_TATTACCAGGATGTAT_1,0.0
P1TLH_TCAACGAAGGCGTACA_1,0.0
P1TLH_TACAGTGGTCTGCCAG_1,0.0
P3TLH_TAAGAGATCCACTGGG_1,0.0
P3TLH_TAAGAGATCGGTCTAA_1,0.0
P1TLH_TAGAGCTGTTCGTTGA_1,0.0
P3TLH_TACACGATCACGCATA_1,0.0
P3TLH_TACAGTGGTACCGTAT_1,0.0
P3TLH_TACCTATAGACTTTCG_1,0.0
P3TLH_TACCTATGTCCGTGAC_1,0.0
P3TLH_TACCTTAAGATGCCAG_1,0.0
P3TLH_TACCTTATCCCATTAT_1,0.0
P3TLH_TACCTTATCCTTGGTC_1,0.0
P3TLH_TACGGATCAAGGACAC_1,0.0
P5TLH_GCAGCCATCAGCTTAG_1,0.0
P3TLH_TACGGATCATTTGCCC_1,0.0
P3TLH_CTTGGCTAGGTGCTAG_1,0.0
P3TLH_CTTGGCTAGTCCCACG_1,0.0
P3TLH_CTTGGCTTCGATCCCT_1,0.0
P3TLH_CTTTGCGAGTCAATAG_1,0.0
P5TLH_GCAATCAAGATATGCA_1,0.0
P5TLH_GCACTCTAGAATCTCC_1,0.0
P5TLH_GCACTCTGTCCGAATT_1,0.0
P3TLH_TACGGATCATGTCGAT_1,0.0
P5TLH_GCGCCAAGTTGATTGC_1,0.0
P1TLH_AAACCTGAGCAGCCTC_1,0.0
P1TLH_GTGGGTCTCCTTGCCA_1,0.0
P1TLH_GTGTGCGTCTATGTGG_1,0.0
P1TLH_GTTAAGCGTGGAAAGA_1,0.0
P1TLH_GTTCTCGAGGGCACTA_1,0.0
P1TLH_TAAACCGCACGACTCG_1,0.0
P3TLH_GAAACTCGTTCGAATC_1,0.0
P5TLH_GCGGGTTAGCTACCTA_1,0.0
P5TLH_GCGGGTTAGGGTCTCC_1,0.0
P5TLH_GCGGGTTGTCAGTGGA_1,0.0
P5TLH_GCGGGTTTCATTGCGA_1,0.0
P5TLH_GCTCCTAAGTCTCGGC_1,0.0
P5TLH_GCTCCTACATTAGCCA_1,0.0
P5TLH_GCTGCGAGTTTGTTTC_1,0.0
P5TLH_GCTGCTTAGCGATTCT_1,0.0
P5TLH_GCGCCAATCTCCAGGG_1,0.0
P3TLH_GAAATGAAGCTTATCG_1,0.0
P3TLH_GAAATGACAACTTGAC_1,0.0
P3TLH_GAAATGACACGTGAGA_1,0.0
P3TLH_GAACATCTCGGTCCGA_1,0.0
P3TLH_GAACCTAAGACCTAGG_1,0.0
P3TLH_GAACCTAGTTGTACAC_1,0.0
P1TLH_TACCTTAGTACCGCTG_1,0.0
P1TLH_TACGGATAGATGCCAG_1,0.0
P5TLH_GCGCAGTGTTTGGCGC_1,0.0
P1TLH_TACTCATAGTAGCGGT_1,0.0
P1TLH_TACTCGCTCTAGAGTC_1,0.0
P5TLH_GCATGCGGTCAACTGT_1,0.0
P5TLH_GCATGTAGTAAGGGAA_1,0.0
P5TLH_GCATGTAGTTCAGACT_1,0.0
P5TLH_GCCAAATGTACAGTTC_1,0.0
P5TLH_GCCTCTACAAACCTAC_1,0.0
P5TLH_GCGACCACAGATTGCT_1,0.0
P1TLH_TACGGATGTTCGTCTC_1,0.0
P1TLH_CTGCGGACAAGTCATC_1,0.0
P1TLH_CTGCGGAGTCTCCATC_1,0.0
P1TLH_CTGCTGTTCTAACTGG_1,0.0
P1TLH_CTGGTCTGTAAGTAGT_1,0.0
P1TLH_CTGTGCTTCTTAGCCC_1,0.0
P1TLH_CTGTTTAAGGAATGGA_1,0.0
P1TLH_CTTACCGAGAGTGACC_1,0.0
P5TLH_GGCGACTTCAGCTCGG_1,0.0
P1TLH_CTTACCGGTCGTGGCT_1,0.0
P5TLH_GTCGGGTTCTTAGAGC_1,0.0
P5TLH_GTCTCGTCACGCCAGT_1,0.0
P5TLH_GTCTTCGAGTGGTCCC_1,0.0
P5TLH_GTGAAGGGTCGGGTCT_1,0.0
P5TLH_GTGAAGGTCACCACCT_1,0.0
P5TLH_GTGCAGCAGATCTGCT_1,0.0
P5TLH_GTGCATAGTAAAGTCA_1,0.0
P1TLH_CTTACCGCAATGGATA_1,0.0
P1TLH_GACAGAGAGAAACCGC_1,0.0
P1TLH_GACCAATCACCAGGTC_1,0.0
P5TLH_GTACTCCGTCTAGAGG_1,0.0
P5TLH_GTACTTTGTACAGCAG_1,0.0
P5TLH_GTAGGCCAGATTACCC_1,0.0
P5TLH_GTAGGCCAGTGCGTGA_1,0.0
P5TLH_GTAGGCCTCTTAACCT_1,0.0
P5TLH_GTAGTCAAGGTTCCTA_1,0.0
P1TLH_CTGAAACTCGCCCTTA_1,0.0
P5TLH_GTATTCTGTGGTCTCG_1,0.0
P5TLH_GTCACAACAAAGAATC_1,0.0
P5TLH_GTCACGGCATGCTAGT_1,0.0
P5TLH_GTCACGGTCTGGCGAC_1,0.0
P5TLH_GTCATTTGTTATCCGA_1,0.0
P5TLH_GTCCTCAAGAGTAAGG_1,0.0
P5TLH_GTCGGGTCAACAACCT_1,0.0
P1TLH_CTGAAACGTTTCGCTC_1,0.0
P5TLH_GTAGTCAGTTAGAACA_1,0.0
P3TLH_GATCAGTAGCATCATC_1,0.0
P3TLH_GATCAGTAGTTGAGAT_1,0.0
P3TLH_GATCAGTGTGAGGCTA_1,0.0
P3TLH_GATCAGTTCCCAGGTG_1,0.0
P3TLH_GATCGATAGCTGGAAC_1,0.0
P1TLH_CTCTACGTCGAGCCCA_1,0.0
P1TLH_CGTCTACGTAAAGGAG_1,0.0
P1TLH_CTAGTGAAGACATAAC_1,0.0
P1TLH_CGTTGGGAGCTTTGGT_1,0.0
P1TLH_CTAAGACTCAGGTTCA_1,0.0
P1TLH_CTACACCCAAGTAATG_1,0.0
P1TLH_CTACGTCCATCACGAT_1,0.0
P5TLH_GTGCTTCCACCATGTA_1,0.0
P5TLH_GTGCTTCCAGACGCTC_1,0.0
P5TLH_GTGGGTCTCACGACTA_1,0.0
P5TLH_GTGTTAGGTCGGCTCA_1,0.0
P1TLH_CGTGTAAGTCCCTTGT_1,0.0
P1TLH_CTCGGGACAGTCGTGC_1,0.0
P1TLH_CTCTACGCAAGCCGCT_1,0.0
P3TLH_GATGAGGGTCACACGC_1,0.0
P3TLH_GATGAGGTCCAGTATG_1,0.0
P3TLH_GATGAGGTCTCAACTT_1,0.0
P3TLH_GTAGGCCGTACTTAGC_1,0.0
P3TLH_GTAGGCCGTGGAAAGA_1,0.0
P3TLH_GTAGGCCTCAAACCGT_1,0.0
P3TLH_GTATTCTTCGCAAGCC_1,0.0
P3TLH_GTATCTTAGTAGCGGT_1,0.0
P3TLH_GTATCTTCACGCATCG_1,0.0
P3TLH_GTATCTTCATTCTCAT_1,0.0
P3TLH_GTATCTTTCCACGACG_1,0.0
P3TLH_GTATCTTTCGACCAGC_1,0.0
P3TLH_GTATTCTAGGTGATTA_1,0.0
P3TLH_GTATTCTGTTGGACCC_1,0.0
P3TLH_GTATTCTTCAGGCGAA_1,0.0
P3TLH_GCGCGATGTTCTCATT_1,0.0
P1TLH_GCATACAGTGCAGGTA_1,0.0
P1TLH_GCATACATCACCCGAG_1,0.0
P1TLH_GACCTGGAGCGCTTAT_1,0.0
P3TLH_GTCTTCGAGTCCTCCT_1,0.0
P3TLH_GTCTTCGCAACTGGCC_1,0.0
P3TLH_GTCTTCGTCGAGAACG_1,0.0
P3TLH_GTGAAGGCAGGAATCG_1,0.0
P3TLH_GTCGGGTTCGGGAGTA_1,0.0
P1TLH_ACCAGTAAGCGCCTCA_1,0.0
P3TLH_GACTAACTCTTGCAAG_1,0.0
P3TLH_GCGGGTTAGGAACTGC_1,0.0
P3TLH_GACTGCGAGCCACCTG_1,0.0
P3TLH_GACTGCGTCAAAGACA_1,0.0
P3TLH_GACTGCGTCTCGTATT_1,0.0
P3TLH_GCGCGATTCAGGCAAG_1,0.0
P3TLH_GAGCAGACATTAGCCA_1,0.0
P1TLH_ACCAGTATCTATCCTA_1,0.0
P1TLH_GCCTCTAGTCCTGCTT_1,0.0
P1TLH_GCTCCTAGTTAGTGGG_1,0.0
P1TLH_GCTGCTTCAGGATTGG_1,0.0
P1TLH_GCTGCTTTCGGCTACG_1,0.0
P1TLH_GCTGGGTGTCAACTGT_1,0.0
P1TLH_GCTTGAATCGCCTGTT_1,0.0
P5TLH_GGCTGGTAGAAGGGTA_1,0.0
P1TLH_ACCTTTACAGCATGAG_1,0.0
P1TLH_GATGAGGGTTGCCTCT_1,0.0
P5TLH_GGGACCTAGATCGGGT_1,0.0
P5TLH_GGGACCTAGCGTTTAC_1,0.0
P5TLH_GGGACCTTCAGAGGTG_1,0.0
P5TLH_GGGATGATCTGGCGTG_1,0.0
P5TLH_GGGCACTCACTACAGT_1,0.0
P1TLH_GATCAGTGTGAGGGTT_1,0.0
P1TLH_GATCTAGGTCATGCCG_1,0.0
P1TLH_GATGAAAAGATGCCAG_1,0.0
P5TLH_GGCTGGTTCATACGGT_1,0.0
P3TLH_GATCGTACAAGCTGAG_1,0.0
P3TLH_GATCGTACACAAGTAA_1,0.0
P3TLH_GATCGTATCGAGAACG_1,0.0
P3TLH_GTCAAGTCACATGGGA_1,0.0
P3TLH_GTCACAAAGAGCTGCA_1,0.0
P3TLH_GTCACAACAGGAATGC_1,0.0
P3TLH_GTCACAACATTTGCCC_1,0.0
P3TLH_GAGGTGAAGACAGGCT_1,0.0
P3TLH_GTCACGGAGCGCTTAT_1,0.0
P3TLH_GTCACGGAGTATTGGA_1,0.0
P3TLH_GTCACGGCAAGCCATT_1,0.0
P3TLH_GTCACGGCAGATCGGA_1,0.0
P3TLH_GTCACGGCATCTATGG_1,0.0
P3TLH_GTCATTTGTGTGACGA_1,0.0
P3TLH_GTCCTCACATGCATGT_1,0.0
P3TLH_GTCGGGTGTAACGTTC_1,0.0
P3TLH_GTCACAATCGTTTGCC_1,0.0
P3TLH_GAGGTGACAAGAAGAG_1,0.0
P3TLH_GAGGTGAGTGGTTTCA_1,0.0
P1TLH_GACCTGGGTAGTAGTA_1,0.0
P1TLH_GACGTGCGTCCCTACT_1,0.0
P1TLH_GACTAACAGAATTGTG_1,0.0
P5TLH_GGGTCTGAGGAGTTGC_1,0.0
P5TLH_GGTGCGTGTACTTCTT_1,0.0
P5TLH_GGTGTTACAGCTGTTA_1,0.0
P3TLH_GATCGTAAGATGTCGG_1,0.0
P5TLH_GTAACTGGTCATGCCG_1,0.0
P5TLH_GTAACTGGTGTCGCTG_1,0.0
P1TLH_CTTTGCGGTTATGTGC_1,0.0
P1TLH_GAAATGAAGTCCGTAT_1,0.0
P1TLH_GAACATCCATCGACGC_1,0.0
P1TLH_GAACCTAAGGTGCTAG_1,0.0
P1TLH_GAACGGAAGTCTCAAC_1,0.0
P3TLH_GATCGCGCAACTTGAC_1,0.0
P5TLH_GGTGTTATCGTTTGCC_1,0.0
P4TLH_GGGTCTGTCATGTCCC_1,0.0
P4TLH_GGGTCTGTCGGAGCAA_1,0.0
P3TLH_AAAGTAGTCGGAAACG_1,0.0
P3TLH_AAAGTAGTCTCTAGGA_1,0.0
P3TLH_AAATGCCCACGTCTCT_1,0.0
P3TLH_AAATGCCTCCCTTGTG_1,0.0
P3TLH_AACACGTGTGACGGTA_1,0.0
P2TLH_CCTTCCCCACGTAAGG_1,0.0
P3TLH_AACCATGAGCTAGTCT_1,0.0
P3TLH_AACCATGGTCTCCCTA_1,0.0
P3TLH_AACCATGTCGGAGGTA_1,0.0
P3TLH_AGTGGGAGTTTCGCTC_1,0.0
P3TLH_AACCGCGCACGAAGCA_1,0.0
P3TLH_AACCGCGGTATAGGTA_1,0.0
P4TLH_GGTATTGTCCGCAAGC_1,0.0
P4TLH_GGTGAAGTCGCACTCT_1,0.0
P3TLH_AACACGTTCCGTCAAA_1,0.0
P4TLH_AGGGTGACAGTTTACG_1,0.0
P4TLH_AGGTCATAGAGATGAG_1,0.0
P3TLH_CAGCTGGCACAAGACG_1,0.0
P3TLH_CAGCTGGGTGATGTGG_1,0.0
P3TLH_CAGGTGCGTCTAGTGT_1,0.0
P3TLH_CAGTAACAGCCAGTAG_1,0.0
P3TLH_AGTGTCAGTATTAGCC_1,0.0
P3TLH_CAGTCCTCATTCACTT_1,0.0
P4TLH_GGGCATCCAGATGGCA_1,0.0
P3TLH_CAGTCCTTCTCCAGGG_1,0.0
P3TLH_AACTCCCCATACGCTA_1,0.0
P3TLH_AACTCCCTCACGGTTA_1,0.0
P3TLH_AACTCTTCAGCTGCTG_1,0.0
P3TLH_AACTCTTCATCTCGCT_1,0.0
P3TLH_AACTGGTCACCAGTTA_1,0.0
P4TLH_GGCGACTTCGGAGGTA_1,0.0
P4TLH_GGCGTGTGTAGAAGGA_1,0.0
P3TLH_CAGTCCTGTAAATACG_1,0.0
P3TLH_CATCAAGAGGATGGTC_1,0.0
P3TLH_CATCAAGAGGTGATTA_1,0.0
P3TLH_AAACGGGAGGCCATAG_1,0.0
P3TLH_AAAGATGTCAGTCCCT_1,0.0
P3TLH_AAAGCAACACGAAAGC_1,0.0
P3TLH_AAAGCAATCGAATCCA_1,0.0
P3TLH_AAAGTAGAGACAAAGG_1,0.0
P3TLH_AAAGTAGAGATGCGAC_1,0.0
P4TLH_GTAACGTAGGCATGGT_1,0.0
P3TLH_AAAGTAGCATTTCAGG_1,0.0
P4TLH_GTATTCTGTTGACGTT_1,0.0
P4TLH_GTATTCTTCGCAAACT_1,0.0
P4TLH_GTCATTTAGAGCTGCA_1,0.0
P4TLH_GTCCTCAAGAGCCTAG_1,0.0
P4TLH_GTCCTCACATGTTGAC_1,0.0
P4TLH_GTCCTCATCAAAGACA_1,0.0
P4TLH_GTGAAGGTCCACGCAG_1,0.0
P3TLH_AGTGGGACATGACGGA_1,0.0
P4TLH_GTACGTACATCACAAC_1,0.0
P3TLH_AAACCTGCAATGACCT_1,0.0
P3TLH_AAACCTGGTTCTGTTT_1,0.0
P3TLH_AAACGGGAGACCGGAT_1,0.0
P3TLH_CATGACATCTTCATGT_1,0.0
P3TLH_CATGCCTTCATGCATG_1,0.0
P3TLH_CATGCCTTCTGTCAAG_1,0.0
P3TLH_CATGGCGGTCTGCCAG_1,0.0
P3TLH_CATCAAGAGCTAGTTC_1,0.0
P4TLH_ACTGTCCTCTTCAACT_1,0.0
P4TLH_ACTTGTTTCTAACTCT_1,0.0
P4TLH_AGATCTGCATGTTGAC_1,0.0
P4TLH_AGATTGCCAGCCTTTC_1,0.0
P4TLH_AGCAGCCAGTGTCCCG_1,0.0
P3TLH_CATATGGGTTGGAGGT_1,0.0
P3TLH_CATATGGTCCGTAGGC_1,0.0
P3TLH_CATATTCAGTCTCAAC_1,0.0
P4TLH_ACTGTCCTCGCATGAT_1,0.0
P4TLH_GCTGCGATCACATGCA_1,0.0
P4TLH_CCAGCGAGTTCGGCAC_1,0.0
P3TLH_AAGGCAGCAAACCCAT_1,0.0
P3TLH_AAGGCAGCAGACAAAT_1,0.0
P3TLH_AAGGCAGCATGTAAGA_1,0.0
P3TLH_AAGGTTCAGGCTAGGT_1,0.0
P3TLH_AAGGTTCCAATGAAAC_1,0.0
P3TLH_AAGGTTCGTATCGCAT_1,0.0
P4TLH_AGGGAGTAGAGCTTCT_1,0.0
P3TLH_AAGTCTGAGTTAAGTG_1,0.0
P3TLH_AAGTCTGTCTGTGCAA_1,0.0
P3TLH_AATCCAGCAACTGCTA_1,0.0
P3TLH_AATCCAGTCCGCGCAA_1,0.0
P3TLH_CAGCATAGTCGTCTTC_1,0.0
P3TLH_CAGCATAGTCTTTCAT_1,0.0
P3TLH_CAGCCGATCCTACAGA_1,0.0
P3TLH_CAGCGACAGCTCAACT_1,0.0
P3TLH_AAGGTTCGTTCACGGC_1,0.0
P3TLH_CACATAGAGCAGATCG_1,0.0
P4TLH_GCAGTTAAGCCACTAT_1,0.0
P4TLH_GCAGTTAAGGGCACTA_1,0.0
P4TLH_GCATGCGTCAAGGTAA_1,0.0
P4TLH_GCATGTAGTGATAAGT_1,0.0
P4TLH_GCGACCAGTTCCACGG_1,0.0
P4TLH_CCATTCGTCGTTTGCC_1,0.0
P4TLH_GCGAGAATCTTGCATT_1,0.0
P4TLH_GCTGCGACAATCAGAA_1,0.0
P3TLH_AATCGGTGTGCTCTTC_1,0.0
P3TLH_ACACCAATCTTTCCTC_1,0.0
P3TLH_ACACCGGGTGAGGGTT_1,0.0
P3TLH_ACACTGACAAGACACG_1,0.0
P3TLH_ACACTGACATGATCCA_1,0.0
P3TLH_ACACTGATCGCTTAGA_1,0.0
P4TLH_GCGCAGTTCATTTGGG_1,0.0
P4TLH_GCGCCAAGTGCATCTA_1,0.0
P3TLH_AATCGGTGTCAGTGGA_1,0.0
P3TLH_AAGCCGCGTTATCGGT_1,0.0
P3TLH_AAGCCGCTCTATGTGG_1,0.0
P3TLH_AAGGAGCAGACCACGA_1,0.0
P3TLH_AAGGAGCCAATGGAAT_1,0.0
P4TLH_GCTTCCATCTCGATGA_1,0.0
P3TLH_ATCTACTGTATTACCG_1,0.0
P4TLH_GGAAAGCCAATCCAAC_1,0.0
P4TLH_GGACAAGGTACATGTC_1,0.0
P3TLH_CAGCGACGTCGTGGCT_1,0.0
P3TLH_AACGTTGAGAGCTGCA_1,0.0
P3TLH_AACGTTGAGCTGATAA_1,0.0
P3TLH_CATCAGATCATCGATG_1,0.0
P3TLH_ATCGAGTTCTTGAGAC_1,0.0
P4TLH_AGCGGTCGTTCTGAAC_1,0.0
P4TLH_AGCTTGAGTATATGAG_1,0.0
P4TLH_AGCTTGAGTTGGTAAA_1,0.0
P4TLH_AGGCCGTTCGTCACGG_1,0.0
P4TLH_GGAGCAAAGTTTCCTT_1,0.0
P3TLH_CAGCGACTCAGGCGAA_1,0.0
P3TLH_CAGCTAAAGGAGTACC_1,0.0
P3TLH_CAGCTAAAGTACGTAA_1,0.0
P3TLH_CAGCTGGAGAACTGTA_1,0.0
P4TLH_AGGTCATTCCGTCATC_1,0.0
P4TLH_AGGTCCGAGATGTGGC_1,0.0
P4TLH_AGGTCCGGTCCCGACA_1,0.0
P4TLH_AGTGGGAAGTGTCCAT_1,0.0
P3TLH_AAGCCGCGTGATAAAC_1,0.0
P4TLH_ATAAGAGTCGTTGCCT_1,0.0
P3TLH_ATCTACTTCCCACTTG_1,0.0
P3TLH_CACCTTGAGTGTCTCA_1,0.0
P3TLH_CACCTTGTCACAACGT_1,0.0
P3TLH_CACCTTGTCTGCCCTA_1,0.0
P3TLH_AAGACCTGTTGTTTGG_1,0.0
P3TLH_AAGACCTTCGTAGGTT_1,0.0
P3TLH_AAGCCGCAGACCACGA_1,0.0
P4TLH_AGTTGGTCATGCCTTC_1,0.0
P2TLH_TGCTACCGTTGATTGC_1,0.0
P2TLH_TGCTGCTGTCACTTCC_1,0.0
P4TLH_TATGCCCGTTTGTTTC_1,0.0
P4TLH_TATTACCTCTGAGGGA_1,0.0
P4TLH_TCAATCTAGGATGGTC_1,0.0
P2TLH_TCTGAGAGTAGGGTAC_1,0.0
P2TLH_TCTGAGAGTCAAGCGA_1,0.0
P2TLH_TTGGCAACAGTCTTCC_1,0.0
P2TLH_TCTGGAACAGGGTACA_1,0.0
P2TLH_TCTTTCCAGTTTGCGT_1,0.0
P2TLH_TGAAAGAAGATGGCGT_1,0.0
P2TLH_TGAAAGAGTTAAAGAC_1,0.0
P2TLH_TGACAACAGCCAACAG_1,0.0
P2TLH_TGACAACAGTTGAGTA_1,0.0
P2TLH_TGACAACGTCCGACGT_1,0.0
P2TLH_TGACGGCAGAGATGAG_1,0.0
P2TLH_TCTGAGATCCGCTGTT_1,0.0
P4TLH_TACTTGTAGCACAGGT_1,0.0
P4TLH_TAGACCATCCTTCAAT_1,0.0
P4TLH_CCTCTGACAGCCTATA_1,0.0
P4TLH_TAGTGGTTCTGTCCGT_1,0.0
P4TLH_TATCAGGCAGTATCTG_1,0.0
P4TLH_TATCAGGTCCGCTGTT_1,0.0
P2TLH_TGAGAGGTCTTCATGT_1,0.0
P2TLH_TGCACCTAGTACGATA_1,0.0
P2TLH_TGCGTGGGTACCGGCT_1,0.0
P2TLH_TGCACCTGTCAGAATA_1,0.0
P2TLH_TGCCAAAAGCGTTCCG_1,0.0
P2TLH_TGCCAAAGTGAACCTT_1,0.0
P2TLH_TGCCCTATCTTACCGC_1,0.0
P2TLH_TGCGGGTGTAAGTGGC_1,0.0
P2TLH_TGCGGGTTCCAAGCCG_1,0.0
P2TLH_TGCGTGGAGTAAGTAC_1,0.0
P2TLH_TGCGTGGCAGCTCGAC_1,0.0
P2TLH_TGCACCTAGTGCTGCC_1,0.0
P2TLH_TGAGAGGGTAGTAGTA_1,0.0
P4TLH_TCAGCAATCCAACCAA_1,0.0
P4TLH_CCTATTAGTACTTCTT_1,0.0
P4TLH_TCCCGATGTCAGGACA_1,0.0
P4TLH_TCGAGGCTCAGGTAAA_1,0.0
P4TLH_TCGGTAATCGGCGCAT_1,0.0
P2TLH_TCGAGGCAGTTCCACA_1,0.0
P2TLH_TCGAGGCTCCAACCAA_1,0.0
P2TLH_TGACGGCCACTGTCGG_1,0.0
P2TLH_TCGGGACAGAGATGAG_1,0.0
P2TLH_TCGTACCAGCTCTCGG_1,0.0
P2TLH_TCGTACCCAGCTGTGC_1,0.0
P2TLH_TCTATTGGTCTAGAGG_1,0.0
P2TLH_TCTATTGGTCTCCATC_1,0.0
P4TLH_AAAGATGTCTACCTGC_1,0.0
P4TLH_AAAGCAATCTACTATC_1,0.0
P4TLH_AACACGTCAGCTGTTA_1,0.0
P2TLH_TCGCGAGGTAGATTAG_1,0.0
P3TLH_CCTACACAGGGTCTCC_1,0.0
P3TLH_CCCAATCAGATCGGGT_1,0.0
P3TLH_CCCAATCAGTACGTTC_1,0.0
P5TLH_TTCTTAGAGCGACGTA_1,0.0
P3TLH_CCCATACGTGGTACAG_1,0.0
P3TLH_CCCTCCTAGCGATAGC_1,0.0
P3TLH_CCGGGATTCTCGGACG_1,0.0
P4TLH_AAGGCAGAGCCACGCT_1,0.0
P2TLH_TGAGAGGCACAAGACG_1,0.0
P4TLH_AATCCAGCAGTAAGAT_1,0.0
P4TLH_ACACCAAAGAATAGGG_1,0.0
P4TLH_ACACCAAGTGGTGTAG_1,0.0
P3TLH_CCACGGACAGTACACT_1,0.0
P3TLH_CCACGGATCTCTGTCG_1,0.0
P3TLH_CCACTACAGAGAACAG_1,0.0
P3TLH_CCACTACCACCGAAAG_1,0.0
P2TLH_TGAGAGGAGAGTGACC_1,0.0
P4TLH_AAGGTTCTCAATACCG_1,0.0
P2TLH_TTGTAGGGTTCCAACA_1,0.0
P2TLH_TTGTAGGTCCGCGTTT_1,0.0
P2TLH_TTTACTGGTTGAGTTC_1,0.0
P2TLH_TTTATGCCAAGACGTG_1,0.0
P2TLH_TTTATGCCACCACCAG_1,0.0
P2TLH_TTTCCTCGTACGACCC_1,0.0
P2TLH_TTTCCTCTCTTATCTG_1,0.0
P2TLH_TTTGGTTTCTTTAGGG_1,0.0
P2TLH_TTAACTCGTAGCCTCG_1,0.0
P4TLH_GTGTGCGTCGCCGTGA_1,0.0
P4TLH_GTGTTAGTCAGTTTGG_1,0.0
P4TLH_GTTACAGCATCACAAC_1,0.0
P4TLH_GTTCATTCACATGTGT_1,0.0
P2TLH_TTAGGACCAAGAAAGG_1,0.0
P2TLH_TTAGGACGTAAGCACG_1,0.0
P2TLH_TTAGTTCCAGGGATTG_1,0.0
P2TLH_TTCCCAGGTAAATGTG_1,0.0
P2TLH_TTTGTCAGTCATGCAT_1,0.0
P2TLH_TTGGCAAGTTACGACT_1,0.0
P2TLH_TTGGCAATCACGGTTA_1,0.0
P2TLH_TTGGCAATCCTCCTAG_1,0.0
P3TLH_CATTATCTCTCGTATT_1,0.0
P3TLH_CATTCGCCATCAGTAC_1,0.0
P3TLH_CCAATCCCAAAGCGGT_1,0.0
P3TLH_CCAATCCCAACTTGAC_1,0.0
P3TLH_CCAATCCGTTCCCGAG_1,0.0
P2TLH_TTGGCAATCTGCTGCT_1,0.0
P4TLH_ACGCAGCAGTCCGTAT_1,0.0
P4TLH_ACGCCAGGTCAACTGT_1,0.0
P3TLH_CATCGAAAGTCCGGTC_1,0.0
P3TLH_CATCGAAGTATCGCAT_1,0.0
P3TLH_CATGACACATGACATC_1,0.0
P3TLH_CATGACAGTAAGGGCT_1,0.0
P3TLH_CATGACATCGCTGATA_1,0.0
P3TLH_CATGACATCTCAACTT_1,0.0
P3TLH_CCACGGAAGACCGGAT_1,0.0
P4TLH_ACACTGAAGACCACGA_1,0.0
P4TLH_ACAGCCGCAAGAAGAG_1,0.0
P4TLH_ACAGCCGCAGGAATGC_1,0.0
P4TLH_ACATGGTTCGACGGAA_1,0.0
P4TLH_ACCCACTCAAGGGTCA_1,0.0
P4TLH_ACCCACTTCGGATGTT_1,0.0
P4TLH_ACCTTTATCACAGGCC_1,0.0
P4TLH_ACGAGGATCAGGCGAA_1,0.0
P2TLH_TTCGAAGCACCGAAAG_1,0.0
P3TLH_CATTATCAGGCTACGA_1,0.0
P3TLH_CATTATCCAATAAGCA_1,0.0
P3TLH_CATTATCCACAAGCCC_1,0.0
P2TLH_TGGTTCCTCGCACTCT_1,0.0
P2TLH_TGTGGTAAGAGGACGG_1,0.0
P2TLH_TGTGTTTTCAGGCCCA_1,0.0
P2TLH_TGTTCCGGTAGAGTGC_1,0.0
P2TLH_TTAACTCAGAGTGAGA_1,0.0
P3TLH_CATGGCGTCTGCAGTA_1,0.0
P2TLH_TTCTTAGGTAGGAGTC_1,0.0
P2TLH_TTGCCGTGTAGAGGAA_1,0.0
P2TLH_TTGCCGTGTCGTTGTA_1,0.0
P4TLH_TAAGAGATCGCCATAA_1,0.0
P4TLH_TAAGTGCTCAGCTCGG_1,0.0
P4TLH_TACACGAAGCAGGTCA_1,0.0
P4TLH_TACAGTGCAATGCCAT_1,0.0
P4TLH_TACAGTGTCGTAGGTT_1,0.0
P4TLH_ACACCGGAGGCCCTCA_1,0.0
P2TLH_TGGGCGTTCAGCGATT_1,0.0
P2TLH_TGGTTCCAGGCGATAC_1,0.0
P2TLH_TGGTTCCGTCGCTTTC_1,0.0
P3TLH_CCACTACCAGCCACCA_1,0.0
P3TLH_CCACTACGTGAAAGAG_1,0.0
P3TLH_CCATGTCCAATAGAGT_1,0.0
P3TLH_CCATTCGGTCAGTGGA_1,0.0
P3TLH_CCCAATCAGAGATGAG_1,0.0
P2TLH_TGGCTGGGTTTGTTGG_1,0.0
P4TLH_CTACACCCAGTTAACC_1,0.0
P4TLH_CCGGTAGCAGTAACGG_1,0.0
P3TLH_AGAGCGACAAGGACTG_1,0.0
P3TLH_ATGTGTGTCATCGGAT_1,0.0
P3TLH_ATTACTCAGAGTGACC_1,0.0
P3TLH_ATTACTCAGTGCAAGC_1,0.0
P3TLH_ATTACTCCAGCCTGTG_1,0.0
P3TLH_CACAGTATCCTAGTGA_1,0.0
P3TLH_ATTATCCGTAAACACA_1,0.0
P3TLH_ATTATCCTCAGTCCCT_1,0.0
P3TLH_ATTCTACAGCGTAATA_1,0.0
P4TLH_CAGTAACCATCGGAAG_1,0.0
P4TLH_CAGTAACGTCTAGCGC_1,0.0
P4TLH_CATATGGAGTTCGCAT_1,0.0
P4TLH_CATATGGGTCCCTACT_1,0.0
P4TLH_CATATGGGTCGTGGCT_1,0.0
P3TLH_ATTACTCGTACGCTGC_1,0.0
P3TLH_AGCGTCGAGCGCTTAT_1,0.0
P3TLH_AGCGTCGCACGAGAGT_1,0.0
P3TLH_AGCGTCGTCTCTGAGA_1,0.0
P3TLH_AGCTCCTTCACCCTCA_1,0.0
P3TLH_AGCTCTCAGGCCCTTG_1,0.0
P3TLH_AGATCTGTCGGCATCG_1,0.0
P3TLH_AGATTGCCAGACGCCT_1,0.0
P3TLH_AGATTGCGTCAACATC_1,0.0
P4TLH_CTAATGGCATGTCTCC_1,0.0
P3TLH_AGCATACCAAATACAG_1,0.0
P3TLH_AGCCTAACAGTGGGAT_1,0.0
P3TLH_AGCCTAATCTAGAGTC_1,0.0
P4TLH_CGTCAGGTCCACTGGG_1,0.0
P4TLH_CGTGTAAAGGATCGCA_1,0.0
P4TLH_CGTGTAACAGTCCTTC_1,0.0
P4TLH_CTAACTTAGAGTGACC_1,0.0
P4TLH_CTAATGGAGCCAGTTT_1,0.0
P3TLH_AGCATACAGCTCAACT_1,0.0
P4TLH_CTCAGAACACGACGAA_1,0.0
P4TLH_CTCCTAGAGGACGAAA_1,0.0
P4TLH_CTCGAAATCTTAGAGC_1,0.0
P3TLH_ACTGAGTCATTTGCTT_1,0.0
P3TLH_ACTGAGTTCCACGCAG_1,0.0
P3TLH_ACTGATGCATGACATC_1,0.0
P3TLH_ACTGTCCCAAGACGTG_1,0.0
P3TLH_CAAGTTGGTGGAAAGA_1,0.0
P4TLH_CATCAGAGTGATGTGG_1,0.0
P3TLH_ATTGGACGTAAAGGAG_1,0.0
P3TLH_ATTGGACGTCCGTCAG_1,0.0
P3TLH_ATTGGTGCAAGCGTAG_1,0.0
P3TLH_ATTGGTGGTGAAGGCT_1,0.0
P3TLH_CAACCAAGTCGGATCC_1,0.0
P3TLH_CAACCTCTCAACGCTA_1,0.0
P3TLH_CAACCTCTCGCGTAGC_1,0.0
P4TLH_CACCAGGGTGAGGGTT_1,0.0
P3TLH_CAAGTTGGTTGAGGTG_1,0.0
P4TLH_CATCAGATCCTTTACA_1,0.0
P4TLH_CATCCACGTGCACCAC_1,0.0
P3TLH_ATCTACTTCTATCCTA_1,0.0
P3TLH_ATCTGCCCAGATCGGA_1,0.0
P3TLH_ATCTGCCGTCGAGATG_1,0.0
P3TLH_ATCTGCCGTTCCACTC_1,0.0
P3TLH_ATGAGGGAGCTTATCG_1,0.0
P3TLH_ATGAGGGAGGGATACC_1,0.0
P4TLH_CTAGTGATCGTCTGAA_1,0.0
P3TLH_AGAGCTTCAGTTCATG_1,0.0
P3TLH_AGAGCTTGTACAGACG_1,0.0
P3TLH_AGAGTGGGTCACTGGC_1,0.0
P3TLH_AGAGTGGTCCGCGGTA_1,0.0
P3TLH_AGATCTGAGCTACCGC_1,0.0
P4TLH_CCGGTAGAGTGCCAGA_1,0.0
P3TLH_AGATCTGCAGCCACCA_1,0.0
P4TLH_CTACGTCGTCGTTGTA_1,0.0
P3TLH_AGAGCGACAGGAATCG_1,0.0
P3TLH_AGGTCCGAGCACCGCT_1,0.0
P3TLH_AGGTCCGTCACTGGGC_1,0.0
P3TLH_AGTAGTCAGACAAGCC_1,0.0
P3TLH_AGTAGTCCAGCCAATT_1,0.0
P3TLH_AGTAGTCGTCTAGTGT_1,0.0
P3TLH_AGTAGTCGTTCGAATC_1,0.0
P3TLH_AGTAGTCTCCTCAACC_1,0.0
P3TLH_AGTAGTCTCCTCATTA_1,0.0
P3TLH_AGCGTATTCTGGAGCC_1,0.0
P4TLH_CGATCGGCAAGGGTCA_1,0.0
P4TLH_CGATCGGCATCGTCGG_1,0.0
P4TLH_CCGTGGACAGGGATTG_1,0.0
P4TLH_CGATGTAAGTAGATGT_1,0.0
P4TLH_CGATTGACAGAGCCAA_1,0.0
P4TLH_CGCCAAGGTCTGGAGA_1,0.0
P4TLH_CGCGTTTGTCGAGTTT_1,0.0
P4TLH_CGCTTCATCTGAGGGA_1,0.0
P3TLH_AGTGAGGAGGTAGCTG_1,0.0
P3TLH_ATAGACCCACTTCTGC_1,0.0
P3TLH_ATAGACCTCAGTTAGC_1,0.0
P3TLH_ATCACGACACCAGATT_1,0.0
P3TLH_ATCACGACACCATCCT_1,0.0
P3TLH_ATCACGAGTGACTCAT_1,0.0
P3TLH_ATCATCTAGTCATCCA_1,0.0
P3TLH_ATCATCTGTTAGAACA_1,0.0
P4TLH_CCTTCGAAGCAGCGTA_1,0.0
P3TLH_AGGTCCGAGATCTGCT_1,0.0
P4TLH_CGAATGTGTGTGGCTC_1,0.0
P4TLH_CGACTTCTCGAATGGG_1,0.0
P4TLH_CGAGAAGGTTTAGCTG_1,0.0
P4TLH_CGAGCACTCACTCCTG_1,0.0
P4TLH_CCGTTCAGTGTGACGA_1,0.0
P3TLH_AGGGTGAGTTCAGGCC_1,0.0
P3TLH_AGGTCATCAAGCCATT_1,0.0
P3TLH_AGGTCATTCGGCGCAT_1,0.0
P4TLH_CCTTTCTTCACCGTAA_1,0.0
P3TLH_ATCCACCTCTTACCTA_1,0.0
P3TLH_ATCCGAAAGACTACAA_1,0.0
P3TLH_ATCCGAAAGAGCCCAA_1,0.0
P3TLH_ATCCGAAAGCGTGTCC_1,0.0
P3TLH_ATCCGAATCTCTTGAT_1,0.0
P3TLH_ATCGAGTGTGCATCTA_1,0.0
P3TLH_ATCGAGTGTTTACTCT_1,0.0
P3TLH_ATCGAGTTCACCACCT_1,0.0
P4TLH_CGGACACGTCATCGGC_1,0.0
P4TLH_CGGAGCTGTAAGGATT_1,0.0
P4TLH_CGGCTAGGTCGCTTCT_1,0.0
P4TLH_CGGGTCACAAACGCGA_1,0.0
P4TLH_CGGTTAAAGAAGGTTT_1,0.0
P4TLH_CGTAGCGCACATCCGG_1,0.0
P4TLH_CGTAGGCTCATCTGCC_1,0.0
P4TLH_CGTCACTAGTATTGGA_1,0.0
P4TLH_CGTCACTTCTGTACGA_1,0.0
P3TLH_AGGGATGTCGAACTGT_1,0.0
P4TLH_CGGACACGTGCAGACA_1,0.0
P4TLH_CGGACACTCCTTTCGG_1,0.0
P3TLH_AGGCCACAGCAATCTC_1,0.0
P3TLH_AGGCCACAGTAGATGT_1,0.0
P3TLH_AGGCCACAGTGTTAGA_1,0.0
P3TLH_AGGGAGTTCGCCTGTT_1,0.0
P3TLH_ATGAGGGGTGAAATCA_1,0.0
P3TLH_ATGCGATCATCCCACT_1,0.0
P3TLH_ATCCACCTCTGAGTGT_1,0.0
P3TLH_ATGCGATGTTGATTGC_1,0.0
P3TLH_ATGGGAGAGGAATTAC_1,0.0
P3TLH_ATGGGAGAGGCATGTG_1,0.0
P4TLH_CATCGGGCATTCTTAC_1,0.0
P4TLH_CATGACAGTGCACGAA_1,0.0
P4TLH_CATGGCGGTCTCTCTG_1,0.0
P4TLH_CATTATCGTACATCCA_1,0.0
P4TLH_CATTCGCCAGCCAGAA_1,0.0
P3TLH_ATGCGATGTAAGGATT_1,0.0
P3TLH_ACCCACTGTCGCGAAA_1,0.0
P3TLH_ACCCACTGTGGGTATG_1,0.0
P3TLH_ACCGTAACATATGAGA_1,0.0
P3TLH_ACCGTAATCTCCAACC_1,0.0
P3TLH_ACCTTTACAGCATACT_1,0.0
P3TLH_ACCTTTAGTTGAACTC_1,0.0
P3TLH_ACGAGCCAGCCTATGT_1,0.0
P3TLH_ACGAGCCCACATTAGC_1,0.0
P4TLH_CAGAGAGAGCGTGAAC_1,0.0
P3TLH_CACCACTAGAAACGCC_1,0.0
P3TLH_CACCACTCAAACGTGG_1,0.0
P3TLH_CACCACTGTCGAATCT_1,0.0
P3TLH_CACCACTTCGTAGATC_1,0.0
P3TLH_CACCAGGTCACTGGGC_1,0.0
P3TLH_CACCTTGAGAGTTGGC_1,0.0
P4TLH_ATTACTCCACGAAAGC_1,0.0
P4TLH_ATTATCCTCCTGCAGG_1,0.0
P3TLH_CACATTTGTCTCCACT_1,0.0
P3TLH_ACGAGGACACAGAGGT_1,0.0
P3TLH_ACGAGGACATTCACTT_1,0.0
P3TLH_ACGATACCAGCTATTG_1,0.0
P3TLH_ACGCAGCAGGCTCATT_1,0.0
P3TLH_ACGCAGCCACCGGAAA_1,0.0
P3TLH_ACGCAGCGTCAGAGGT_1,0.0
P4TLH_GACGTTAGTAGTACCT_1,0.0
P4TLH_GACTAACCACTACAGT_1,0.0
P3TLH_ACCCACTGTACCGTAT_1,0.0
P4TLH_GACTAACTCTGTTTGT_1,0.0
P4TLH_GACTGCGCACTGTCGG_1,0.0
P4TLH_GAGGTGAAGTGAAGTT_1,0.0
P3TLH_ACATGGTGTTCGCTAA_1,0.0
P3TLH_ACCAGTATCTCGTTTA_1,0.0
P3TLH_ACCCACTAGCACGCCT_1,0.0
P3TLH_ACCCACTCAATTGCTG_1,0.0
P3TLH_ACCCACTCATGACATC_1,0.0
P4TLH_GACTAACGTGAGCGAT_1,0.0
P3TLH_ACATCAGTCGGTGTTA_1,0.0
P3TLH_ACATGGTGTAGCTTGT_1,0.0
P3TLH_CACTCCAAGGATTCGG_1,0.0
P3TLH_CACTCCATCGTGACAT_1,0.0
P3TLH_CACTCCATCTGGCGAC_1,0.0
P3TLH_CAGAATCAGGATATAC_1,0.0
P3TLH_CAGAGAGAGACCCACC_1,0.0
P3TLH_CAGAGAGAGTAGTGCG_1,0.0
P4TLH_ATTCTACAGTCGATAA_1,0.0
P3TLH_CAGAGAGTCACAGGCC_1,0.0
P4TLH_CCCATACAGTTTCCTT_1,0.0
P3TLH_CAGCAGCCAGATCTGT_1,0.0
P4TLH_ATCCACCTCCTTTCGG_1,0.0
P4TLH_ATCGAGTTCCAATGGT_1,0.0
P4TLH_ATCTACTAGCAAATCA_1,0.0
P4TLH_ATGGGAGGTCGGATCC_1,0.0
P3TLH_CACAGTATCAAGGTAA_1,0.0
P3TLH_CAGAGAGCAATCGAAA_1,0.0
P4TLH_CCCTCCTTCTGACCTC_1,0.0
P4TLH_CCCTCCTGTAGCGTAG_1,0.0
P3TLH_CACACAATCTACCTGC_1,0.0
P3TLH_CACACCTTCGCTAGCG_1,0.0
P4TLH_CCCATACCACTCGACG_1,0.0
P3TLH_CACAGGCAGGAGTTTA_1,0.0
P4TLH_GATGAAATCTGACCTC_1,0.0
P4TLH_GATGCTAGTGGGTATG_1,0.0
P3TLH_ACATCAGGTTCTGGTA_1,0.0
P3TLH_ACAGCCGCATGGTCTA_1,0.0
P3TLH_ACAGCCGTCATTTGGG_1,0.0
P3TLH_ACAGCTACACCGAAAG_1,0.0
P3TLH_ACAGCTAGTTCGGGCT_1,0.0
P3TLH_ACATACGGTACAGCAG_1,0.0
P3TLH_ACATACGTCACATACG_1,0.0
P3TLH_ACATCAGCAGTATGCT_1,0.0
P3TLH_ACATCAGGTCTAAACC_1,0.0
P4TLH_GCAAACTTCCAGAGGA_1,0.0
P3TLH_ACGTCAAAGCTCAACT_1,0.0
P3TLH_ACGTCAAAGGGCTCTC_1,0.0
P3TLH_ACGTCAAGTTACGCGC_1,0.0
P3TLH_ACTATCTAGGACGAAA_1,0.0
P3TLH_ACTATCTCAAGCTGAG_1,0.0
P3TLH_ACTATCTTCCAAAGTC_1,0.0
P3TLH_ACTGAACGTCCGTTAA_1,0.0
P4TLH_CTGCGGACAGGTCTCG_1,0.0
P3TLH_ACGAGCCTCGGTCTAA_1,0.0
P4TLH_CTGGTCTCATCTCCCA_1,0.0
P4TLH_CTGTGCTCAACTTGAC_1,0.0
P4TLH_CTTACCGGTCCTCCAT_1,0.0
P4TLH_CTTACCGTCTTGTATC_1,0.0
P4TLH_CTTCTCTCAGGCTCAC_1,0.0
P4TLH_CTTGGCTTCCTCCTAG_1,0.0
P4TLH_CTTTGCGTCAGGTTCA_1,0.0
P3TLH_ACGCCAGAGTGGGCTA_1,0.0
P4TLH_CTGCTGTGTGGACGAT_1,0.0
P4TLH_CAGATCAAGTGTTTGC_1,0.0
P4TLH_CAGCGACGTAGGACAC_1,0.0
P3TLH_ATGTGTGAGGGCTTCC_1,0.0
P3TLH_ATGTGTGGTGCCTTGG_1,0.0
P3TLH_ATGTGTGTCACGCGGT_1,0.0
P3TLH_ACTTGTTAGCTGTTCA_1,0.0
P3TLH_ACTTTCACAGGGATTG_1,0.0
P4TLH_CTCGAGGGTAACGTTC_1,0.0
P3TLH_ACGGGTCTCGGTCCGA_1,0.0
P4TLH_CTCGTCAGTAAATGAC_1,0.0
P4TLH_CTCTAATCATCTATGG_1,0.0
P4TLH_CTGAAGTAGGCACATG_1,0.0
P4TLH_CTGAAGTGTAGGCATG_1,0.0
P4TLH_CTGAAGTTCCTCAACC_1,0.0
P3TLH_ACGGGCTTCGGCTTGG_1,0.0
P3TLH_ACGGGTCGTCTTCAAG_1,0.0
P3TLH_ACGGGTCGTGTGCCTG_1,0.0
P4TLH_CTCGTCACAATGGAGC_1,0.0
P3TLH_ACGGCCACATGGTTGT_1,0.0
P3TLH_ACGGCCATCGGATGGA_1,0.0
P3TLH_ACGGGCTAGACGACGT_1,0.0
P3TLH_ACGGGCTTCAGCTCGG_1,0.0
P3TLH_ACGGGCTTCAGGTTCA_1,0.0
P4TLH_GAACATCTCGAATGGG_1,0.0
P4TLH_GAACCTACAATGAATG_1,0.0
P4TLH_GAACGGACATACCATG_1,0.0
P3TLH_ACGCCAGGTCGCATCG_1,0.0
P4TLH_GAAGCAGGTGCCTTGG_1,0.0
P4TLH_GAATAAGGTCACTTCC_1,0.0
P4TLH_GAATGAAGTCCGTTAA_1,0.0
P4TLH_GACACGCAGATGCCTT_1,0.0
P4TLH_GACAGAGAGACGCACA_1,0.0
P3TLH_ACGAGCCCAGTAACGG_1,0.0
P3TLH_ACGAGCCGTCTCCATC_1,0.0
P3TLH_ACGAGCCTCGGACAAG_1,0.0
P4TLH_GAACGGAGTTGAGTTC_1,0.0
P3TLH_ACGCCGACACCGGAAA_1,0.0
P3TLH_ACGCCGATCAGTGCAT_1,0.0
P3TLH_ACGCCGATCGATCCCT_1,0.0
P3TLH_ACGGAGACATGTTGAC_1,0.0
P3TLH_CACAGGCGTCATTAGC_1,0.0
P3TLH_CACAGGCTCTTGAGAC_1,0.0
P3TLH_CACAGTAAGAGCTTCT_1,0.0
P4TLH_CACAGGCCAATGCCAT_1,0.0
P3TLH_CAAGTTGGTGACCAAG_1,0.0
P4TLH_CACATAGAGCTAGCCC_1,0.0
P4TLH_CACATTTAGGTGCACA_1,0.0
P4TLH_CACATTTTCTGCCAGG_1,0.0
P3TLH_CAACTAGTCGCCTGTT_1,0.0
P3TLH_CAAGAAAAGGCAGTCA_1,0.0
P3TLH_CAAGAAATCTACCTGC_1,0.0
P3TLH_CAAGATCCATTCGACA_1,0.0
P3TLH_CAAGTTGGTAGGGACT_1,0.0
P4TLH_CACAGTATCAGCACAT_1,0.0
P5TLH_AGTCTTTTCGCAGGCT_1,0.0
P5TLH_AGTGGGAAGTGTTTGC_1,0.0
P5TLH_ATCACGATCGGCATCG_1,0.0
P2TLH_CGGGTCAGTCCGAATT_1,0.0
P2TLH_CGTAGCGAGTTGCAGG_1,0.0
P2TLH_CGTCTACCACAGATTC_1,0.0
P2TLH_CGTGAGCAGGGTCTCC_1,0.0
P3TLH_CCGGTAGCAGCATACT_1,0.0
P2TLH_CGTGTCTGTTAAGATG_1,0.0
P2TLH_CGTGTCTTCATTATCC_1,0.0
P2TLH_CGTTAGAGTCAGAATA_1,0.0
P2TLH_CGTTCTGCACCATCCT_1,0.0
P2TLH_CGTTCTGGTTTGACTG_1,0.0
P5TLH_TTCTCAACAATGTTGC_1,0.0
P5TLH_ATCATGGTCACATGCA_1,0.0
P5TLH_ATCCACCAGCAACGGT_1,0.0
P2TLH_CGTGTAAAGGTGATAT_1,0.0
P3TLH_CGGCTAGGTGTGCCTG_1,0.0
P3TLH_CGGCTAGTCAATCACG_1,0.0
P3TLH_TGGCCAGGTGTGCCTG_1,0.0
P3TLH_TGGCCAGTCCTCATTA_1,0.0
P3TLH_TGGCGCATCATGCAAC_1,0.0
P3TLH_TGGCTGGCACAACGTT_1,0.0
P3TLH_TGGCTGGCACACAGAG_1,0.0
P3TLH_TGGCTGGTCCCTGACT_1,0.0
P2TLH_CTAGCCTAGCCCGAAA_1,0.0
P3TLH_TGGGAAGGTAACGACG_1,0.0
P3TLH_TGGGAAGGTTCTGAAC_1,0.0
P3TLH_TGGGAAGTCACGCGGT_1,0.0
P2TLH_CTACATTGTGCTCTTC_1,0.0
P2TLH_CTACGTCAGTTAGCGG_1,0.0
P2TLH_CTAGAGTTCAACTCTT_1,0.0
P2TLH_CTAGAGTTCTCCCTGA_1,0.0
P2TLH_CTAGCCTAGACTAGGC_1,0.0
P3TLH_TGGGAAGCAGTATAAG_1,0.0
P5TLH_ATTGGTGGTTGTCGCG_1,0.0
P2TLH_CGCGGTAGTCTCCATC_1,0.0
P2TLH_CGCGTTTAGATAGCAT_1,0.0
P2TLH_CGCTATCCATGGTTGT_1,0.0
P2TLH_CGCTATCGTCATATGC_1,0.0
P2TLH_CGCTGGACAGTGAGTG_1,0.0
P2TLH_CGCTGGACATCACAAC_1,0.0
P2TLH_CGCTTCAGTCTAGGTT_1,0.0
P5TLH_ATCCGAACAATCTACG_1,0.0
P2TLH_CGGACACCAGATCTGT_1,0.0
P2TLH_CGGACTGAGTTCCACA_1,0.0
P2TLH_CGGACTGTCCAGTATG_1,0.0
P2TLH_CGGAGTCAGAACAATC_1,0.0
P2TLH_CGGAGTCAGGGAACGG_1,0.0
P2TLH_CGGCTAGAGCTAAACA_1,0.0
P2TLH_CGGCTAGTCTCATTCA_1,0.0
P3TLH_TGCGCAGCATGAAGTA_1,0.0
P2TLH_CGCTTCATCCTAAGTG_1,0.0
P5TLH_ATCGAGTCAGCGTCCA_1,0.0
P5TLH_ATCTACTTCACCTTAT_1,0.0
P5TLH_ATCTGCCAGACACGAC_1,0.0
P5TLH_ATCTGCCGTCCCTTGT_1,0.0
P5TLH_ATGAGGGGTTGGTTTG_1,0.0
P5TLH_ATGAGGGTCTGTGCAA_1,0.0
P5TLH_ATGCGATCAAGTTCTG_1,0.0
P5TLH_ATGCGATTCATAGCAC_1,0.0
P5TLH_ATTGGTGGTGAGTGAC_1,0.0
P5TLH_ATGGGAGGTCGTCTTC_1,0.0
P5TLH_ATGTGTGAGAGCAATT_1,0.0
P5TLH_ATGTGTGTCACTGGGC_1,0.0
P5TLH_ATTACTCAGAGGTTGC_1,0.0
P5TLH_ATTACTCGTGCAACGA_1,0.0
P5TLH_ATTACTCTCTACTCAT_1,0.0
P5TLH_ATTATCCGTCATATGC_1,0.0
P5TLH_ATTGGTGAGTGTCTCA_1,0.0
P5TLH_ATGGGAGCAGTTTACG_1,0.0
P3TLH_TGTGGTACATGTCGAT_1,0.0
P3TLH_TGTGTTTAGTTAAGTG_1,0.0
P3TLH_TTAGGACGTCTACCTC_1,0.0
P3TLH_TTAGGACTCGTATCAG_1,0.0
P3TLH_CGAGCCAAGTGCCAGA_1,0.0
P3TLH_CGAGCCACAGGCTCAC_1,0.0
P3TLH_CGAGCCACATATGAGA_1,0.0
P2TLH_CTGCGGACATCACGAT_1,0.0
P3TLH_CGGCTAGCAGTCACTA_1,0.0
P2TLH_CTGTGCTCAAGTACCT_1,0.0
P2TLH_CTGTGCTCAGCCAATT_1,0.0
P2TLH_CTTACCGTCCATGAAC_1,0.0
P2TLH_CTTCTCTCACGAGAGT_1,0.0
P5TLH_AGAATAGGTTTGACTG_1,0.0
P5TLH_AGACGTTTCTTGCATT_1,0.0
P5TLH_AGAGCGACACGGACAA_1,0.0
P5TLH_AGAGCGACATGCAATC_1,0.0
P2TLH_CTGCGGAGTTCCGGCA_1,0.0
P5TLH_ACTTGTTAGAGGACGG_1,0.0
P5TLH_ACTTGTTGTGAGCGAT_1,0.0
P5TLH_AGAATAGAGACTAAGT_1,0.0
P2TLH_CTCTACGCAGGTCGTC_1,0.0
P2TLH_CTCTGGTGTATATGAG_1,0.0
P2TLH_CTGAAACAGCACCGTC_1,0.0
P2TLH_CTGAAACCAAGGTTTC_1,0.0
P2TLH_CTGAAGTTCGCGGATC_1,0.0
P3TLH_CGCGTTTAGCTGTTCA_1,0.0
P2TLH_CTGATCCGTCGGGTCT_1,0.0
P3TLH_CGATGTAGTCGCATAT_1,0.0
P3TLH_CGATTGATCGCAAACT_1,0.0
P3TLH_CGCCAAGGTACTCAAC_1,0.0
P3TLH_CGCCAAGGTGATGATA_1,0.0
P3TLH_CGCCAAGTCCCAACGG_1,0.0
P3TLH_CGCCAAGTCCTTAATC_1,0.0
P3TLH_CGCGGTAAGATAGGAG_1,0.0
P2TLH_CTGATAGTCCACGCAG_1,0.0
P3TLH_CGGACACCACGGTGTC_1,0.0
P3TLH_CGGACACTCACAATGC_1,0.0
P3TLH_CGGACGTAGACGCAAC_1,0.0
P3TLH_CGATGTAAGGCCCGTT_1,0.0
P2TLH_CTCCTAGAGGCGATAC_1,0.0
P2TLH_CTCGAAAAGATGTGGC_1,0.0
P2TLH_CTCGTACGTAGCGATG_1,0.0
P2TLH_CTCTAATAGAGAGCTC_1,0.0
P5TLH_AGAGTGGGTATGAAAC_1,0.0
P5TLH_AGGGAGTGTATTACCG_1,0.0
P5TLH_AGGGTGATCATTTGGG_1,0.0
P2TLH_CGTTGGGCAAGGTTCT_1,0.0
P2TLH_CTAACTTAGGTGACCA_1,0.0
P2TLH_CTAACTTGTATGCTTG_1,0.0
P2TLH_CTACACCAGAAGATTC_1,0.0
P3TLH_CGGACTGCAAGCGAGT_1,0.0
P3TLH_CGGAGTCCAAACGCGA_1,0.0
P2TLH_CTCTAATAGTCAATAG_1,0.0
P5TLH_TTCTCCTCACATTTCT_1,0.0
P5TLH_AGCATACAGAATTGTG_1,0.0
P5TLH_AGCATACAGGGTCTCC_1,0.0
P5TLH_AGCCTAACATGAACCT_1,0.0
P5TLH_AGCGGTCGTATAATGG_1,0.0
P2TLH_CTAGCCTTCAATACCG_1,0.0
P2TLH_CTAGTGATCAACGGCC_1,0.0
P3TLH_TGGGCGTAGTGAAGTT_1,0.0
P3TLH_CGCTTCAGTAAGGGCT_1,0.0
P3TLH_TGTATTCGTATAGGGC_1,0.0
P3TLH_TGTATTCGTTACGACT_1,0.0
P3TLH_TGTCCCACACGCCAGT_1,0.0
P3TLH_TGTCCCAGTATATGGA_1,0.0
P3TLH_CGCTATCAGGCGCTCT_1,0.0
P3TLH_CGCTATCCAGTGACAG_1,0.0
P3TLH_CGCTTCAAGCGTTGCC_1,0.0
P3TLH_CGCTTCAAGGTAGCCA_1,0.0
P3TLH_TGGGCGTTCACGAAGG_1,0.0
P2TLH_CCACCTAAGATATGCA_1,0.0
P2TLH_CCAGCGATCAGCTGGC_1,0.0
P3TLH_CTAATGGTCAGCAACT_1,0.0
P3TLH_CTACACCCACAAGACG_1,0.0
P3TLH_CTACACCGTACACCGC_1,0.0
P3TLH_TGACTTTTCTACTTAC_1,0.0
P3TLH_TGACTTTTCTGGCGAC_1,0.0
P5TLH_TTCGAAGTCCGTCATC_1,0.0
P3TLH_TGCGCAGTCAACTCTT_1,0.0
P3TLH_TGAGCATGTAAGAGAG_1,0.0
P3TLH_TGAGGGAAGCCCGAAA_1,0.0
P3TLH_TGATTTCAGGCGTACA_1,0.0
P3TLH_TGATTTCGTACCGGCT_1,0.0
P3TLH_TGATTTCTCTGCTGTC_1,0.0
P3TLH_TGCACCTAGCCTCGTG_1,0.0
P3TLH_TGCACCTCAACGATGG_1,0.0
P3TLH_TGCACCTCAGGCTCAC_1,0.0
P3TLH_TGAGAGGAGTGCTGCC_1,0.0
P3TLH_CGTGTAATCCACTGGG_1,0.0
P3TLH_CGTGTCTAGTTAACGA_1,0.0
P3TLH_CGTGTCTAGTTAGGTA_1,0.0
P3TLH_CGTTAGATCGAGAACG_1,0.0
P3TLH_CGTTAGATCGCCAAAT_1,0.0
P2TLH_CCTTCCCGTTCCATGA_1,0.0
P5TLH_CAGAATCCAGCCTATA_1,0.0
P5TLH_CAGAATCGTGTTGAGG_1,0.0
P2TLH_CCAATCCTCCATGAAC_1,0.0
P5TLH_CAGATCAAGAACAATC_1,0.0
P5TLH_CAGCAGCCATAGGATA_1,0.0
P5TLH_CAGCATAAGGCACATG_1,0.0
P5TLH_CAGCCGACAGGCGATA_1,0.0
P2TLH_CATGCCTAGATCTGCT_1,0.0
P2TLH_CATGCCTTCGTCCGTT_1,0.0
P2TLH_CATGGCGAGTACCGGA_1,0.0
P2TLH_CATTCGCGTTATCGGT_1,0.0
P5TLH_CAGAGAGCATGCATGT_1,0.0
P2TLH_CAGGTGCGTACCGTTA_1,0.0
P2TLH_CAGTCCTGTACTTGAC_1,0.0
P2TLH_CATATGGTCCACGTGG_1,0.0
P2TLH_CATCAAGGTGATGTGG_1,0.0
P2TLH_CATCGGGCACCAGGCT_1,0.0
P2TLH_CATGACACATCTACGA_1,0.0
P2TLH_CATGACATCACCCGAG_1,0.0
P5TLH_CATCAGACAGTCGATT_1,0.0
P3TLH_TGCCAAAAGTGGTAAT_1,0.0
P5TLH_CATCGAAAGAAACCGC_1,0.0
P5TLH_CATCGGGAGCTCCTCT_1,0.0
P5TLH_CATGCCTGTACGCACC_1,0.0
P5TLH_CATGCCTGTGTAAGTA_1,0.0
P5TLH_CATGGCGAGCAATATG_1,0.0
P5TLH_CATGGCGGTAGTAGTA_1,0.0
P5TLH_CATTCGCAGAGCTGGT_1,0.0
P2TLH_CACCACTAGGACTGGT_1,0.0
P5TLH_TTCCCAGGTGGGTATG_1,0.0
P3TLH_TGCCAAATCGGATGTT_1,0.0
P2TLH_CCCAGTTAGTGCCAGA_1,0.0
P2TLH_CCCAGTTGTATGCTTG_1,0.0
P2TLH_CCCATACCAGTCCTTC_1,0.0
P5TLH_CAGCTAAGTTCGCTAA_1,0.0
P5TLH_CAGGTGCGTCGGCACT_1,0.0
P5TLH_CAGTAACGTCAGAAGC_1,0.0
P5TLH_CAGTCCTCACAGGTTT_1,0.0
P2TLH_CAGGTGCAGCAGGTCA_1,0.0
P5TLH_CATATTCTCCTCAATT_1,0.0
P2TLH_CAGCAGCTCCCTTGTG_1,0.0
P2TLH_CAGCGACCAATCCAAC_1,0.0
P2TLH_CAGCGACTCTCTAGGA_1,0.0
P2TLH_CAGCTAAAGGAGTTTA_1,0.0
P2TLH_CAGCTAAGTCCAGTAT_1,0.0
P2TLH_CAGCTGGCATTGGGCC_1,0.0
P2TLH_CAGCTGGTCTGATACG_1,0.0
P5TLH_CAGTCCTCATCACAAC_1,0.0
P5TLH_ATTTCTGAGAGCTGGT_1,0.0
P5TLH_ATTTCTGGTTCCTCCA_1,0.0
P5TLH_CAACCAACAGACAAGC_1,0.0
P5TLH_TTCGGTCCATGTTCCC_1,0.0
P5TLH_CAAGATCGTGTTAAGA_1,0.0
P5TLH_TTGGCAACAGTAAGAT_1,0.0
P5TLH_CACAAACAGCCAGTAG_1,0.0
P5TLH_CACAAACAGTATGACA_1,0.0
P3TLH_CGTGTAAAGGCCATAG_1,0.0
P2TLH_CCTTCGAGTCGAACAG_1,0.0
P2TLH_CGAACATCAAGGCTCC_1,0.0
P2TLH_CGAATGTAGGCAGTCA_1,0.0
P2TLH_CGAGAAGAGGGCACTA_1,0.0
P2TLH_CGAGAAGGTAGCACGA_1,0.0
P2TLH_CGAGAAGTCCAGTAGT_1,0.0
P2TLH_CGAGCACGTATCTGCA_1,0.0
P2TLH_CGAGCACGTCTCCACT_1,0.0
P2TLH_CCTTCGAGTCACTTCC_1,0.0
P3TLH_TGCGGGTGTTAGAACA_1,0.0
P3TLH_TGCGGGTTCTATCCTA_1,0.0
P3TLH_TGCGTGGCAGACGCTC_1,0.0
P3TLH_TGCTACCTCCCTAATT_1,0.0
P3TLH_TGCTGCTAGAGTAAGG_1,0.0
P3TLH_TGCTGCTCACACATGT_1,0.0
P3TLH_TGCTGCTTCCCTTGCA_1,0.0
P3TLH_CGGGTCATCAACGAAA_1,0.0
P5TLH_ATTGGTGTCTGTCCGT_1,0.0
P3TLH_CGTAGCGGTGCGCTTG_1,0.0
P3TLH_CGTAGCGTCAGTACGT_1,0.0
P3TLH_CGTAGGCGTCTCTCGT_1,0.0
P3TLH_CGTAGGCTCTAGCACA_1,0.0
P3TLH_CGTCACTAGAAGGGTA_1,0.0
P3TLH_CGTCAGGCATCGGACC_1,0.0
P3TLH_CGTCCATTCGTTGCCT_1,0.0
P3TLH_CGGACGTGTTCCATGA_1,0.0
P3TLH_CGTAGCGCATCACGAT_1,0.0
P2TLH_CCTCTGAAGAGCTGGT_1,0.0
P2TLH_CCTCTGACACTCAGGC_1,0.0
P2TLH_CCTCTGACATTTCACT_1,0.0
P2TLH_CCTCTGATCCGTAGTA_1,0.0
P2TLH_CCTTACGCACCTTGTC_1,0.0
P2TLH_CCTTACGGTCAGGACA_1,0.0
P2TLH_CCTTCCCAGGTTACCT_1,0.0
P3TLH_TGCCCATGTAATAGCA_1,0.0
P2TLH_CGATGGCAGAGTCTGG_1,0.0
P3TLH_TGCCCTAAGGCAGTCA_1,0.0
P3TLH_TGCCCTAGTCTGCGGT_1,0.0
P3TLH_TGCCCTAGTTCAGACT_1,0.0
P3TLH_TGCCCTATCACCGGGT_1,0.0
P3TLH_TGCCCTATCCTATTCA_1,0.0
P3TLH_CGTCTACCATATACCG_1,0.0
P3TLH_CGTCTACTCTCTGAGA_1,0.0
P3TLH_CGTGTAAAGCTGCCCA_1,0.0
P3TLH_TGCCCATTCTGCGTAA_1,0.0
P5TLH_TTCGGTCAGCTAAACA_1,0.0
P2TLH_CGATTGAGTCCCGACA_1,0.0
P2TLH_CGATTGATCCATTCTA_1,0.0
P2TLH_CGCCAAGTCAAACGGG_1,0.0
P2TLH_CGCCAAGTCAACGCTA_1,0.0
P5TLH_CACACAAGTGTATGGG_1,0.0
P5TLH_CACATAGCAAGCCCAC_1,0.0
P5TLH_CACATTTCACAACTGT_1,0.0
P2TLH_CCTCAGTTCAGTTGAC_1,0.0
P5TLH_CACCACTAGAGTAATC_1,0.0
P5TLH_CACTCCAAGACTGGGT_1,0.0
P2TLH_CCGTACTTCGCTTGTC_1,0.0
P2TLH_CCGTTCAAGAGCTTCT_1,0.0
P2TLH_CCGTTCAAGATTACCC_1,0.0
P2TLH_CCTATTAGTAGCTCCG_1,0.0
P2TLH_CCTCAGTAGGGAGTAA_1,0.0
P2TLH_CCTCAGTGTTATGCGT_1,0.0
P5TLH_CACCACTAGAGACTAT_1,0.0
P2TLH_GTTCGGGGTCATATGC_1,0.0
P2TLH_GTTCTCGAGTCCAGGA_1,0.0
P2TLH_GTTCTCGTCGACGGAA_1,0.0
P2TLH_GTTTCTAAGAAGCCCA_1,0.0
P2TLH_GTTTCTACAGGCTCAC_1,0.0
P2TLH_GTTTCTAGTAGCGTCC_1,0.0
P2TLH_GTTTCTATCGATAGAA_1,0.0
P5TLH_ACTGTCCCATGCATGT_1,0.0
P4TLH_TGTGGTAGTCGGCACT_1,0.0
P4TLH_TGTGTTTGTACCTACA_1,0.0
P4TLH_TTAACTCTCGAGAACG_1,0.0
P4TLH_TTAGGACAGACGCAAC_1,0.0
P4TLH_TTAGTTCTCCTCAACC_1,0.0
P4TLH_TTCGAAGAGGCATGGT_1,0.0
P4TLH_TTCGAAGAGTGTTAGA_1,0.0
P2TLH_GTCATTTTCTGTGCAA_1,0.0
P2TLH_TAAACCGAGACCTAGG_1,0.0
P2TLH_TACTCATTCCACGTGG_1,0.0
P4TLH_TGCCCATGTGTTGAGG_1,0.0
P4TLH_TGCCCTAAGACTGGGT_1,0.0
P4TLH_TGCTACCTCAGGATCT_1,0.0
P4TLH_TGCTGCTGTTCCAACA_1,0.0
P4TLH_TGGACGCGTATAGTAG_1,0.0
P4TLH_TGGACGCTCTTGGGTA_1,0.0
P4TLH_TGGCCAGTCGTCCAGG_1,0.0
P2TLH_GTTCGGGAGACTAAGT_1,0.0
P2TLH_GTGTGCGGTCTGATTG_1,0.0
P2TLH_GTTAAGCAGGCATGTG_1,0.0
P2TLH_GTTAAGCCACTCGACG_1,0.0
P2TLH_GTTAAGCGTAGGCTGA_1,0.0
P2TLH_GTTAAGCGTCCAGTAT_1,0.0
P2TLH_GTTACAGGTTCCCGAG_1,0.0
P2TLH_GTTCATTGTTCGGCAC_1,0.0
P2TLH_GTTCATTTCAAGGCTT_1,0.0
P4TLH_TGGCGCAAGCGCCTCA_1,0.0
P2TLH_GTGAAGGGTGAAAGAG_1,0.0
P2TLH_GTGCAGCAGTCCGGTC_1,0.0
P2TLH_GTGCAGCCATGGTCAT_1,0.0
P2TLH_GTGCAGCGTGAGGCTA_1,0.0
P2TLH_GTGCATAGTACAGTTC_1,0.0
P2TLH_GTGCGGTTCCCGACTT_1,0.0
P4TLH_TTGAACGAGGAGTCTG_1,0.0
P4TLH_TTGAACGGTTACGTCA_1,0.0
P2TLH_GTCATTTTCTTGCAAG_1,0.0
P4TLH_TTGCGTCCACATTTCT_1,0.0
P4TLH_TTGGCAAAGGCTAGAC_1,0.0
P4TLH_TTTACTGTCCACTCCA_1,0.0
P2TLH_GGTGCGTGTCCAAGTT_1,0.0
P2TLH_GTACTTTAGCGTGAGT_1,0.0
P2TLH_GTACTTTAGTAGTGCG_1,0.0
P2TLH_GTACTTTGTTCAGACT_1,0.0
P2TLH_GTACTTTTCTACCTGC_1,0.0
P4TLH_TTGCCGTTCGTACGGC_1,0.0
P3TLH_CCTCAGTCAATCTGCA_1,0.0
P3TLH_CCTCAGTGTTGGTGGA_1,0.0
P3TLH_CCTTACGAGTAGATGT_1,0.0
P3TLH_CCTTCCCAGCTAAACA_1,0.0
P3TLH_CCTTCCCCAGACGCAA_1,0.0
P3TLH_TTGGAACTCATAAAGG_1,0.0
P3TLH_TTGGAACTCCTGCCAT_1,0.0
P3TLH_TTGTAGGAGTGTCCAT_1,0.0
P2TLH_GTGAAGGAGCGTAGTG_1,0.0
P3TLH_TTTACTGAGATCCGAG_1,0.0
P3TLH_TTTCCTCCACCAGGTC_1,0.0
P3TLH_TTTGCGCTCATTTGGG_1,0.0
P3TLH_TTTGCGCTCGCCATAA_1,0.0
P2TLH_GTCGGGTTCGGAGGTA_1,0.0
P2TLH_GTCGTAAAGCCGCCTA_1,0.0
P2TLH_GTCGTAACACCCATGG_1,0.0
P2TLH_GTCGTAACACGGTAAG_1,0.0
P3TLH_TTGTAGGTCTCTTATG_1,0.0
P2TLH_TCAATCTGTTCGCTAA_1,0.0
P2TLH_TCAGATGTCTATGTGG_1,0.0
P2TLH_TCAGCAAGTCTAGGTT_1,0.0
P2TLH_TCAGGATCAGAAGCAC_1,0.0
P2TLH_TCAGGATTCAGTTCGA_1,0.0
P2TLH_TCAGGTAAGACGCACA_1,0.0
P2TLH_TCAGGTAAGCAGCGTA_1,0.0
P2TLH_TCATTTGAGAAGGCCT_1,0.0
P2TLH_TACTCATCATTCTCAT_1,0.0
P4TLH_TGACGGCTCCACGCAG_1,0.0
P4TLH_TGAGCATGTGCAACTT_1,0.0
P4TLH_TGAGGGAGTACGACCC_1,0.0
P4TLH_TGCCCATGTCTCCACT_1,0.0
P2TLH_TACTTACCAAATCCGT_1,0.0
P2TLH_TAGACCAAGTCCAGGA_1,0.0
P2TLH_TAGAGCTAGAAACGAG_1,0.0
P2TLH_TAGAGCTCAAACTGCT_1,0.0
P4TLH_TGACAACCACATGGGA_1,0.0
P3TLH_CCGGTAGCATGGTCTA_1,0.0
P3TLH_CCGTACTAGACTGTAA_1,0.0
P3TLH_CCGTACTTCTGTCCGT_1,0.0
P3TLH_CCGTGGAAGGTTCCTA_1,0.0
P3TLH_CCGTGGAGTAGGCATG_1,0.0
P4TLH_CCTAGCTGTCAACATC_1,0.0
P3TLH_CCGTTCAGTTTACTCT_1,0.0
P3TLH_CCTAAAGCAGCTGTAT_1,0.0
P4TLH_TCTTCGGTCGGCATCG_1,0.0
P2TLH_TCTCTAAAGTGAAGTT_1,0.0
P2TLH_TCTGAGAAGTACGTTC_1,0.0
P4TLH_TCTATTGAGGTGCACA_1,0.0
P4TLH_TCTATTGCACATGACT_1,0.0
P4TLH_TCTATTGCACTTAAGC_1,0.0
P4TLH_TCTCATAGTTAAAGTG_1,0.0
P4TLH_TCTCTAAGTCCGAGTC_1,0.0
P4TLH_TCTTCGGAGACTAGGC_1,0.0
P2TLH_TCTATTGTCCGCAGTG_1,0.0
P3TLH_CCTACCAGTGCTCTTC_1,0.0
P3TLH_CCTACCATCAGTACGT_1,0.0
P3TLH_CCTACCATCCTAAGTG_1,0.0
P3TLH_CCTAGCTTCATCACCC_1,0.0
P3TLH_CCTAGCTTCGCAAACT_1,0.0
P3TLH_CCTATTACAATAGCAA_1,0.0
P3TLH_CCTATTAGTAGGAGTC_1,0.0
P3TLH_CCTATTATCATTATCC_1,0.0
P2TLH_TAGAGCTTCCAAACAC_1,0.0
P2TLH_TACACGAAGAGCTTCT_1,0.0
P2TLH_TACAGTGAGGAGTCTG_1,0.0
P2TLH_TACAGTGGTGGTCCGT_1,0.0
P2TLH_TACCTATAGCTAGGCA_1,0.0
P2TLH_TACCTATTCGGCTTGG_1,0.0
P2TLH_TACCTTATCGGAGCAA_1,0.0
P2TLH_TACGGATCATATGGTC_1,0.0
P2TLH_TACGGGCGTATATGAG_1,0.0
P2TLH_TAAGCGTTCCCACTTG_1,0.0
P2TLH_TAGCCGGAGCACGCCT_1,0.0
P4TLH_CCTACCATCTGTTGAG_1,0.0
P2TLH_TATCTCAGTCTGCAAT_1,0.0
P2TLH_TCAACGACACACGCTG_1,0.0
P2TLH_TAAGAGAAGTACTTGC_1,0.0
P3TLH_TTTGGTTAGTTCGCAT_1,0.0
P3TLH_TTTGGTTCACCCATGG_1,0.0
P3TLH_TTTGGTTCAGGGATTG_1,0.0
P3TLH_CCTACCACACCTCGTT_1,0.0
P3TLH_TTTGGTTGTCATGCCG_1,0.0
P3TLH_TTTGTCAAGGCTATCT_1,0.0
P3TLH_TTTGTCAGTAGCGCTC_1,0.0
P3TLH_TTTGTCATCTTACCGC_1,0.0
P4TLH_AAACGGGAGCGTTTAC_1,0.0
P4TLH_AAACGGGTCTGATACG_1,0.0
P3TLH_CCTACACTCGGAAACG_1,0.0
P3TLH_CCTACACTCTTATCTG_1,0.0
P3TLH_TTTGGTTGTACCGGCT_1,0.0
P3TLH_ATCATCTGTTTCGCTC_1,0.0
P5TLH_ACCGTAATCATAGCAC_1,0.0
P5TLH_ACCTTTAAGGGCTCTC_1,0.0
P5TLH_ACCTTTAGTGAGCGAT_1,0.0
P5TLH_ACGAGCCAGCTAGCCC_1,0.0
P5TLH_ACGAGCCTCACGCGGT_1,0.0
P2TLH_GAGTCCGGTGATAAAC_1,0.0
P2TLH_GATCGATCAGCCTATA_1,0.0
P2TLH_GTAGGCCAGGATCGCA_1,0.0
P2TLH_GATCTAGCAGATAATG_1,0.0
P2TLH_GATCTAGTCCTTGGTC_1,0.0
P2TLH_GATGAAACACACATGT_1,0.0
P2TLH_GATGAGGTCCTTTCTC_1,0.0
P2TLH_GCACATACAGTATGCT_1,0.0
P3TLH_CGAGCCAGTTCACCTC_1,0.0
P3TLH_CGATCGGGTATTAGCC_1,0.0
P5TLH_TTTCCTCAGTGGTAAT_1,0.0
P2TLH_GATCGATCAGTTTACG_1,0.0
P3TLH_TTCGGTCTCAGTTTGG_1,0.0
P3TLH_TTCTCAAAGGCTAGGT_1,0.0
P3TLH_TTCTCAAGTCCAGTGC_1,0.0
P3TLH_TTCTTAGCACAGTCGC_1,0.0
P3TLH_TTCTTAGGTGTGCCTG_1,0.0
P3TLH_ATCCACCAGTAGCGGT_1,0.0
P3TLH_TTGAACGAGGTGATTA_1,0.0
P3TLH_TTGAACGTCACCACCT_1,0.0
P5TLH_ACCGTAAAGAGACTTA_1,0.0
P3TLH_CGAATGTGTCCTCCAT_1,0.0
P3TLH_CGAATGTTCGGTTAAC_1,0.0
P3TLH_CGACCTTAGTCTCCTC_1,0.0
P2TLH_GCGCCAATCCCAAGAT_1,0.0
P2TLH_GCGGGTTAGCTCCCAG_1,0.0
P5TLH_ACATCAGAGCCAGTTT_1,0.0
P5TLH_ACATGGTTCACTTACT_1,0.0
P5TLH_ACCAGTATCATCATTC_1,0.0
P3TLH_TTGAACGTCACTATTC_1,0.0
P2TLH_GACAGAGTCCACTGGG_1,0.0
P2TLH_GACGCGTGTCATCCCT_1,0.0
P2TLH_GACGCGTTCTGCGTAA_1,0.0
P2TLH_GACGGCTGTCGCCATG_1,0.0
P2TLH_GACGTGCCAGTATGCT_1,0.0
P2TLH_GACTAACAGATTACCC_1,0.0
P2TLH_GACTGCGCAATCCAAC_1,0.0
P2TLH_GAGCAGAAGGCAGGTT_1,0.0
P3TLH_CGATCGGTCGGAGGTA_1,0.0
P2TLH_GAACGGAAGCCACTAT_1,0.0
P2TLH_GAAGCAGAGCCGATTT_1,0.0
P2TLH_GAAGCAGTCCGCATCT_1,0.0
P2TLH_GAATAAGAGAGTGACC_1,0.0
P2TLH_GAATAAGCACTTAAGC_1,0.0
P2TLH_GAATAAGGTAGCTAAA_1,0.0
P2TLH_GACAGAGAGCCCAGCT_1,0.0
P2TLH_GACAGAGAGGGAGTAA_1,0.0
P2TLH_GAAATGATCTCGAGTA_1,0.0
P3TLH_CGATCGGTCTGCGTAA_1,0.0
P3TLH_CGATGGCAGCGAAGGG_1,0.0
P3TLH_CGATGGCAGTGTACTC_1,0.0
P3TLH_TTAGGCAAGGCCATAG_1,0.0
P3TLH_TTAGGCATCTGCGGCA_1,0.0
P3TLH_TTAGTTCAGAGTACCG_1,0.0
P3TLH_TTAGTTCCACGTCAGC_1,0.0
P3TLH_TTATGCTGTAAAGGAG_1,0.0
P2TLH_GACAGAGTCCAATGGT_1,0.0
P3TLH_TTCGAAGGTGAGCGAT_1,0.0
P3TLH_TTCGAAGTCTCAAGTG_1,0.0
P3TLH_TTCGGTCCAAGGACTG_1,0.0
P3TLH_TTCGGTCCACCAACCG_1,0.0
P2TLH_GCACATAGTACACCGC_1,0.0
P2TLH_GCACTCTGTAAATGTG_1,0.0
P5TLH_ACGATACCAGCTTAAC_1,0.0
P5TLH_ACGATACGTCCTAGCG_1,0.0
P3TLH_TTCCCAGTCATTGCGA_1,0.0
P3TLH_CGAGCACAGTCGATAA_1,0.0
P3TLH_TTGACTTGTCGCATAT_1,0.0
P3TLH_TTGACTTTCTAACCGA_1,0.0
P3TLH_TTGCCGTGTCATATGC_1,0.0
P4TLH_CCTACACTCATGTAGC_1,0.0
P3TLH_TTGCCGTGTTGCTCCT_1,0.0
P3TLH_TTGCCGTTCCGAACGC_1,0.0
P3TLH_TTGCGTCAGGTAGCTG_1,0.0
P2TLH_GCGCCAACAGTCAGAG_1,0.0
P4TLH_CCTACACGTAGGGACT_1,0.0
P3TLH_CCTTCCCTCACCCTCA_1,0.0
P3TLH_CCTTCGAAGAGGTTAT_1,0.0
P3TLH_CCTTTCTTCACTTACT_1,0.0
P3TLH_CGAACATAGATGGCGT_1,0.0
P3TLH_CGAACATCATGCCTTC_1,0.0
P3TLH_CGAACATGTACTCAAC_1,0.0
P3TLH_CGAACATTCGGAGGTA_1,0.0
P3TLH_TTGCGTCCAAACGTGG_1,0.0
P4TLH_CCTACCATCCGCGCAA_1,0.0
P2TLH_GTCACGGGTAGTAGTA_1,0.0
P2TLH_GTCACGGTCAGCTCTC_1,0.0
P2TLH_GTCATTTGTTCCAACA_1,0.0
P5TLH_AAAGCAAAGATAGCAT_1,0.0
P5TLH_AAAGCAAGTCAGAGGT_1,0.0
P5TLH_AAAGCAAGTGTCAATC_1,0.0
P5TLH_AAAGTAGCAAGGTTCT_1,0.0
P3TLH_CGAGCACAGCAGATCG_1,0.0
P5TLH_AAAGTAGGTCCGCTGA_1,0.0
P5TLH_AACCGCGTCGTCCGTT_1,0.0
P5TLH_AACTCAGCACAGCGTC_1,0.0
P2TLH_GGCGACTGTTATCGGT_1,0.0
P2TLH_GGCGTGTCAATGCCAT_1,0.0
P2TLH_GGGAGATAGGTAGCCA_1,0.0
P2TLH_GGGCATCAGCCACCTG_1,0.0
P2TLH_GGGCATCGTGGCTCCA_1,0.0
P5TLH_AAAGTAGCACACCGAC_1,0.0
P2TLH_GGACGTCTCGGAGCAA_1,0.0
P2TLH_GGACGTCTCTGCTGCT_1,0.0
P5TLH_AAGTCTGGTGTTCTTT_1,0.0
P5TLH_AATCCAGAGTCTCAAC_1,0.0
P5TLH_AATCCAGGTTAAGTAG_1,0.0
P5TLH_ACACCCTCAGGTTTCA_1,0.0
P5TLH_ACACCCTTCAAAGACA_1,0.0
P5TLH_ACACCGGTCACTTCAT_1,0.0
P3TLH_CGAATGTAGTCGAGTG_1,0.0
P5TLH_ACAGCTATCACGCATA_1,0.0
P2TLH_GCATGCGCACATAACC_1,0.0
P2TLH_GCCAAATGTGAAATCA_1,0.0
P2TLH_GCCTCTACACAGCGTC_1,0.0
P2TLH_GCCTCTAGTCTCTTTA_1,0.0
P2TLH_GCCTCTATCCGCGGTA_1,0.0
P3TLH_ATCCACCCAACCGCCA_1,0.0
P2TLH_GCGCAGTAGGTGATTA_1,0.0
P5TLH_ACAGCCGTCCTGTACC_1,0.0
P3TLH_CGAATGTCACAACTGT_1,0.0
P2TLH_GGGTCTGGTCATCGGC_1,0.0
P2TLH_GGGTTGCAGCTACCGC_1,0.0
P2TLH_GGGTTGCCAACGATCT_1,0.0
P2TLH_GGGTTGCGTCTCGTTC_1,0.0
P5TLH_AACTCAGTCAGTGCAT_1,0.0
P5TLH_AACTCTTAGAAACGAG_1,0.0
P5TLH_AACTGGTTCCACGTTC_1,0.0
P2TLH_GGAACTTCACTACAGT_1,0.0
P5TLH_AACTTTCCATGCTGGC_1,0.0
P5TLH_AAGGCAGAGTGGCACA_1,0.0
P5TLH_AAGGTTCTCACATGCA_1,0.0
P2TLH_GCGGGTTGTCTAGTGT_1,0.0
P2TLH_GCTCCTAAGCGTTTAC_1,0.0
P2TLH_GCTGCAGAGAATGTTG_1,0.0
P2TLH_GCTGCAGCAGGCTGAA_1,0.0
P2TLH_GGAAAGCCATGGGACA_1,0.0
P5TLH_AACTTTCAGATGCCAG_1,0.0
