Gene,Degree,Betweenness
FGB,4,0.14285714285714285
APOA2,3,0.0
HMGCS2,3,0.0
SEPP1,3,0.0
RPL35A,2,0.047619047619047616
DHCR24,1,0.0
RPL11,1,0.0
RPS3A,1,0.0
