Gene,Degree,WeightedDegree,Betweenness
CPS1,23,16.485117012977202,0.0026455026455026454
TF,22,16.279567687033243,0.0
KNG1,23,16.248921468508154,0.013227513227513227
ALB,23,16.202079522027137,0.04497354497354497
APCS,22,15.880404969149941,0.0026455026455026454
APOB,22,15.77151694329347,0.0
AGT,22,15.472549695542808,0.0
SERPINC1,21,15.223727244043078,0.0
APOA2,21,14.930770510408589,0.031746031746031744
GC,21,14.810010240769257,0.018518518518518517
