SNP,Gene,Correlation,P_value,Abs_Correlation
rs1000,GENE_1,0.3526905368901533,0.055924459982301424,0.3526905368901533
rs1000,GENE_2,-0.07588277997815422,0.690230746953032,0.07588277997815422
rs1000,GENE_3,-0.0014668936881909035,0.993861858987986,0.0014668936881909035
rs1000,GENE_4,0.029611236831475183,0.8765614653971388,0.029611236831475183
rs1000,GENE_5,0.16859748226375978,0.37313995940627614,0.16859748226375978
rs1000,GENE_6,-0.016100835332945738,0.9327018707969733,0.016100835332945738
rs1000,GENE_7,-0.08421073649483811,0.6581783128275376,0.08421073649483811
rs1000,GENE_8,0.008086392357740127,0.9661721783262635,0.008086392357740127
rs1000,GENE_9,0.11418170651685712,0.5479765179464156,0.11418170651685712
rs1000,GENE_10,0.3334798075776354,0.07172176900253753,0.3334798075776354
rs1000,GENE_11,-0.22763364910715853,0.22636213291324303,0.22763364910715853
rs1000,GENE_12,0.029205091159212614,0.8782419679379345,0.029205091159212614
rs1000,GENE_13,0.19752292915690778,0.29544129698340277,0.19752292915690778
rs1000,GENE_14,-0.11154642319469,0.5573109323230669,0.11154642319469
rs1000,GENE_15,-0.10815874630520847,0.5694167580352537,0.10815874630520847
rs1000,GENE_16,0.0671699381543528,0.7243352968836071,0.0671699381543528
rs1000,GENE_17,-0.013456448701944753,0.9437358133907167,0.013456448701944753
rs1000,GENE_18,-0.07820596304738907,0.6812334728357633,0.07820596304738907
rs1000,GENE_19,0.20062047170295752,0.2877789148774966,0.20062047170295752
rs1000,GENE_20,-0.09008549242076072,0.635915697457501,0.09008549242076072
rs1000,GENE_21,-0.19210572728621617,0.30914918373615463,0.19210572728621617
rs1000,GENE_22,0.179625984035676,0.34221255541585455,0.179625984035676
rs1000,GENE_23,-0.07261216828612443,0.7029674515974602,0.07261216828612443
rs1000,GENE_24,-0.1496420560882605,0.42996273246561745,0.1496420560882605
rs1000,GENE_25,0.44707506054350316,0.01325112432701387,0.44707506054350316
rs1000,GENE_26,-0.0048835937669066305,0.9795667748780824,0.0048835937669066305
rs1000,GENE_27,0.255087572769429,0.173692250344578,0.255087572769429
rs1000,GENE_28,0.17334118986594757,0.35964204478560713,0.17334118986594757
rs1000,GENE_29,-0.07207211455303227,0.7050782888097044,0.07207211455303227
rs1000,GENE_30,-0.29644718018881666,0.11167541648032318,0.29644718018881666
rs1000,GENE_31,0.13409726442397013,0.4798943493827227,0.13409726442397013
rs1000,GENE_32,-0.11808047427088324,0.534302234084532,0.11808047427088324
rs1000,GENE_33,0.18967414357472878,0.315429206213342,0.18967414357472878
rs1000,GENE_34,-0.126530172008426,0.5052372489241511,0.126530172008426
rs1000,GENE_35,0.24903085995019192,0.1844888731356418,0.24903085995019192
rs1000,GENE_36,-0.14368067601771692,0.44876527849986736,0.14368067601771692
rs1000,GENE_37,0.14799094479545172,0.4351266370688907,0.14799094479545172
rs1000,GENE_38,0.010836884166619895,0.9546762612340954,0.010836884166619895
rs1000,GENE_39,0.00427929562081685,0.9820947619926251,0.00427929562081685
rs1000,GENE_40,0.10549383830594561,0.5790223075302446,0.10549383830594561
rs1000,GENE_41,-0.1286365081911387,0.49811671610169017,0.1286365081911387
rs1000,GENE_42,0.027608806443143143,0.8848518495756399,0.027608806443143143
rs1000,GENE_43,-0.1357986411681327,0.4742880228835525,0.1357986411681327
rs1000,GENE_44,-0.06979147335868013,0.7140158578342886,0.06979147335868013
rs1000,GENE_45,-0.05461083012975518,0.774403458189946,0.05461083012975518
rs1000,GENE_46,0.37786665339167796,0.039518011444265505,0.37786665339167796
rs1000,GENE_47,-0.020779870450241208,0.9132093419991134,0.020779870450241208
rs1000,GENE_48,0.041094836891823826,0.8292899748285898,0.041094836891823826
rs1000,GENE_49,-0.1073717394197278,0.5722459989223031,0.1073717394197278
rs1000,GENE_50,0.3983546272194133,0.029234100413405604,0.3983546272194133
rs1000,GENE_51,-0.28926650224952566,0.12104223465170806,0.28926650224952566
rs1000,GENE_52,-0.001734325559537706,0.9927428310323878,0.001734325559537706
rs1000,GENE_53,0.1866688946768919,0.32329942254757943,0.1866688946768919
rs1000,GENE_54,0.39280664638187,0.031775362407774455,0.39280664638187
rs1000,GENE_55,0.15668775277959335,0.4083091614097397,0.15668775277959335
rs1000,GENE_56,0.2727942214311286,0.14470427704210745,0.2727942214311286
rs1000,GENE_57,0.17424723709630302,0.3570973508043423,0.17424723709630302
rs1000,GENE_58,0.12820246364521884,0.4995798756329604,0.12820246364521884
rs1000,GENE_59,0.007588950035933007,0.9682520572674009,0.007588950035933007
rs1000,GENE_60,0.21903776777465905,0.24485776051186878,0.21903776777465905
rs1000,GENE_61,-0.2516068548980263,0.17984099132859588,0.2516068548980263
rs1000,GENE_62,0.1316878933916735,0.48789169067962457,0.1316878933916735
rs1000,GENE_63,0.02849394902886095,0.8811856946979195,0.02849394902886095
rs1000,GENE_64,-0.23315946169668603,0.21498321183469601,0.23315946169668603
rs1000,GENE_65,0.18121429440891462,0.33789000608951714,0.18121429440891462
rs1000,GENE_66,-0.021971758096324647,0.9082514550937578,0.021971758096324647
rs1000,GENE_67,-0.304075239093527,0.10232861528685593,0.304075239093527
rs1000,GENE_68,0.159413097425119,0.40010113960245797,0.159413097425119
rs1000,GENE_69,-0.13040201043380445,0.4921875153078213,0.13040201043380445
rs1000,GENE_70,-0.16650733709586854,0.3791801518765831,0.16650733709586854
rs1000,GENE_71,0.057148763395246605,0.7642066867344264,0.057148763395246605
rs1000,GENE_72,-0.058155897008930535,0.7601708637288483,0.058155897008930535
rs1000,GENE_73,-0.13825584201297572,0.46625156275162405,0.13825584201297572
rs1000,GENE_74,0.24056181505731544,0.20035996424871183,0.24056181505731544
rs1000,GENE_75,-0.265229606622535,0.15662609206141953,0.265229606622535
rs1000,GENE_76,0.023382364746829032,0.9023881409426406,0.023382364746829032
rs1000,GENE_77,0.1210233469938137,0.5240896666849693,0.1210233469938137
rs1000,GENE_78,0.021721680019637046,0.9092914293364339,0.021721680019637046
rs1000,GENE_79,0.09966797804844725,0.6002677294256874,0.09966797804844725
rs1000,GENE_80,0.12763675526682797,0.5014901048241973,0.12763675526682797
rs1000,GENE_81,0.06379351217499693,0.7376961479686596,0.06379351217499693
rs1000,GENE_82,-0.30480217621972894,0.1014695867323216,0.30480217621972894
rs1000,GENE_83,0.2513476535440821,0.18030491130371054,0.2513476535440821
rs1000,GENE_84,0.2752100765744114,0.14103916360970947,0.2752100765744114
rs1000,GENE_85,0.15236035896331623,0.4215349052462166,0.15236035896331623
rs1000,GENE_86,-0.19949718346036263,0.2905428071029475,0.19949718346036263
rs1000,GENE_87,0.23432672603973936,0.21263032778523022,0.23432672603973936
rs1000,GENE_88,0.19736433147788549,0.2958370618261516,0.19736433147788549
rs1000,GENE_89,0.11418864470436109,0.547952039014649,0.11418864470436109
rs1000,GENE_90,0.2860282129280273,0.12545143600273553,0.2860282129280273
rs1000,GENE_91,-0.20098431171334424,0.28688727992638047,0.20098431171334424
rs1000,GENE_92,-0.35489322732543505,0.05430407509876302,0.35489322732543505
rs1000,GENE_93,0.06764677531352399,0.7224546822878856,0.06764677531352399
rs1000,GENE_94,-0.2068641173872108,0.2727227465808811,0.2068641173872108
rs1000,GENE_95,0.03472038329163006,0.8554686663490303,0.03472038329163006
rs1000,GENE_96,-0.22617993994486235,0.22942187400606107,0.22617993994486235
rs1000,GENE_97,0.17946278333756896,0.34265858761534757,0.17946278333756896
rs1000,GENE_98,0.14856119521068556,0.43333934743835223,0.14856119521068556
rs1000,GENE_99,0.0395612958576574,0.8355726849620653,0.0395612958576574
rs1000,GENE_100,0.12261889594575924,0.5185925186993364,0.12261889594575924
rs1001,GENE_1,0.20569759694846285,0.2754962802743849,0.20569759694846285
rs1001,GENE_2,0.31951035512744436,0.08523056041033775,0.31951035512744436
rs1001,GENE_3,-0.06389344017200138,0.7372996234143029,0.06389344017200138
rs1001,GENE_4,-0.36777643544708194,0.04555430732488288,0.36777643544708194
rs1001,GENE_5,-0.4019671226398687,0.02767008447848599,0.4019671226398687
rs1001,GENE_6,0.32256211005643115,0.08212530175712641,0.32256211005643115
rs1001,GENE_7,-0.023403763532464407,0.9022992329190971,0.023403763532464407
rs1001,GENE_8,-0.038200329981484475,0.8411567094007233,0.038200329981484475
rs1001,GENE_9,-0.1976315486359803,0.29517044125349806,0.1976315486359803
rs1001,GENE_10,-0.02002870379627489,0.9163356176158114,0.02002870379627489
rs1001,GENE_11,0.21246327985709196,0.25966216691074645,0.21246327985709196
rs1001,GENE_12,0.000824867893509811,0.9965483608186888,0.000824867893509811
rs1001,GENE_13,0.18907081387549676,0.3169995940968011,0.18907081387549676
rs1001,GENE_14,-0.1407800342639614,0.4580710234554033,0.1407800342639614
rs1001,GENE_15,-0.10683365048310756,0.5741840208915849,0.10683365048310756
rs1001,GENE_16,0.2231837837038019,0.23581553999643043,0.2231837837038019
rs1001,GENE_17,-0.19636088536148683,0.29834883372214244,0.19636088536148683
rs1001,GENE_18,-0.02236063223721421,0.9066345796655036,0.02236063223721421
rs1001,GENE_19,-0.2677721761813242,0.15254304843976155,0.2677721761813242
rs1001,GENE_20,0.13437041632576566,0.47899197206541677,0.13437041632576566
rs1001,GENE_21,0.2616413144889683,0.16252084350850868,0.2616413144889683
rs1001,GENE_22,-0.0573142253430486,0.7635432226080282,0.0573142253430486
rs1001,GENE_23,0.07774690260577873,0.6830079842668347,0.07774690260577873
rs1001,GENE_24,0.5039105218022107,0.004524118152732589,0.5039105218022107
rs1001,GENE_25,0.08429047215166897,0.6578741704605054,0.08429047215166897
rs1001,GENE_26,0.00312451157346849,0.9869260735854439,0.00312451157346849
rs1001,GENE_27,0.21609878030189544,0.2514049951206717,0.21609878030189544
rs1001,GENE_28,0.09673957569004044,0.6110710529676909,0.09673957569004044
rs1001,GENE_29,-0.25101845564930003,0.18089532181774662,0.25101845564930003
rs1001,GENE_30,0.028294258152397826,0.8820125829679564,0.028294258152397826
rs1001,GENE_31,0.022360740057113925,0.9066341314183168,0.022360740057113925
rs1001,GENE_32,-0.17444586200330145,0.3565409356311811,0.17444586200330145
rs1001,GENE_33,-0.28773250302827835,0.12311639274806217,0.28773250302827835
rs1001,GENE_34,0.0980384215093724,0.6062693512873715,0.0980384215093724
rs1001,GENE_35,0.1850364935031869,0.32762463591418867,0.1850364935031869
rs1001,GENE_36,-0.10681714880779672,0.5742435009743128,0.10681714880779672
rs1001,GENE_37,-0.10183860762464482,0.5923130745397195,0.10183860762464482
rs1001,GENE_38,-0.06238098491526537,0.7433082171986176,0.06238098491526537
rs1001,GENE_39,0.1854311290698131,0.3265757702247687,0.1854311290698131
rs1001,GENE_40,-0.3287717171170997,0.0760752457043061,0.3287717171170997
rs1001,GENE_41,0.13185791826079893,0.48732511377471766,0.13185791826079893
rs1001,GENE_42,-0.18550405785059987,0.32638216551174903,0.18550405785059987
rs1001,GENE_43,-0.23896891021558023,0.2034471705970708,0.23896891021558023
rs1001,GENE_44,-0.11353931394014125,0.5502451826981418,0.11353931394014125
rs1001,GENE_45,-0.09199411484155412,0.6287481281752547,0.09199411484155412
rs1001,GENE_46,-0.47529744859459927,0.007945781777172796,0.47529744859459927
rs1001,GENE_47,-0.05501423730985193,0.7727801615615048,0.05501423730985193
rs1001,GENE_48,0.10981202986390744,0.5634939570029232,0.10981202986390744
rs1001,GENE_49,-0.28579863366175484,0.12576845753038643,0.28579863366175484
rs1001,GENE_50,-0.12508267650116126,0.5101597544456816,0.12508267650116126
rs1001,GENE_51,0.0672101548186584,0.7241766240766698,0.0672101548186584
rs1001,GENE_52,-0.219394749900912,0.24407028266889894,0.219394749900912
rs1001,GENE_53,0.10755471548831615,0.5715876484100069,0.10755471548831615
rs1001,GENE_54,-0.12405529694280923,0.513667897323609,0.12405529694280923
rs1001,GENE_55,0.14671850189628857,0.43912921216603223,0.14671850189628857
rs1001,GENE_56,-0.18139244858074113,0.3374072407804977,0.18139244858074113
rs1001,GENE_57,-0.014594448399088175,0.9389860377855537,0.014594448399088175
rs1001,GENE_58,-0.32694835332644356,0.0778149488827486,0.32694835332644356
rs1001,GENE_59,-0.4313555997374083,0.01731318514702465,0.4313555997374083
rs1001,GENE_60,-0.23369935422291535,0.21389274230668787,0.23369935422291535
rs1001,GENE_61,-0.2550239997841791,0.17380320436329524,0.2550239997841791
rs1001,GENE_62,-0.15259377484136755,0.4208155201855151,0.15259377484136755
rs1001,GENE_63,-0.05694866529834072,0.7650092524119417,0.05694866529834072
rs1001,GENE_64,0.13967702362858023,0.4616363211687577,0.13967702362858023
rs1001,GENE_65,0.1914438433575068,0.3108508317558736,0.1914438433575068
rs1001,GENE_66,-0.1591023193818891,0.40103235490968,0.1591023193818891
rs1001,GENE_67,0.11732562730573985,0.5369369681370612,0.11732562730573985
rs1001,GENE_68,0.14262024143204036,0.4521555104417584,0.14262024143204036
rs1001,GENE_69,0.022966399929016886,0.9041166269668044,0.022966399929016886
rs1001,GENE_70,-0.15519721454295207,0.41283805829855624,0.15519721454295207
rs1001,GENE_71,-0.034685551413139025,0.855612154428092,0.034685551413139025
rs1001,GENE_72,0.13220517572147253,0.4861689857230822,0.13220517572147253
rs1001,GENE_73,0.04976323653491956,0.7939811190431839,0.04976323653491956
rs1001,GENE_74,0.18102423901462933,0.3384054836436132,0.18102423901462933
rs1001,GENE_75,0.18894058236494388,0.31733920447355024,0.18894058236494388
rs1001,GENE_76,0.04633797884960348,0.8078896029118005,0.04633797884960348
rs1001,GENE_77,-0.14442676865527262,0.4463882032337739,0.14442676865527262
rs1001,GENE_78,-0.18531633414452797,0.3268806602228685,0.18531633414452797
rs1001,GENE_79,-0.04968297811743529,0.7943063238089737,0.04968297811743529
rs1001,GENE_80,-0.000587797416303048,0.9975403727637926,0.000587797416303048
rs1001,GENE_81,-0.3163491271864388,0.08854099336661887,0.3163491271864388
rs1001,GENE_82,-0.2885296392524559,0.12203531627715862,0.2885296392524559
rs1001,GENE_83,0.15766645691892867,0.4053507160248231,0.15766645691892867
rs1001,GENE_84,-0.209503141773543,0.2665150214958402,0.209503141773543
rs1001,GENE_85,0.1991924168615205,0.2912955978025477,0.1991924168615205
rs1001,GENE_86,0.21517941477722652,0.2534765589391349,0.21517941477722652
rs1001,GENE_87,-0.041184952906609756,0.8289210986278839,0.041184952906609756
rs1001,GENE_88,-0.32064626579791505,0.08406442412838651,0.32064626579791505
rs1001,GENE_89,-0.05537719713724374,0.7713204262179741,0.05537719713724374
rs1001,GENE_90,-0.3234462176640468,0.08124209608883359,0.3234462176640468
rs1001,GENE_91,-0.10400590062212878,0.5844166040572949,0.10400590062212878
rs1001,GENE_92,0.2601468902664159,0.1650219125023842,0.2601468902664159
rs1001,GENE_93,0.16482971055834705,0.3840690972983898,0.16482971055834705
rs1001,GENE_94,0.17586902251711317,0.352569308921463,0.17586902251711317
rs1001,GENE_95,0.07160511215716352,0.7069053324938188,0.07160511215716352
rs1001,GENE_96,0.18579215514472674,0.32561804046040976,0.18579215514472674
rs1001,GENE_97,0.2994479648893415,0.10792542418607406,0.2994479648893415
rs1001,GENE_98,-0.3831268617607615,0.03663584863457749,0.3831268617607615
rs1001,GENE_99,-0.1785992028607247,0.34502462061666994,0.1785992028607247
rs1001,GENE_100,-0.16423271458811525,0.38581762022225763,0.16423271458811525
rs1002,GENE_1,-0.25056539658875526,0.18171009155479806,0.25056539658875526
rs1002,GENE_2,0.22292160739814015,0.23638062431238616,0.22292160739814015
rs1002,GENE_3,0.03303446664781909,0.862418809380976,0.03303446664781909
rs1002,GENE_4,-0.07703682305088301,0.6857560790553654,0.07703682305088301
rs1002,GENE_5,0.01929145580531991,0.9194051553385474,0.01929145580531991
rs1002,GENE_6,-0.21259812061105676,0.25935277687931263,0.21259812061105676
rs1002,GENE_7,0.017902181733457003,0.9251924607282497,0.017902181733457003
rs1002,GENE_8,0.06559060317771781,0.7305752748960436,0.06559060317771781
rs1002,GENE_9,-0.10833679498576632,0.5687775607367532,0.10833679498576632
rs1002,GENE_10,0.15450701671749,0.4149446668440795,0.15450701671749
rs1002,GENE_11,-0.007605180503934944,0.9681841920174517,0.007605180503934944
rs1002,GENE_12,0.08403070316622878,0.6588652256056495,0.08403070316622878
rs1002,GENE_13,0.033207656338748025,0.8617043666950949,0.033207656338748025
rs1002,GENE_14,0.13266730774737928,0.48463258191566644,0.13266730774737928
rs1002,GENE_15,0.25858646692767945,0.16766253547082144,0.25858646692767945
rs1002,GENE_16,-0.20928177370751866,0.26703218034549214,0.20928177370751866
rs1002,GENE_17,-0.04996952816136653,0.7931453868452121,0.04996952816136653
rs1002,GENE_18,-0.24855530026380918,0.1853560310519359,0.24855530026380918
rs1002,GENE_19,-0.21523747935200818,0.2533453933797212,0.21523747935200818
rs1002,GENE_20,-0.02193131795986081,0.9084196193425221,0.02193131795986081
rs1002,GENE_21,-0.1014366415257547,0.5937826968430373,0.1014366415257547
rs1002,GENE_22,-0.0688393547611776,0.7177581825559088,0.0688393547611776
rs1002,GENE_23,0.05783142615229903,0.7614704272193595,0.05783142615229903
rs1002,GENE_24,0.26313573430512305,0.16004692780016852,0.26313573430512305
rs1002,GENE_25,0.029842202884061243,0.8756060349014869,0.029842202884061243
rs1002,GENE_26,0.10255540954322725,0.5896963088493772,0.10255540954322725
rs1002,GENE_27,-0.27759076237399943,0.13749384412536536,0.27759076237399943
rs1002,GENE_28,-0.2178751003949168,0.24743419713692424,0.2178751003949168
rs1002,GENE_29,-0.026730398521910535,0.8884924158354395,0.026730398521910535
rs1002,GENE_30,0.14471863894274964,0.44546014230341285,0.14471863894274964
rs1002,GENE_31,-0.09120073506414267,0.6317235896284289,0.09120073506414267
rs1002,GENE_32,-0.12022256680519233,0.5268591942955041,0.12022256680519233
rs1002,GENE_33,0.12856825515985404,0.49834665344917795,0.12856825515985404
rs1002,GENE_34,-0.14301226274779336,0.45090061862781966,0.14301226274779336
rs1002,GENE_35,-0.3015630064517964,0.10533948150973961,0.3015630064517964
rs1002,GENE_36,-0.2734804698425375,0.14365622506485676,0.2734804698425375
rs1002,GENE_37,0.12274234816232109,0.5181683657507603,0.12274234816232109
rs1002,GENE_38,-0.2146884126217874,0.2545875000162771,0.2146884126217874
rs1002,GENE_39,-0.3113190455948187,0.09400919303492701,0.3113190455948187
rs1002,GENE_40,0.29775792539126916,0.11002564663034367,0.29775792539126916
rs1002,GENE_41,-0.3523051549661496,0.05621183247737686,0.3523051549661496
rs1002,GENE_42,0.2300841973848487,0.22126679780919262,0.2300841973848487
rs1002,GENE_43,-0.4020643001778013,0.02762897303897388,0.4020643001778013
rs1002,GENE_44,-0.07980188283984987,0.6750774140318724,0.07980188283984987
rs1002,GENE_45,0.28302553537621755,0.12964449406501405,0.28302553537621755
rs1002,GENE_46,-0.10433738528167971,0.5832129441207943,0.10433738528167971
rs1002,GENE_47,-0.009845491993131172,0.9588189613603976,0.009845491993131172
rs1002,GENE_48,0.1319838191591475,0.4869057884700007,0.1319838191591475
rs1002,GENE_49,-0.3165252211307639,0.08835405080802093,0.3165252211307639
rs1002,GENE_50,0.1856731019538597,0.3259336737143426,0.1856731019538597
rs1002,GENE_51,0.025143597059942836,0.895074513355616,0.025143597059942836
rs1002,GENE_52,-0.2998611425441816,0.10741655944070784,0.2998611425441816
rs1002,GENE_53,-0.2450840995741646,0.19177195574517183,0.2450840995741646
rs1002,GENE_54,0.1088237975981991,0.5670308721536507,0.1088237975981991
rs1002,GENE_55,0.14018060847653407,0.46000675295519694,0.14018060847653407
rs1002,GENE_56,0.1644020314493895,0.38532124711534027,0.1644020314493895
rs1002,GENE_57,0.05607874847168211,0.7685011313251673,0.05607874847168211
rs1002,GENE_58,-0.17896216628041994,0.3440289784517626,0.17896216628041994
rs1002,GENE_59,-0.14622054834164994,0.4407009900099045,0.14622054834164994
rs1002,GENE_60,-0.0905347658690007,0.6342255787000248,0.0905347658690007
rs1002,GENE_61,0.2985634629283536,0.1090208264426358,0.2985634629283536
rs1002,GENE_62,-0.01225718012216935,0.9487433569168972,0.01225718012216935
rs1002,GENE_63,-0.15744276824794642,0.4060258165674511,0.15744276824794642
rs1002,GENE_64,0.273296926108599,0.14393599604606128,0.273296926108599
rs1002,GENE_65,-0.31893471244769045,0.08582621924314772,0.31893471244769045
rs1002,GENE_66,0.1946217153248312,0.30273401336942213,0.1946217153248312
rs1002,GENE_67,0.12685212623123607,0.504145602382258,0.12685212623123607
rs1002,GENE_68,-0.2520618152533563,0.17902872936835082,0.2520618152533563
rs1002,GENE_69,-0.14416277203221808,0.44722852945892305,0.14416277203221808
rs1002,GENE_70,-0.09069992275581659,0.6336047285104597,0.09069992275581659
rs1002,GENE_71,0.2332512816907505,0.21479748800184517,0.2332512816907505
rs1002,GENE_72,-0.04305138697526614,0.8212892614471898,0.04305138697526614
rs1002,GENE_73,0.13318629002289603,0.48291014351448747,0.13318629002289603
rs1002,GENE_74,-0.39458569391565923,0.030941690332373144,0.39458569391565923
rs1002,GENE_75,-0.010627981148711751,0.9555491051954912,0.010627981148711751
rs1002,GENE_76,-0.029955650005448878,0.8751368041958772,0.029955650005448878
rs1002,GENE_77,0.016887963731870573,0.9294197744902548,0.016887963731870573
rs1002,GENE_78,0.061393686794685036,0.7472385098199946,0.061393686794685036
rs1002,GENE_79,-0.03271867292301084,0.8637217961951602,0.03271867292301084
rs1002,GENE_80,0.108815364949795,0.5670610960919158,0.108815364949795
rs1002,GENE_81,0.1474115456114995,0.43694671197981705,0.1474115456114995
rs1002,GENE_82,-0.07233892309072297,0.704035179875825,0.07233892309072297
rs1002,GENE_83,-0.2066665461119141,0.27319121975838717,0.2066665461119141
rs1002,GENE_84,-0.12029896794471345,0.5265946537559073,0.12029896794471345
rs1002,GENE_85,0.02569195156987347,0.8927991287773308,0.02569195156987347
rs1002,GENE_86,0.10623369885837772,0.5763483090830471,0.10623369885837772
rs1002,GENE_87,0.051051298727136006,0.788766595056671,0.051051298727136006
rs1002,GENE_88,0.2660372369242653,0.15532074485371303,0.2660372369242653
rs1002,GENE_89,0.051451088533964046,0.7871499130864485,0.051451088533964046
rs1002,GENE_90,0.07068040111323866,0.7105277642912643,0.07068040111323866
rs1002,GENE_91,0.09057829105856635,0.6340619371694484,0.09057829105856635
rs1002,GENE_92,-0.026124614212696285,0.8910043926309897,0.026124614212696285
rs1002,GENE_93,0.236383476810534,0.2085273826704083,0.236383476810534
rs1002,GENE_94,-0.25712584275807876,0.17016132349782973,0.25712584275807876
rs1002,GENE_95,-0.018603110940646112,0.9222721105803138,0.018603110940646112
rs1002,GENE_96,0.03479829979743606,0.8551477097896715,0.03479829979743606
rs1002,GENE_97,-0.19932238845731076,0.29097440918480133,0.19932238845731076
rs1002,GENE_98,-0.01924699721794565,0.9195902957508519,0.01924699721794565
rs1002,GENE_99,-0.18509285895272634,0.3274747009935978,0.18509285895272634
rs1002,GENE_100,0.19593081168698095,0.2994294792954686,0.19593081168698095
rs1003,GENE_1,-0.1644031648306307,0.3853179257129096,0.1644031648306307
rs1003,GENE_2,-0.13967302773154097,0.46164926380846527,0.13967302773154097
rs1003,GENE_3,-0.07730784420308215,0.684706728048669,0.07730784420308215
rs1003,GENE_4,0.0693328660809601,0.7158176190759493,0.0693328660809601
rs1003,GENE_5,-0.08544580064133678,0.6534733319445469,0.08544580064133678
rs1003,GENE_6,-0.1293628587520063,0.49567302601953733,0.1293628587520063
rs1003,GENE_7,-0.221716307036163,0.2389901195834052,0.221716307036163
rs1003,GENE_8,-0.09988084835729256,0.5994856121544235,0.09988084835729256
rs1003,GENE_9,-0.18394693517876828,0.3305311867951219,0.18394693517876828
rs1003,GENE_10,0.1484374093429727,0.43372697799332055,0.1484374093429727
rs1003,GENE_11,0.03926717560846644,0.8367788025342873,0.03926717560846644
rs1003,GENE_12,0.34664031810541773,0.06057151563001324,0.34664031810541773
rs1003,GENE_13,0.08658945748680276,0.6491281444606221,0.08658945748680276
rs1003,GENE_14,-0.12422892528404494,0.5130741849521782,0.12422892528404494
rs1003,GENE_15,0.08331589805941701,0.6615952278453533,0.08331589805941701
rs1003,GENE_16,-0.11839617077817985,0.5332021529762835,0.11839617077817985
rs1003,GENE_17,-0.05643231687136508,0.7670813545765526,0.05643231687136508
rs1003,GENE_18,-0.24143698577034114,0.19867762642668163,0.24143698577034114
rs1003,GENE_19,0.21403945769128535,0.2560607294323585,0.21403945769128535
rs1003,GENE_20,-0.06714629821977046,0.724428572270037,0.06714629821977046
rs1003,GENE_21,0.008571190255372048,0.9641453767628931,0.008571190255372048
rs1003,GENE_22,-0.06821286830951885,0.7202241055397626,0.06821286830951885
rs1003,GENE_23,-0.2794216977942455,0.13481172736617275,0.2794216977942455
rs1003,GENE_24,0.06501809566694722,0.732841454392736,0.06501809566694722
rs1003,GENE_25,-0.0988322632864284,0.603342478230942,0.0988322632864284
rs1003,GENE_26,0.005592730276371541,0.9766004619433369,0.005592730276371541
rs1003,GENE_27,0.06284409557660979,0.7414668095269665,0.06284409557660979
rs1003,GENE_28,-0.19745618221447223,0.295607816524279,0.19745618221447223
rs1003,GENE_29,-0.27539519770758153,0.14076112347464723,0.27539519770758153
rs1003,GENE_30,-0.25695757019227955,0.17045088390918156,0.25695757019227955
rs1003,GENE_31,0.0719158536296163,0.7056894467575303,0.0719158536296163
rs1003,GENE_32,-0.06417674362041423,0.7361758058289238,0.06417674362041423
rs1003,GENE_33,-0.010448622585508542,0.9562985459999567,0.010448622585508542
rs1003,GENE_34,-0.27048870483978427,0.14826584814531676,0.27048870483978427
rs1003,GENE_35,-0.18090759698743333,0.3387220820532688,0.18090759698743333
rs1003,GENE_36,-0.14845716271881768,0.4336651083746221,0.14845716271881768
rs1003,GENE_37,0.08655929903467124,0.649242583910622,0.08655929903467124
rs1003,GENE_38,-0.22164642797345907,0.23914199561873534,0.22164642797345907
rs1003,GENE_39,-0.05272491789223102,0.7820045745340887,0.05272491789223102
rs1003,GENE_40,-0.2052778861991764,0.27649862377242235,0.2052778861991764
rs1003,GENE_41,-0.2045522680629463,0.27823706435502965,0.2045522680629463
rs1003,GENE_42,-0.148383473218468,0.43389593608385574,0.148383473218468
rs1003,GENE_43,0.07999701202772103,0.674326126072176,0.07999701202772103
rs1003,GENE_44,0.10365457470908651,0.5856935010379185,0.10365457470908651
rs1003,GENE_45,-0.10844212234518344,0.5683995866563697,0.10844212234518344
rs1003,GENE_46,0.3684374798224202,0.04513762923250601,0.3684374798224202
rs1003,GENE_47,-0.23607947461854895,0.2091303852953039,0.23607947461854895
rs1003,GENE_48,0.21692133473810993,0.24956105987269736,0.21692133473810993
rs1003,GENE_49,0.2393606218376873,0.2026849783816081,0.2393606218376873
rs1003,GENE_50,0.24935242544345362,0.1839041262368789,0.24935242544345362
rs1003,GENE_51,0.06726316070631552,0.7239675091501792,0.06726316070631552
rs1003,GENE_52,-0.045581168353157744,0.8109705977082191,0.045581168353157744
rs1003,GENE_53,-0.22747639779131282,0.22669177855367784,0.22747639779131282
rs1003,GENE_54,0.003853040802365548,0.9838780362466195,0.003853040802365548
rs1003,GENE_55,-0.14936819883319605,0.4308168949008993,0.14936819883319605
rs1003,GENE_56,-0.14792594579017,0.4353306131514491,0.14792594579017
rs1003,GENE_57,-0.2268227384785011,0.2280655110614173,0.2268227384785011
rs1003,GENE_58,0.15408093100038178,0.4162481496519979,0.15408093100038178
rs1003,GENE_59,0.2147555414666729,0.25443542573783257,0.2147555414666729
rs1003,GENE_60,-0.0005801581522913828,0.9975723390265481,0.0005801581522913828
rs1003,GENE_61,0.39331452651515536,0.03153553242517202,0.39331452651515536
rs1003,GENE_62,-0.4635707278596368,0.009877133954682052,0.4635707278596368
rs1003,GENE_63,0.49080875951806546,0.00588963096428743,0.49080875951806546
rs1003,GENE_64,0.17499959882672486,0.3549924614594795,0.17499959882672486
rs1003,GENE_65,0.015048065755842398,0.937093295499895,0.015048065755842398
rs1003,GENE_66,0.16164897312568088,0.39343787138666164,0.16164897312568088
rs1003,GENE_67,0.40912967322326516,0.024770555019133382,0.40912967322326516
rs1003,GENE_68,0.022317746017675364,0.9068128757642894,0.022317746017675364
rs1003,GENE_69,0.21126815418638606,0.26241492014980716,0.21126815418638606
rs1003,GENE_70,-0.21694275008418573,0.24951317233509474,0.21694275008418573
rs1003,GENE_71,-0.020492839729482567,0.9144037859472528,0.020492839729482567
rs1003,GENE_72,-0.21227439819733576,0.2600959589523683,0.21227439819733576
rs1003,GENE_73,-0.23785213621511941,0.20563100765335277,0.23785213621511941
rs1003,GENE_74,-0.14724978150559895,0.43745560280822376,0.14724978150559895
rs1003,GENE_75,0.01822737961966226,0.923837436077096,0.01822737961966226
rs1003,GENE_76,0.2501070962149013,0.18253690188333946,0.2501070962149013
rs1003,GENE_77,0.05726162384861974,0.7637541246579983,0.05726162384861974
rs1003,GENE_78,-0.26616760676623274,0.15511076615500857,0.26616760676623274
rs1003,GENE_79,-0.1448536857206336,0.4450310856211859,0.1448536857206336
rs1003,GENE_80,-0.15792713266529138,0.4045647877544901,0.15792713266529138
rs1003,GENE_81,0.3899959143799521,0.033129494424756295,0.3899959143799521
rs1003,GENE_82,0.13916583465357005,0.4632936073961751,0.13916583465357005
rs1003,GENE_83,0.004055597200949228,0.9830306138537983,0.004055597200949228
rs1003,GENE_84,-0.15747018366012966,0.40594304174978996,0.15747018366012966
rs1003,GENE_85,0.07199710017410488,0.7053716579294582,0.07199710017410488
rs1003,GENE_86,-0.2798035497085503,0.13425720732566845,0.2798035497085503
rs1003,GENE_87,-0.03245896088735737,0.864793648843761,0.03245896088735737
rs1003,GENE_88,0.23179209221383254,0.2177619317873749,0.23179209221383254
rs1003,GENE_89,-0.04823072647130365,0.8001965937451557,0.04823072647130365
rs1003,GENE_90,0.2608245220835916,0.16388445623919254,0.2608245220835916
rs1003,GENE_91,-0.10420872715135969,0.5836799872430063,0.10420872715135969
rs1003,GENE_92,0.19091143752999304,0.31222383295423367,0.19091143752999304
rs1003,GENE_93,0.26830518698081757,0.15169689986473953,0.26830518698081757
rs1003,GENE_94,0.008145865679509107,0.9659235259846591,0.008145865679509107
rs1003,GENE_95,-0.11522476060432409,0.544302218450685,0.11522476060432409
rs1003,GENE_96,0.22458256843684687,0.23281592699822387,0.22458256843684687
rs1003,GENE_97,0.12243280920959601,0.5192321895239045,0.12243280920959601
rs1003,GENE_98,0.36258046984834136,0.0489371523441772,0.36258046984834136
rs1003,GENE_99,-0.10621664683824454,0.5764098763153661,0.10621664683824454
rs1003,GENE_100,0.4458530835779658,0.013535311653651485,0.4458530835779658
rs1004,GENE_1,-0.17776586092907123,0.34731711749498567,0.17776586092907123
rs1004,GENE_2,0.08297332865931815,0.6629050897097266,0.08297332865931815
rs1004,GENE_3,-0.06575094273874814,0.7299409937357512,0.06575094273874814
rs1004,GENE_4,0.2745927729870636,0.14196919758753532,0.2745927729870636
rs1004,GENE_5,0.27117088303671155,0.1472054907760369,0.27117088303671155
rs1004,GENE_6,0.022505350436586306,0.9060329579623797,0.022505350436586306
rs1004,GENE_7,-0.020553844111998048,0.9141499081402521,0.020553844111998048
rs1004,GENE_8,-0.03786925484501959,0.8425162599594042,0.03786925484501959
rs1004,GENE_9,0.1938364088836904,0.3047273078759186,0.1938364088836904
rs1004,GENE_10,0.12169715033876664,0.5217647716463439,0.12169715033876664
rs1004,GENE_11,0.17862636468494128,0.3449500531596896,0.17862636468494128
rs1004,GENE_12,-0.20006126627907211,0.2891527577526302,0.20006126627907211
rs1004,GENE_13,-0.16841967743383718,0.37365158425849243,0.16841967743383718
rs1004,GENE_14,0.1537850265201324,0.4171547238957967,0.1537850265201324
rs1004,GENE_15,0.21648689325574927,0.2505338390412704,0.21648689325574927
rs1004,GENE_16,-0.098643995737703,0.6040360721028353,0.098643995737703
rs1004,GENE_17,0.28057044770882195,0.1331485674996058,0.28057044770882195
rs1004,GENE_18,-0.30729366407621045,0.09856651656419944,0.30729366407621045
rs1004,GENE_19,0.21589663279534677,0.2518595243533166,0.21589663279534677
rs1004,GENE_20,-0.24798435736466817,0.18640087385174503,0.24798435736466817
rs1004,GENE_21,0.07939566873862834,0.6766424042374525,0.07939566873862834
rs1004,GENE_22,-0.022653549330957947,0.9054169191585435,0.022653549330957947
rs1004,GENE_23,0.10764621160943462,0.571258571815604,0.10764621160943462
rs1004,GENE_24,0.22200007009398015,0.2383740463288092,0.22200007009398015
rs1004,GENE_25,-0.1629514940381533,0.38958562513945283,0.1629514940381533
rs1004,GENE_26,0.002927850823846077,0.9877489000274151,0.002927850823846077
rs1004,GENE_27,-0.32152333054929966,0.08317240204421075,0.32152333054929966
rs1004,GENE_28,-0.12430666925183687,0.5128084533799083,0.12430666925183687
rs1004,GENE_29,-0.04833550000525797,0.7997712729620347,0.04833550000525797
rs1004,GENE_30,0.228545166060739,0.2244576899475635,0.228545166060739
rs1004,GENE_31,-0.2777279458459962,0.1372915483619107,0.2777279458459962
rs1004,GENE_32,0.22628310327716855,0.22920382542850207,0.22628310327716855
rs1004,GENE_33,0.3116847531014051,0.09360320992040985,0.3116847531014051
rs1004,GENE_34,0.19317698518523155,0.3064074264824673,0.19317698518523155
rs1004,GENE_35,-0.039952712874805604,0.8339681435192545,0.039952712874805604
rs1004,GENE_36,-0.2725071737954304,0.14514430015473131,0.2725071737954304
rs1004,GENE_37,0.05721098246612709,0.7639571834316834,0.05721098246612709
rs1004,GENE_38,0.02340839052558955,0.9022800087648716,0.02340839052558955
rs1004,GENE_39,-0.09403864150165661,0.6211067275945253,0.09403864150165661
rs1004,GENE_40,0.3314167315803212,0.07360507392204999,0.3314167315803212
rs1004,GENE_41,-0.14053586407493837,0.4588590018962788,0.14053586407493837
rs1004,GENE_42,0.1788972404253641,0.34420694862110807,0.1788972404253641
rs1004,GENE_43,-0.1675996872194861,0.3760163718528346,0.1675996872194861
rs1004,GENE_44,-0.14572795577951952,0.44225884052223036,0.14572795577951952
rs1004,GENE_45,0.04091659981449491,0.8300196659022605,0.04091659981449491
rs1004,GENE_46,0.11167124827933045,0.5568671448863801,0.11167124827933045
rs1004,GENE_47,-0.0753817143437086,0.6921767727313396,0.0753817143437086
rs1004,GENE_48,0.05779090391211292,0.7616327707617313,0.05779090391211292
rs1004,GENE_49,-0.015869483485690786,0.9336667487452791,0.015869483485690786
rs1004,GENE_50,-0.15924032576517438,0.40061868082917595,0.15924032576517438
rs1004,GENE_51,-0.009282976913642764,0.9611700002776403,0.009282976913642764
rs1004,GENE_52,-0.21477584244228654,0.2543894474944857,0.21477584244228654
rs1004,GENE_53,-0.13174328682557326,0.4877070652651089,0.13174328682557326
rs1004,GENE_54,-0.12159257755341235,0.5221252611852167,0.12159257755341235
rs1004,GENE_55,0.021340181614387124,0.9108782104567782,0.021340181614387124
rs1004,GENE_56,-0.15614322815303372,0.4099604090078602,0.15614322815303372
rs1004,GENE_57,-0.27048047884102205,0.14827866794502917,0.27048047884102205
rs1004,GENE_58,0.0781440989038147,0.681472513540778,0.0781440989038147
rs1004,GENE_59,-0.010353690877890651,0.9566952282226311,0.010353690877890651
rs1004,GENE_60,-0.03289922143165188,0.862976797407376,0.03289922143165188
rs1004,GENE_61,0.052121981680052984,0.784438886040404,0.052121981680052984
rs1004,GENE_62,0.01632244395002916,0.9317777156738107,0.01632244395002916
rs1004,GENE_63,0.004356046356707102,0.9817736773275582,0.004356046356707102
rs1004,GENE_64,0.07225209013556312,0.7043746024715674,0.07225209013556312
rs1004,GENE_65,-0.22323470010459895,0.2357059016657398,0.22323470010459895
rs1004,GENE_66,-0.2191338626384153,0.24464561633663676,0.2191338626384153
rs1004,GENE_67,-0.10652154813413582,0.5753094567345991,0.10652154813413582
rs1004,GENE_68,-0.239002153654338,0.20338240906076924,0.239002153654338
rs1004,GENE_69,-0.2777670378094377,0.13723394166138747,0.2777670378094377
rs1004,GENE_70,-0.06148155753953623,0.7468884553593814,0.06148155753953623
rs1004,GENE_71,-0.1107515641991727,0.5601406858393478,0.1107515641991727
rs1004,GENE_72,-0.036516621380160506,0.8480753819161118,0.036516621380160506
rs1004,GENE_73,-0.014608275733008625,0.9389283376406152,0.014608275733008625
rs1004,GENE_74,-0.13316644594922586,0.4829759457084967,0.13316644594922586
rs1004,GENE_75,0.14237777272020533,0.4529326052002374,0.14237777272020533
rs1004,GENE_76,-0.11485754433049669,0.5455944661795775,0.11485754433049669
rs1004,GENE_77,-0.13008502390880006,0.4932494287861538,0.13008502390880006
rs1004,GENE_78,2.8499056984516128e-05,0.9998807460537878,2.8499056984516128e-05
rs1004,GENE_79,-0.0038259803710356485,0.98399124858345,0.0038259803710356485
rs1004,GENE_80,0.042237653878662546,0.8246146879651536,0.042237653878662546
rs1004,GENE_81,0.13289721108544383,0.4838691729856348,0.13289721108544383
rs1004,GENE_82,0.29423726745259005,0.11449858418655805,0.29423726745259005
rs1004,GENE_83,-0.24342899331413645,0.1948848555077983,0.24342899331413645
rs1004,GENE_84,-0.14759179027468686,0.4363800632718104,0.14759179027468686
rs1004,GENE_85,0.15040202834822894,0.4275972504561429,0.15040202834822894
rs1004,GENE_86,0.1286117329821386,0.49820017502917724,0.1286117329821386
rs1004,GENE_87,-0.2218421059578632,0.2387168687630025,0.2218421059578632
rs1004,GENE_88,0.1869697796172855,0.32250605533056287,0.1869697796172855
rs1004,GENE_89,-0.21497426137017803,0.25394035017716077,0.21497426137017803
rs1004,GENE_90,0.13155983553008735,0.48831864185903734,0.13155983553008735
rs1004,GENE_91,-0.16878616859493178,0.37259747225997936,0.16878616859493178
rs1004,GENE_92,-0.09291696001374097,0.6252942846667977,0.09291696001374097
rs1004,GENE_93,-0.11606856136048695,0.5413383131697956,0.11606856136048695
rs1004,GENE_94,-0.010535498813723104,0.955935533417025,0.010535498813723104
rs1004,GENE_95,-0.39938780758649745,0.02877962658860397,0.39938780758649745
rs1004,GENE_96,-0.2932521998970629,0.11577397341152021,0.2932521998970629
rs1004,GENE_97,-0.20055466264018676,0.28794037660562133,0.20055466264018676
rs1004,GENE_98,0.15492589825467748,0.41366544916671744,0.15492589825467748
rs1004,GENE_99,-0.027875942541275567,0.883745154718809,0.027875942541275567
rs1004,GENE_100,-0.044767998849475396,0.8142841177399764,0.044767998849475396
rs1005,GENE_1,0.1749252171419955,0.3552002293830663,0.1749252171419955
rs1005,GENE_2,0.15032083944679261,0.42784961586964854,0.15032083944679261
rs1005,GENE_3,-0.01352223895476788,0.9434611654150697,0.01352223895476788
rs1005,GENE_4,-0.14190532252947363,0.45444881949872507,0.14190532252947363
rs1005,GENE_5,-0.06094133746605191,0.7490413318286927,0.06094133746605191
rs1005,GENE_6,-0.23945997340680078,0.20249197316766115,0.23945997340680078
rs1005,GENE_7,0.17923104662226466,0.34329253392131887,0.17923104662226466
rs1005,GENE_8,0.20422656408909295,0.2790196693216096,0.20422656408909295
rs1005,GENE_9,-0.34108338776987734,0.06510114484169896,0.34108338776987734
rs1005,GENE_10,0.15888157605257636,0.40169453679314143,0.15888157605257636
rs1005,GENE_11,-0.24491149114306068,0.19209497076148058,0.24491149114306068
rs1005,GENE_12,-0.36143503017577455,0.04970903470759866,0.36143503017577455
rs1005,GENE_13,-0.14336559100529458,0.44977118517098846,0.14336559100529458
rs1005,GENE_14,0.3220198348044996,0.08267065296466479,0.3220198348044996
rs1005,GENE_15,0.08560903694151585,0.6528524510134316,0.08560903694151585
rs1005,GENE_16,-0.27575538902899055,0.1402212808645826,0.27575538902899055
rs1005,GENE_17,-0.3206056741792266,0.08410588445454548,0.3206056741792266
rs1005,GENE_18,0.34385476155976036,0.06281021128551952,0.34385476155976036
rs1005,GENE_19,-0.005336482898050078,0.9776723096252333,0.005336482898050078
rs1005,GENE_20,-0.05893723591961975,0.7570440932108,0.05893723591961975
rs1005,GENE_21,-0.14370469782685943,0.4486886385969841,0.14370469782685943
rs1005,GENE_22,0.0736219112700609,0.699026613851765,0.0736219112700609
rs1005,GENE_23,0.2670248073910013,0.15373519704796137,0.2670248073910013
rs1005,GENE_24,0.041888711738885864,0.8260416011812096,0.041888711738885864
rs1005,GENE_25,0.04295306113040908,0.8216909228234982,0.04295306113040908
rs1005,GENE_26,0.0028536291564320235,0.9880594459247903,0.0028536291564320235
rs1005,GENE_27,-0.12219043759189192,0.520065915849875,0.12219043759189192
rs1005,GENE_28,0.218785594377375,0.24541505213261225,0.218785594377375
rs1005,GENE_29,0.04935666704692254,0.7956288742851811,0.04935666704692254
rs1005,GENE_30,0.1920555625609435,0.3092779488298873,0.1920555625609435
rs1005,GENE_31,0.06122567694408011,0.7479079550389891,0.06122567694408011
rs1005,GENE_32,-0.1486787131234412,0.43297152006313655,0.1486787131234412
rs1005,GENE_33,-0.18082027429811334,0.3389592173243971,0.18082027429811334
rs1005,GENE_34,-0.13005951024184922,0.49333495067132943,0.13005951024184922
rs1005,GENE_35,0.2483073402504453,0.18580930130269283,0.2483073402504453
rs1005,GENE_36,0.14160612244255705,0.45541042610429344,0.14160612244255705
rs1005,GENE_37,-0.18997450778516323,0.3146492018917569,0.18997450778516323
rs1005,GENE_38,0.19832186975362293,0.29345271860795,0.19832186975362293
rs1005,GENE_39,0.18907339642516668,0.31699286174884056,0.18907339642516668
rs1005,GENE_40,-0.29509786531200005,0.11339292667571008,0.29509786531200005
rs1005,GENE_41,0.10057170299981645,0.5969503204930668,0.10057170299981645
rs1005,GENE_42,-0.2060205836286094,0.2747265287011297,0.2060205836286094
rs1005,GENE_43,0.06624069527093325,0.7280046830552754,0.06624069527093325
rs1005,GENE_44,0.027932044958296286,0.8835127600817133,0.027932044958296286
rs1005,GENE_45,-0.1712450489786429,0.36557031966123915,0.1712450489786429
rs1005,GENE_46,0.21328804715515476,0.2577735284089165,0.21328804715515476
rs1005,GENE_47,0.019214526592323644,0.919725516889297,0.019214526592323644
rs1005,GENE_48,0.1507443913239682,0.42653396030523827,0.1507443913239682
rs1005,GENE_49,-0.06313885123380057,0.7402955379817742,0.06313885123380057
rs1005,GENE_50,-0.06522892706992985,0.7320066547216174,0.06522892706992985
rs1005,GENE_51,-0.18749153307122682,0.3211331550194651,0.18749153307122682
rs1005,GENE_52,0.009187435382410897,0.9615693495672855,0.009187435382410897
rs1005,GENE_53,0.14906843944947157,0.43175291193533605,0.14906843944947157
rs1005,GENE_54,0.05701596610903926,0.7647392915397347,0.05701596610903926
rs1005,GENE_55,0.10130170943314756,0.5942763733923062,0.10130170943314756
rs1005,GENE_56,-0.098144330996834,0.6058785190324946,0.098144330996834
rs1005,GENE_57,0.024840762187881508,0.8963314708011728,0.024840762187881508
rs1005,GENE_58,0.01363394376365269,0.9429948571122647,0.01363394376365269
rs1005,GENE_59,0.019588212426345328,0.9181694678622111,0.019588212426345328
rs1005,GENE_60,-0.13715030223786798,0.46985843976638,0.13715030223786798
rs1005,GENE_61,-0.12870788380798645,0.49787631617339645,0.12870788380798645
rs1005,GENE_62,0.04568468001327012,0.8105490345845359,0.04568468001327012
rs1005,GENE_63,0.049750343563265256,0.7940333587072156,0.049750343563265256
rs1005,GENE_64,-0.15456601334258827,0.4147643641111241,0.15456601334258827
rs1005,GENE_65,-0.2096202629857818,0.26624166723186554,0.2096202629857818
rs1005,GENE_66,0.23684439914383237,0.20761539536658496,0.23684439914383237
rs1005,GENE_67,-0.10717845758871579,0.5729417992973865,0.10717845758871579
rs1005,GENE_68,-0.14185021887134405,0.4546258372102521,0.14185021887134405
rs1005,GENE_69,0.07712636108509015,0.6854093384708559,0.07712636108509015
rs1005,GENE_70,0.12581054130678565,0.5076815407037313,0.12581054130678565
rs1005,GENE_71,0.33432538689498364,0.07096073941132705,0.33432538689498364
rs1005,GENE_72,0.1746822192680907,0.3558794927764501,0.1746822192680907
rs1005,GENE_73,0.09452929002969251,0.619278627895842,0.09452929002969251
rs1005,GENE_74,0.1680532509963863,0.37470725213231626,0.1680532509963863
rs1005,GENE_75,-0.12069960238550913,0.5252084992215422,0.12069960238550913
rs1005,GENE_76,-0.03917680160916625,0.8371494779130754,0.03917680160916625
rs1005,GENE_77,0.09988314068139244,0.5994771921885045,0.09988314068139244
rs1005,GENE_78,-0.16735580720271775,0.3767213838159204,0.16735580720271775
rs1005,GENE_79,0.1498802949374313,0.42922042081815953,0.1498802949374313
rs1005,GENE_80,0.07013214967525984,0.7126783943561091,0.07013214967525984
rs1005,GENE_81,0.2171329377755837,0.249088153883678,0.2171329377755837
rs1005,GENE_82,0.04891604234704179,0.7974156225077682,0.04891604234704179
rs1005,GENE_83,-0.1767496986325945,0.35012490884346575,0.1767496986325945
rs1005,GENE_84,0.17339332156536497,0.35949533822043506,0.17339332156536497
rs1005,GENE_85,0.2279438498722443,0.22571280777757516,0.2279438498722443
rs1005,GENE_86,0.3631919218673541,0.04852901992949946,0.3631919218673541
rs1005,GENE_87,-0.03967774340365918,0.8350952619480433,0.03967774340365918
rs1005,GENE_88,0.230801471226992,0.21979021565670734,0.230801471226992
rs1005,GENE_89,-0.09187550795512489,0.6291925862226607,0.09187550795512489
rs1005,GENE_90,0.16647873975972124,0.37926318585120883,0.16647873975972124
rs1005,GENE_91,0.1660734880515496,0.38044099311395657,0.1660734880515496
rs1005,GENE_92,-0.23903824389213507,0.20331211773735136,0.23903824389213507
rs1005,GENE_93,0.14039250559659341,0.45932197826382526,0.14039250559659341
rs1005,GENE_94,-0.10905911330343827,0.5661877581156463,0.10905911330343827
rs1005,GENE_95,0.30992678756393527,0.0955669990514483,0.30992678756393527
rs1005,GENE_96,0.11960676995399563,0.5289937422715567,0.11960676995399563
rs1005,GENE_97,0.15082343139151264,0.4262886896976436,0.15082343139151264
rs1005,GENE_98,-0.13815179689884804,0.4665903942731311,0.13815179689884804
rs1005,GENE_99,0.23476494634982042,0.21175155191017073,0.23476494634982042
rs1005,GENE_100,-0.28284563621163966,0.12989893719003587,0.28284563621163966
rs1006,GENE_1,0.20446939433333883,0.27843606015035754,0.20446939433333883
rs1006,GENE_2,-0.090552536611389,0.634158764048335,0.090552536611389
rs1006,GENE_3,0.21824087340299775,0.2466217285244563,0.21824087340299775
rs1006,GENE_4,0.18739820854865671,0.32137845631568207,0.18739820854865671
rs1006,GENE_5,0.2357776305869583,0.2097302872192055,0.2357776305869583
rs1006,GENE_6,0.19382079179942516,0.304767031053248,0.19382079179942516
rs1006,GENE_7,-0.21274274715864522,0.25902120183387206,0.21274274715864522
rs1006,GENE_8,-0.09725622612072217,0.6091591396327034,0.09725622612072217
rs1006,GENE_9,0.1521944131025881,0.4220467628802183,0.1521944131025881
rs1006,GENE_10,0.020278629982879923,0.9152953133699299,0.020278629982879923
rs1006,GENE_11,0.2539821949178341,0.17562860236796937,0.2539821949178341
rs1006,GENE_12,0.2157884519675058,0.2521029915939786,0.2157884519675058
rs1006,GENE_13,-0.026611245761235636,0.8889864180340314,0.026611245761235636
rs1006,GENE_14,-0.12623065532235336,0.5062538724282141,0.12623065532235336
rs1006,GENE_15,0.030011428132439903,0.8749061144755825,0.030011428132439903
rs1006,GENE_16,-0.02909429591632698,0.8787004940294965,0.02909429591632698
rs1006,GENE_17,0.15014483778443924,0.42839697607245936,0.15014483778443924
rs1006,GENE_18,-0.006314721277901979,0.9735806932365283,0.006314721277901979
rs1006,GENE_19,0.24708608630734358,0.18805305172873518,0.24708608630734358
rs1006,GENE_20,-0.2165121308412533,0.250477259970729,0.2165121308412533
rs1006,GENE_21,0.24716836877677598,0.1879012872383103,0.24716836877677598
rs1006,GENE_22,-0.12770841438390193,0.5012479312273382,0.12770841438390193
rs1006,GENE_23,-0.0874727036735478,0.6457800542596359,0.0874727036735478
rs1006,GENE_24,0.12153073235990665,0.5223385145609862,0.12153073235990665
rs1006,GENE_25,0.20191246616751396,0.28462071609015144,0.20191246616751396
rs1006,GENE_26,-0.018217713147263025,0.9238777110460483,0.018217713147263025
rs1006,GENE_27,-0.19796617849030362,0.2943369900871035,0.19796617849030362
rs1006,GENE_28,0.07198971434568774,0.7054005449515217,0.07198971434568774
rs1006,GENE_29,0.16697908269407638,0.3778119381014233,0.16697908269407638
rs1006,GENE_30,0.0054298253513304,0.97728186642052,0.0054298253513304
rs1006,GENE_31,-0.019425845517841347,0.9188455368229215,0.019425845517841347
rs1006,GENE_32,-0.3217779132024997,0.08291483969039579,0.3217779132024997
rs1006,GENE_33,0.25006924654490903,0.1826053033501962,0.25006924654490903
rs1006,GENE_34,0.054981870340392314,0.7729103705624351,0.054981870340392314
rs1006,GENE_35,0.2688162375385307,0.15088879023209928,0.2688162375385307
rs1006,GENE_36,-0.017947037858595583,0.9250055433091475,0.017947037858595583
rs1006,GENE_37,0.3573559185952188,0.05253649526499145,0.3573559185952188
rs1006,GENE_38,0.26069412146158033,0.164102908489017,0.26069412146158033
rs1006,GENE_39,0.0678429396762083,0.7216814820906293,0.0678429396762083
rs1006,GENE_40,-0.03720605683758921,0.8452409949843468,0.03720605683758921
rs1006,GENE_41,0.2598677036223032,0.1654921783126307,0.2598677036223032
rs1006,GENE_42,0.11946969794162489,0.5294694428325151,0.11946969794162489
rs1006,GENE_43,0.08840727300753205,0.6422447884364967,0.08840727300753205
rs1006,GENE_44,-0.06030345103036427,0.7515858080815069,0.06030345103036427
rs1006,GENE_45,-0.09204548783781398,0.6285556565349818,0.09204548783781398
rs1006,GENE_46,-0.08206527945386309,0.6663818514703265,0.08206527945386309
rs1006,GENE_47,0.2306996948624352,0.21999932485824578,0.2306996948624352
rs1006,GENE_48,-0.05231841041213657,0.7836455990134499,0.05231841041213657
rs1006,GENE_49,-0.011170115562846781,0.953284051999166,0.011170115562846781
rs1006,GENE_50,-0.260731570866019,0.16404015056342358,0.260731570866019
rs1006,GENE_51,-0.15550365968777508,0.4119046560822206,0.15550365968777508
rs1006,GENE_52,0.003705186992187259,0.9844966137889758,0.003705186992187259
rs1006,GENE_53,0.08111424385674312,0.6700304777171295,0.08111424385674312
rs1006,GENE_54,-0.3853465198841297,0.035471585683366814,0.3853465198841297
rs1006,GENE_55,0.015848667149527755,0.9337535700686007,0.015848667149527755
rs1006,GENE_56,-0.21525870779657583,0.25329745032440637,0.21525870779657583
rs1006,GENE_57,-0.06023298118505936,0.7518670636623765,0.06023298118505936
rs1006,GENE_58,0.08029303445280436,0.6731869641604574,0.08029303445280436
rs1006,GENE_59,0.047856677236723606,0.8017154764273977,0.047856677236723606
rs1006,GENE_60,-0.05655215251654724,0.7666003142017018,0.05655215251654724
rs1006,GENE_61,0.042757210012061855,0.8224911068154853,0.042757210012061855
rs1006,GENE_62,-0.03370587854176038,0.8596496970374072,0.03370587854176038
rs1006,GENE_63,-0.10420594022890046,0.5836901058993059,0.10420594022890046
rs1006,GENE_64,-0.10482879164670195,0.581430602971851,0.10482879164670195
rs1006,GENE_65,-0.2035839830706659,0.2805678156318605,0.2035839830706659
rs1006,GENE_66,-0.2892480299467945,0.12106705680876027,0.2892480299467945
rs1006,GENE_67,-0.04242440348199814,0.8238512460185632,0.04242440348199814
rs1006,GENE_68,-0.1753612361719238,0.3539833453291392,0.1753612361719238
rs1006,GENE_69,-0.35395663761697466,0.05498848260760649,0.35395663761697466
rs1006,GENE_70,0.07476595825003532,0.6945708627727742,0.07476595825003532
rs1006,GENE_71,-0.2813645475106548,0.13200767710689812,0.2813645475106548
rs1006,GENE_72,-0.05309662764779191,0.7805048267609805,0.05309662764779191
rs1006,GENE_73,-0.013833641078636381,0.9421612729052612,0.013833641078636381
rs1006,GENE_74,0.23876912657550145,0.2038366679429526,0.23876912657550145
rs1006,GENE_75,-0.16413147844990064,0.38611458261555726,0.16413147844990064
rs1006,GENE_76,-0.10715031319452271,0.5730431486882421,0.10715031319452271
rs1006,GENE_77,0.0484296227556426,0.7993892361426265,0.0484296227556426
rs1006,GENE_78,-0.05378827019493715,0.7777162945392158,0.05378827019493715
rs1006,GENE_79,-0.057461995448255226,0.7629508373882682,0.057461995448255226
rs1006,GENE_80,-0.10928142460447922,0.5653917604537142,0.10928142460447922
rs1006,GENE_81,-0.24522204802126665,0.19151407414342395,0.24522204802126665
rs1006,GENE_82,0.05241367405542421,0.7832609486176052,0.05241367405542421
rs1006,GENE_83,-0.21382917106380625,0.25653931133263214,0.21382917106380625
rs1006,GENE_84,-0.0786671915441417,0.6794522583548207,0.0786671915441417
rs1006,GENE_85,0.34741444176205727,0.05996059966884595,0.34741444176205727
rs1006,GENE_86,-0.0071938687557554755,0.9699040958784638,0.0071938687557554755
rs1006,GENE_87,-0.23427117508354722,0.21274190323267386,0.23427117508354722
rs1006,GENE_88,-0.18091806439399397,0.3386936633080699,0.18091806439399397
rs1006,GENE_89,-0.06264026842710706,0.7422770896038906,0.06264026842710706
rs1006,GENE_90,-0.1337497162709909,0.4810437657469598,0.1337497162709909
rs1006,GENE_91,-0.15272601847241474,0.4204082493461529,0.15272601847241474
rs1006,GENE_92,-0.06624788678333322,0.7279762625129554,0.06624788678333322
rs1006,GENE_93,-0.07740284449015293,0.6843390379663619,0.07740284449015293
rs1006,GENE_94,0.14427642822041953,0.4468666468664031,0.14427642822041953
rs1006,GENE_95,0.06700371754689229,0.7249912305430807,0.06700371754689229
rs1006,GENE_96,-0.1933679551088317,0.3059202663624736,0.1933679551088317
rs1006,GENE_97,0.16723638824185094,0.37706688281449624,0.16723638824185094
rs1006,GENE_98,0.27370960574265035,0.14330751256005841,0.27370960574265035
rs1006,GENE_99,0.10764017439944412,0.5712802827273281,0.10764017439944412
rs1006,GENE_100,0.42207434376977737,0.02016201033163639,0.42207434376977737
rs1007,GENE_1,0.21263519366360312,0.2592677556456351,0.21263519366360312
rs1007,GENE_2,0.02922082165983632,0.8781768703905894,0.02922082165983632
rs1007,GENE_3,0.05091920325172976,0.7893009561008699,0.05091920325172976
rs1007,GENE_4,-0.03686863188001512,0.8466279722907201,0.03686863188001512
rs1007,GENE_5,-0.3182106710431878,0.08657994453057115,0.3182106710431878
rs1007,GENE_6,-0.1615544692908854,0.39371821510228644,0.1615544692908854
rs1007,GENE_7,0.20139535885450566,0.2858820812522955,0.20139535885450566
rs1007,GENE_8,0.2973344189915374,0.11055669028838945,0.2973344189915374
rs1007,GENE_9,-0.2678102686865715,0.15248246463615747,0.2678102686865715
rs1007,GENE_10,0.3435633943013246,0.06304806204713215,0.3435633943013246
rs1007,GENE_11,0.0007954765684015614,0.9966713474005421,0.0007954765684015614
rs1007,GENE_12,0.3888108551458081,0.03371423142766026,0.3888108551458081
rs1007,GENE_13,0.19011350711290706,0.3142886458719376,0.19011350711290706
rs1007,GENE_14,-0.08050209423555185,0.6723828809958411,0.08050209423555185
rs1007,GENE_15,0.1752226741835353,0.3543697873134955,0.1752226741835353
rs1007,GENE_16,0.012280467640463203,0.9486461011007051,0.012280467640463203
rs1007,GENE_17,-0.28157632596604704,0.13170462584172973,0.28157632596604704
rs1007,GENE_18,-0.03173676406245259,0.8677754444088674,0.03173676406245259
rs1007,GENE_19,0.0010223361906700546,0.995722066403247,0.0010223361906700546
rs1007,GENE_20,0.253073147487531,0.1772323956378017,0.253073147487531
rs1007,GENE_21,-0.1617817779558355,0.3930441017439677,0.1617817779558355
rs1007,GENE_22,-0.22778717260797626,0.2260406138804953,0.22778717260797626
rs1007,GENE_23,0.19330196986059306,0.306088538384107,0.19330196986059306
rs1007,GENE_24,0.09836494445682802,0.6050647432116515,0.09836494445682802
rs1007,GENE_25,0.26219190190333636,0.16160622954382303,0.26219190190333636
rs1007,GENE_26,0.2848309336318253,0.12711122089596305,0.2848309336318253
rs1007,GENE_27,0.2715795975442472,0.1465728281640544,0.2715795975442472
rs1007,GENE_28,-0.14239582316555727,0.4528747302771486,0.14239582316555727
rs1007,GENE_29,0.13527197160704624,0.47601984447371604,0.13527197160704624
rs1007,GENE_30,-0.1442062186455044,0.44709017635351467,0.1442062186455044
rs1007,GENE_31,0.34888908043368305,0.05881022524342171,0.34888908043368305
rs1007,GENE_32,-0.24962773539569058,0.18340452391659884,0.24962773539569058
rs1007,GENE_33,0.28100881416604667,0.13251787400732,0.28100881416604667
rs1007,GENE_34,-0.14003789460592986,0.46046825661755186,0.14003789460592986
rs1007,GENE_35,-0.24109974354007865,0.19932474621819127,0.24109974354007865
rs1007,GENE_36,-0.2558276980767617,0.17240418793360723,0.2558276980767617
rs1007,GENE_37,0.18748178852056913,0.32115876293339224,0.18748178852056913
rs1007,GENE_38,0.02794221522484687,0.8834706325114627,0.02794221522484687
rs1007,GENE_39,-0.27174826044191613,0.14631232315848605,0.27174826044191613
rs1007,GENE_40,-0.07545942004198122,0.6918748550839131,0.07545942004198122
rs1007,GENE_41,-0.23364681447963556,0.21399869558936796,0.23364681447963556
rs1007,GENE_42,0.2579698902886221,0.16871415792061245,0.2579698902886221
rs1007,GENE_43,-0.1402393940508999,0.4598167251764879,0.1402393940508999
rs1007,GENE_44,0.19163457936858264,0.3103598675157133,0.19163457936858264
rs1007,GENE_45,0.16254600031690575,0.39078255389102107,0.16254600031690575
rs1007,GENE_46,-0.18749220655493762,0.32113138520373713,0.18749220655493762
rs1007,GENE_47,-0.06533346527812427,0.7315928404669595,0.06533346527812427
rs1007,GENE_48,-0.041928997536751965,0.8258768344753857,0.041928997536751965
rs1007,GENE_49,-0.06839411095417738,0.719510429437686,0.06839411095417738
rs1007,GENE_50,0.15210087261230354,0.42233543888710257,0.15210087261230354
rs1007,GENE_51,-0.10392533759710583,0.584709302844199,0.10392533759710583
rs1007,GENE_52,-0.2069246282015511,0.2725793697138995,0.2069246282015511
rs1007,GENE_53,-0.05252663744547007,0.7828048960352567,0.05252663744547007
rs1007,GENE_54,0.18600340050507602,0.3250584504048664,0.18600340050507602
rs1007,GENE_55,-0.13197294876823581,0.4869419861050082,0.13197294876823581
rs1007,GENE_56,-0.12518227385271513,0.5098202953231677,0.12518227385271513
rs1007,GENE_57,-0.16187622227631684,0.39276420936367135,0.16187622227631684
rs1007,GENE_58,0.041445777092442564,0.8278536556944361,0.041445777092442564
rs1007,GENE_59,0.02824018850468616,0.8822364977611518,0.02824018850468616
rs1007,GENE_60,-0.13188475227528249,0.48723572500216045,0.13188475227528249
rs1007,GENE_61,0.2788206294394122,0.13568797691494278,0.2788206294394122
rs1007,GENE_62,-0.27522487122519884,0.1410169283302628,0.27522487122519884
rs1007,GENE_63,-0.20367163611016148,0.28035631233398645,0.20367163611016148
rs1007,GENE_64,0.2121914857741667,0.26028652808108454,0.2121914857741667
rs1007,GENE_65,0.16270315027112467,0.3903184312519476,0.16270315027112467
rs1007,GENE_66,0.21736726414273635,0.24856515549691055,0.21736726414273635
rs1007,GENE_67,0.22465984213854323,0.23265096723559925,0.22465984213854323
rs1007,GENE_68,0.14126602421849016,0.45650478962606655,0.14126602421849016
rs1007,GENE_69,0.025519647590375158,0.8935140112090456,0.025519647590375158
rs1007,GENE_70,-0.16265108624222618,0.3904721607282231,0.16265108624222618
rs1007,GENE_71,0.1781243394020054,0.3463298344516097,0.1781243394020054
rs1007,GENE_72,0.23319573638676933,0.21490982613815038,0.23319573638676933
rs1007,GENE_73,0.0008856292445903778,0.9962941081255957,0.0008856292445903778
rs1007,GENE_74,-0.2523086520612276,0.1785891207471015,0.2523086520612276
rs1007,GENE_75,0.09897777487715075,0.6028066330724715,0.09897777487715075
rs1007,GENE_76,0.05243584161307435,0.7831714488281359,0.05243584161307435
rs1007,GENE_77,-0.1718880699897555,0.3637456383356963,0.1718880699897555
rs1007,GENE_78,-0.16025114838850826,0.3975961366168612,0.16025114838850826
rs1007,GENE_79,-0.18139458585411639,0.3374014517043041,0.18139458585411639
rs1007,GENE_80,0.42372607727245976,0.01962852985575662,0.42372607727245976
rs1007,GENE_81,-0.06326682715740767,0.7397871765992097,0.06326682715740767
rs1007,GENE_82,-0.1594707393340197,0.39992855658379217,0.1594707393340197
rs1007,GENE_83,0.29615632119659435,0.1120439935719573,0.29615632119659435
rs1007,GENE_84,0.30821997339077456,0.09750332184229979,0.30821997339077456
rs1007,GENE_85,0.01749347075547355,0.9268957557292813,0.01749347075547355
rs1007,GENE_86,-0.12624239282863198,0.5062140136910349,0.12624239282863198
rs1007,GENE_87,-0.24180410421683987,0.19797483031081264,0.24180410421683987
rs1007,GENE_88,-0.2596295956920984,0.16589400296634665,0.2596295956920984
rs1007,GENE_89,0.0378304260947743,0.8426757382643582,0.0378304260947743
rs1007,GENE_90,-0.19010582075248442,0.31430857712474636,0.19010582075248442
rs1007,GENE_91,0.06331021942879744,0.7396148329704445,0.06331021942879744
rs1007,GENE_92,-0.015335826447946363,0.9358927724001214,0.015335826447946363
rs1007,GENE_93,0.3492165119908348,0.05855715901230166,0.3492165119908348
rs1007,GENE_94,-0.27655602168108706,0.13902671369155903,0.27655602168108706
rs1007,GENE_95,0.09321389365250694,0.6241846266762303,0.09321389365250694
rs1007,GENE_96,0.1269122727326552,0.503941794800969,0.1269122727326552
rs1007,GENE_97,0.05505779161200434,0.7726049566107255,0.05505779161200434
rs1007,GENE_98,0.23923466315667555,0.20292985391401602,0.23923466315667555
rs1007,GENE_99,0.1267368908203286,0.5045361945786364,0.1267368908203286
rs1007,GENE_100,0.16317916292530824,0.3889145214216157,0.16317916292530824
rs1008,GENE_1,0.1571177523443879,0.40700785644433995,0.1571177523443879
rs1008,GENE_2,0.11767912842993965,0.5357023318766198,0.11767912842993965
rs1008,GENE_3,-0.016833913145924286,0.9296451140223463,0.016833913145924286
rs1008,GENE_4,-0.12354139532818384,0.5154271333811383,0.12354139532818384
rs1008,GENE_5,-0.004646984645786385,0.9805565704809687,0.004646984645786385
rs1008,GENE_6,0.12911602965350974,0.4965027637671904,0.12911602965350974
rs1008,GENE_7,0.11095963117252285,0.559399317234506,0.11095963117252285
rs1008,GENE_8,0.10920306045868379,0.5656722895076634,0.10920306045868379
rs1008,GENE_9,-0.07049562143968356,0.7112523584856807,0.07049562143968356
rs1008,GENE_10,0.17767042969409472,0.3475802289551787,0.17767042969409472
rs1008,GENE_11,-0.03560229662826338,0.8518371880113638,0.03560229662826338
rs1008,GENE_12,0.0379843934504354,0.8420433960423321,0.0379843934504354
rs1008,GENE_13,-0.06029377772052727,0.7516244138465907,0.06029377772052727
rs1008,GENE_14,0.10306188802219217,0.5878503954601875,0.10306188802219217
rs1008,GENE_15,-0.10361939690715011,0.5858214224490503,0.10361939690715011
rs1008,GENE_16,-0.23665989752144853,0.20798012403362184,0.23665989752144853
rs1008,GENE_17,-0.1815143323705626,0.3370771994652722,0.1815143323705626
rs1008,GENE_18,0.050956160443284555,0.789151445061671,0.050956160443284555
rs1008,GENE_19,0.192771226889654,0.30744411908922714,0.192771226889654
rs1008,GENE_20,-0.25970133742368356,0.16577286057729665,0.25970133742368356
rs1008,GENE_21,0.21467752114539831,0.254612179296473,0.21467752114539831
rs1008,GENE_22,-0.12030692375779217,0.5265671102737524,0.12030692375779217
rs1008,GENE_23,0.24068504065548138,0.20012249550646205,0.24068504065548138
rs1008,GENE_24,0.3012748368487001,0.10568904949723389,0.3012748368487001
rs1008,GENE_25,0.18463575822747116,0.32869182552897214,0.18463575822747116
rs1008,GENE_26,-0.21140362910172558,0.2621019248832917,0.21140362910172558
rs1008,GENE_27,-0.21250500367784095,0.2595664064520017,0.21250500367784095
rs1008,GENE_28,-0.055554203378207316,0.7706088277735373,0.055554203378207316
rs1008,GENE_29,0.2861425469371937,0.12529377411822354,0.2861425469371937
rs1008,GENE_30,-0.008745685055643078,0.9634159167814021,0.008745685055643078
rs1008,GENE_31,0.23539862589700242,0.21048520879252328,0.23539862589700242
rs1008,GENE_32,-0.2219625421256278,0.23845546182053437,0.2219625421256278
rs1008,GENE_33,-0.30290444060893046,0.10372363975209417,0.30290444060893046
rs1008,GENE_34,-0.16177933745545556,0.39305133585210317,0.16177933745545556
rs1008,GENE_35,0.20887897921917248,0.26797485884948624,0.20887897921917248
rs1008,GENE_36,-0.1182463130064777,0.5337242147662205,0.1182463130064777
rs1008,GENE_37,-0.11226642240995466,0.5547533789399047,0.11226642240995466
rs1008,GENE_38,0.05756552794161781,0.7625358713756395,0.05756552794161781
rs1008,GENE_39,0.17106041218136056,0.36609525417433403,0.17106041218136056
rs1008,GENE_40,-0.05631573446903519,0.7675494173241622,0.05631573446903519
rs1008,GENE_41,0.04045777935156596,0.831898683458886,0.04045777935156596
rs1008,GENE_42,0.2182663488205132,0.24656520746855853,0.2182663488205132
rs1008,GENE_43,0.04958764707044849,0.7946926463438736,0.04958764707044849
rs1008,GENE_44,-0.1516974060784928,0.42358183247079945,0.1516974060784928
rs1008,GENE_45,0.11407727953193812,0.5483450131918998,0.11407727953193812
rs1008,GENE_46,0.21148090813857037,0.2619234920425871,0.21148090813857037
rs1008,GENE_47,-0.07516334151669987,0.6930254857808771,0.07516334151669987
rs1008,GENE_48,0.44794504263621515,0.013051849510942489,0.44794504263621515
rs1008,GENE_49,0.2016268050678398,0.28531708038855413,0.2016268050678398
rs1008,GENE_50,-0.12801964002320448,0.5001968170350599,0.12801964002320448
rs1008,GENE_51,-0.0530465616178139,0.780706784723729,0.0530465616178139
rs1008,GENE_52,-0.2958721311788484,0.11240499474824792,0.2958721311788484
rs1008,GENE_53,0.13584942836676536,0.47412119500785455,0.13584942836676536
rs1008,GENE_54,-0.13322160115044343,0.4827930645412793,0.13322160115044343
rs1008,GENE_55,0.040779702607690566,0.8305802083601296,0.040779702607690566
rs1008,GENE_56,-0.2242691697457208,0.23348575764108168,0.2242691697457208
rs1008,GENE_57,-0.20451549605126712,0.278325349746646,0.20451549605126712
rs1008,GENE_58,0.07908103341391322,0.6778554841287773,0.07908103341391322
rs1008,GENE_59,0.006440649864736399,0.9730540252201717,0.006440649864736399
rs1008,GENE_60,0.028328222630897668,0.881871932841642,0.028328222630897668
rs1008,GENE_61,-0.16049095045406858,0.39688099682259514,0.16049095045406858
rs1008,GENE_62,0.1462175410373141,0.4407104917409331,0.1462175410373141
rs1008,GENE_63,0.2852030026285999,0.1265937027267276,0.2852030026285999
rs1008,GENE_64,-0.05180046583645462,0.7857378001323319,0.05180046583645462
rs1008,GENE_65,-0.2425427362278518,0.19656603666609565,0.2425427362278518
rs1008,GENE_66,0.09878912272090652,0.6035013818893507,0.09878912272090652
rs1008,GENE_67,0.06368109859801431,0.7381422954613723,0.06368109859801431
rs1008,GENE_68,-0.24065158636004824,0.20018694625071493,0.24065158636004824
rs1008,GENE_69,-0.1763996565076648,0.3510952643470132,0.1763996565076648
rs1008,GENE_70,-0.04305977731495248,0.8212549889333596,0.04305977731495248
rs1008,GENE_71,0.42489656658221725,0.0192575784059303,0.42489656658221725
rs1008,GENE_72,0.16430290623814012,0.38561180002687057,0.16430290623814012
rs1008,GENE_73,-0.01317245947273821,0.9449214269321521,0.01317245947273821
rs1008,GENE_74,0.16560119984974467,0.38181630915614856,0.16560119984974467
rs1008,GENE_75,0.17938882892779723,0.3428608227441712,0.17938882892779723
rs1008,GENE_76,0.12163325799021002,0.5219850107769436,0.12163325799021002
rs1008,GENE_77,-0.2883505570349422,0.12227757467344905,0.2883505570349422
rs1008,GENE_78,0.021335062527465,0.910899504771923,0.021335062527465
rs1008,GENE_79,0.2568340841088542,0.17066359840692963,0.2568340841088542
rs1008,GENE_80,-0.04721171297036944,0.8043361115547987,0.04721171297036944
rs1008,GENE_81,-0.028156464201492155,0.882583236821665,0.028156464201492155
rs1008,GENE_82,-0.20168472789885566,0.2851757923065086,0.20168472789885566
rs1008,GENE_83,-0.2815670112055506,0.13171794437789477,0.2815670112055506
rs1008,GENE_84,0.06761031160300779,0.722598436979566,0.06761031160300779
rs1008,GENE_85,0.1905929353164868,0.3130470089759835,0.1905929353164868
rs1008,GENE_86,0.13773401171325517,0.4679522459245412,0.13773401171325517
rs1008,GENE_87,-0.27055584338145555,0.148161246065162,0.27055584338145555
rs1008,GENE_88,0.13163248531258495,0.48807640055804147,0.13163248531258495
rs1008,GENE_89,-0.17032242699861758,0.3681978294942724,0.17032242699861758
rs1008,GENE_90,0.22379596704725316,0.2344995840181447,0.22379596704725316
rs1008,GENE_91,0.1791722723346911,0.34345343124213784,0.1791722723346911
rs1008,GENE_92,0.06321063726011375,0.7400103676607822,0.06321063726011375
rs1008,GENE_93,0.11989143689645743,0.5280064792386178,0.11989143689645743
rs1008,GENE_94,0.060138230987377944,0.7522452748210694,0.060138230987377944
rs1008,GENE_95,0.13556136149392878,0.4750678526594729,0.13556136149392878
rs1008,GENE_96,0.26638113029314936,0.15476729710165002,0.26638113029314936
rs1008,GENE_97,0.0314920412240374,0.8687862580268054,0.0314920412240374
rs1008,GENE_98,0.15697172185986746,0.40744952512465193,0.15697172185986746
rs1008,GENE_99,0.21235293113997206,0.25991553998373357,0.21235293113997206
rs1008,GENE_100,-0.09773175909568516,0.6074016121845226,0.09773175909568516
rs1009,GENE_1,-0.010946388753782042,0.954218746815006,0.010946388753782042
rs1009,GENE_2,0.08070376409648464,0.6716075563593761,0.08070376409648464
rs1009,GENE_3,-0.16708399782145342,0.377508041851938,0.16708399782145342
rs1009,GENE_4,-0.10490575108238266,0.5811516877385293,0.10490575108238266
rs1009,GENE_5,-0.3763988973757701,0.040353857839693114,0.3763988973757701
rs1009,GENE_6,0.1360024182733766,0.4736188317452232,0.1360024182733766
rs1009,GENE_7,0.20805740830098865,0.2699043113807098,0.20805740830098865
rs1009,GENE_8,-0.2714368478698442,0.1467935712756031,0.2714368478698442
rs1009,GENE_9,-0.21475054264096466,0.2544467480628815,0.21475054264096466
rs1009,GENE_10,-0.026160916777677543,0.8908538291475294,0.026160916777677543
rs1009,GENE_11,0.012627944619057545,0.9471950173661675,0.012627944619057545
rs1009,GENE_12,0.12097683143298886,0.5242503492469781,0.12097683143298886
rs1009,GENE_13,-0.15313913524422487,0.4191373837050315,0.15313913524422487
rs1009,GENE_14,0.1306020711075542,0.49151790378771354,0.1306020711075542
rs1009,GENE_15,-0.1061235913427982,0.5767459098247476,0.1061235913427982
rs1009,GENE_16,-0.09339728479914905,0.6234996855967491,0.09339728479914905
rs1009,GENE_17,-0.0022544808487029574,0.9905663609315154,0.0022544808487029574
rs1009,GENE_18,-0.23706627060173333,0.20717737385809526,0.23706627060173333
rs1009,GENE_19,0.042933921431897,0.8217691136914326,0.042933921431897
rs1009,GENE_20,0.35171362779622894,0.056655182645984584,0.35171362779622894
rs1009,GENE_21,0.1422656284652669,0.4532922603929923,0.1422656284652669
rs1009,GENE_22,0.05275740974333394,0.7818734481049074,0.05275740974333394
rs1009,GENE_23,0.20939451815906723,0.2667687059297925,0.20939451815906723
rs1009,GENE_24,0.3631009349442656,0.04858958030306093,0.3631009349442656
rs1009,GENE_25,-0.022934935549859006,0.9042473905488776,0.022934935549859006
rs1009,GENE_26,0.02988284796276944,0.875437917290415,0.02988284796276944
rs1009,GENE_27,0.07842399636215452,0.6803912417102566,0.07842399636215452
rs1009,GENE_28,-0.12207868820608592,0.5204505386095467,0.12207868820608592
rs1009,GENE_29,-0.31007706459896317,0.0953979189611127,0.31007706459896317
rs1009,GENE_30,-0.25670357466307747,0.17088861540761027,0.25670357466307747
rs1009,GENE_31,-0.03264418895427833,0.8640291734174198,0.03264418895427833
rs1009,GENE_32,-0.22894979539149485,0.22361577207892328,0.22894979539149485
rs1009,GENE_33,-0.1950892338886042,0.3015512414315602,0.1950892338886042
rs1009,GENE_34,0.12428501538421494,0.5128824602368286,0.12428501538421494
rs1009,GENE_35,-0.18046419558879032,0.339927233965252,0.18046419558879032
rs1009,GENE_36,-0.2181129742646235,0.24690562171945815,0.2181129742646235
rs1009,GENE_37,-0.13880931323862047,0.46445131031615156,0.13880931323862047
rs1009,GENE_38,-0.2635231343529345,0.15941002798506762,0.2635231343529345
rs1009,GENE_39,-0.11906339903496124,0.5308806867424622,0.11906339903496124
rs1009,GENE_40,-0.15554267700939708,0.41178589808057137,0.15554267700939708
rs1009,GENE_41,-0.12032945901589188,0.526489095690163,0.12032945901589188
rs1009,GENE_42,-0.02417481190514225,0.8990964495070202,0.02417481190514225
rs1009,GENE_43,-0.2936912803435318,0.11520418873963142,0.2936912803435318
rs1009,GENE_44,0.14413353624216652,0.44732164201151003,0.14413353624216652
rs1009,GENE_45,-0.10619192559271902,0.576499138904128,0.10619192559271902
rs1009,GENE_46,0.0408920932601986,0.830120005003346,0.0408920932601986
rs1009,GENE_47,-0.29441709327587573,0.11426689202201494,0.29441709327587573
rs1009,GENE_48,0.29630462264677615,0.11185595255370392,0.29630462264677615
rs1009,GENE_49,-0.23074236025875008,0.2199116483337199,0.23074236025875008
rs1009,GENE_50,0.3015987359919256,0.10529619980314268,0.3015987359919256
rs1009,GENE_51,0.07740322125845298,0.684337579859213,0.07740322125845298
rs1009,GENE_52,-0.33563499744622555,0.06979444411706776,0.33563499744622555
rs1009,GENE_53,-0.16204832520656393,0.3922544639823434,0.16204832520656393
rs1009,GENE_54,0.050722165282326405,0.7900982007196589,0.050722165282326405
rs1009,GENE_55,-0.0029331516352244314,0.9877267213248858,0.0029331516352244314
rs1009,GENE_56,0.008236608961561982,0.9655441429354269,0.008236608961561982
rs1009,GENE_57,-0.2521361144147358,0.1788963249538227,0.2521361144147358
rs1009,GENE_58,0.08032259737975345,0.673073238129873,0.08032259737975345
rs1009,GENE_59,-0.26777947399446955,0.15253144037312846,0.26777947399446955
rs1009,GENE_60,-0.0642776436308276,0.7357756809835725,0.0642776436308276
rs1009,GENE_61,0.17077344097880767,0.36691201387993777,0.17077344097880767
rs1009,GENE_62,-0.35139644764568817,0.05689403940308432,0.35139644764568817
rs1009,GENE_63,0.3065212508622317,0.09945974231934233,0.3065212508622317
rs1009,GENE_64,0.3273305279736554,0.0774477972568237,0.3273305279736554
rs1009,GENE_65,0.03150276021354822,0.8687419795994102,0.03150276021354822
rs1009,GENE_66,0.4736762863263491,0.008192043299898704,0.4736762863263491
rs1009,GENE_67,0.2952132742878903,0.11324526098734163,0.2952132742878903
rs1009,GENE_68,-0.009613602022052416,0.9597881085252709,0.009613602022052416
rs1009,GENE_69,0.3449901546507992,0.06189004187340557,0.3449901546507992
rs1009,GENE_70,-0.28683503930978804,0.12434197340300766,0.28683503930978804
rs1009,GENE_71,0.3131329385651209,0.09200857677439275,0.3131329385651209
rs1009,GENE_72,0.3506882212589789,0.057430236219026175,0.3506882212589789
rs1009,GENE_73,-0.03379671358960402,0.8592751894634044,0.03379671358960402
rs1009,GENE_74,-0.2853155771706044,0.1264374264739211,0.2853155771706044
rs1009,GENE_75,0.24216067525028273,0.1972938729888108,0.24216067525028273
rs1009,GENE_76,0.1389711081253895,0.46392573848531105,0.1389711081253895
rs1009,GENE_77,-0.2962459040571472,0.11193037750313796,0.2962459040571472
rs1009,GENE_78,-0.29730336800714446,0.11059570091244343,0.29730336800714446
rs1009,GENE_79,-0.025897357934990532,0.8919470134712694,0.025897357934990532
rs1009,GENE_80,-0.0700150614107651,0.7131379780152935,0.0700150614107651
rs1009,GENE_81,0.1000881516214764,0.5987243686441791,0.1000881516214764
rs1009,GENE_82,-0.25880183341932106,0.16729630898051798,0.25880183341932106
rs1009,GENE_83,0.029660369054727232,0.876358207286224,0.029660369054727232
rs1009,GENE_84,0.022620617089424457,0.9055538085164957,0.022620617089424457
rs1009,GENE_85,0.25060107642994217,0.18164583265783255,0.25060107642994217
rs1009,GENE_86,-0.06928509878858047,0.7160053719012245,0.06928509878858047
rs1009,GENE_87,-0.17037084585836268,0.36805966314183725,0.17037084585836268
rs1009,GENE_88,0.18511470650126796,0.32741659674301876,0.18511470650126796
rs1009,GENE_89,-0.004061191152152457,0.9830072110466505,0.004061191152152457
rs1009,GENE_90,0.16351016704573315,0.38794000202594414,0.16351016704573315
rs1009,GENE_91,-0.1793843807962288,0.34287298886710244,0.1793843807962288
rs1009,GENE_92,0.11934710806228564,0.5298950580804676,0.11934710806228564
rs1009,GENE_93,0.2502781524977864,0.18222799496332953,0.2502781524977864
rs1009,GENE_94,0.10034440806895861,0.5977839361567816,0.10034440806895861
rs1009,GENE_95,-0.1364338735131121,0.47220358119044836,0.1364338735131121
rs1009,GENE_96,0.25254027315815225,0.17817730162644127,0.25254027315815225
rs1009,GENE_97,0.2007828706868349,0.28738071801010157,0.2007828706868349
rs1009,GENE_98,-0.10267039008527568,0.5892770287914932,0.10267039008527568
rs1009,GENE_99,0.1256463811431946,0.5082399464353436,0.1256463811431946
rs1009,GENE_100,0.04607250938189578,0.8089700176900002,0.04607250938189578
rs1010,GENE_1,-0.05081405769717716,0.7897263645928541,0.05081405769717716
rs1010,GENE_2,-0.22954658965395566,0.22237791455198747,0.22954658965395566
rs1010,GENE_3,0.024344382015637114,0.8983922951768174,0.024344382015637114
rs1010,GENE_4,0.2515960206185296,0.17986036577393952,0.2515960206185296
rs1010,GENE_5,0.22072758734025988,0.24114500176090273,0.22072758734025988
rs1010,GENE_6,-0.023670909708793535,0.9011893874597315,0.023670909708793535
rs1010,GENE_7,-0.019194791691404346,0.919807702265717,0.019194791691404346
rs1010,GENE_8,-0.2220820569088519,0.23819624359215502,0.2220820569088519
rs1010,GENE_9,0.21419616206203035,0.255704474424071,0.21419616206203035
rs1010,GENE_10,-0.32311632683992647,0.08157079427777798,0.32311632683992647
rs1010,GENE_11,-0.011326570433827165,0.9526304445949211,0.011326570433827165
rs1010,GENE_12,0.21611667761502984,0.2513647790429367,0.21611667761502984
rs1010,GENE_13,-0.3228084717544212,0.08187845528693186,0.3228084717544212
rs1010,GENE_14,-0.004603857351948875,0.9807369859147049,0.004603857351948875
rs1010,GENE_15,-0.19955705308143182,0.2903950712833628,0.19955705308143182
rs1010,GENE_16,0.18231990820339505,0.33490076846535066,0.18231990820339505
rs1010,GENE_17,-0.046709859039317785,0.8063766975769802,0.046709859039317785
rs1010,GENE_18,0.09852177517162826,0.6044865243167785,0.09852177517162826
rs1010,GENE_19,-0.030127008689958407,0.8744281231442904,0.030127008689958407
rs1010,GENE_20,-0.04896582904746467,0.797213685266104,0.04896582904746467
rs1010,GENE_21,0.13534817863403684,0.4757690540972917,0.13534817863403684
rs1010,GENE_22,-0.05765570707981919,0.7621744791768693,0.05765570707981919
rs1010,GENE_23,-0.1211509951358577,0.5236488437436224,0.1211509951358577
rs1010,GENE_24,-0.24853245323137918,0.1853977630085087,0.24853245323137918
rs1010,GENE_25,-0.16147468813160598,0.3939549732684427,0.16147468813160598
rs1010,GENE_26,-0.16610187360061252,0.38035842538693443,0.16610187360061252
rs1010,GENE_27,0.2918517363703018,0.11760531163182175,0.2918517363703018
rs1010,GENE_28,-0.20925052714614112,0.26710523088866694,0.20925052714614112
rs1010,GENE_29,0.18375118094425727,0.3310550550498789,0.18375118094425727
rs1010,GENE_30,-0.15767292943550354,0.40533119117860883,0.15767292943550354
rs1010,GENE_31,0.031196197374880427,0.870008494622419,0.031196197374880427
rs1010,GENE_32,0.03106257810352287,0.8705606199663529,0.03106257810352287
rs1010,GENE_33,-0.17006061306097786,0.3689454610477379,0.17006061306097786
rs1010,GENE_34,-0.13944932241561028,0.46237414681739475,0.13944932241561028
rs1010,GENE_35,-0.25197178288330985,0.1791892633431244,0.25197178288330985
rs1010,GENE_36,0.3190998465507515,0.08565501892424952,0.3190998465507515
rs1010,GENE_37,-0.03660806857018721,0.8476993192582253,0.03660806857018721
rs1010,GENE_38,-0.19556248450427574,0.30035693400677116,0.19556248450427574
rs1010,GENE_39,-0.025017748337498855,0.8955968355794454,0.025017748337498855
rs1010,GENE_40,0.11944599356911942,0.5295517283463429,0.11944599356911942
rs1010,GENE_41,0.10293706223808456,0.5883051013781079,0.10293706223808456
rs1010,GENE_42,0.031437385609385846,0.8690120376554463,0.031437385609385846
rs1010,GENE_43,0.39285968842440955,0.03175024612694189,0.39285968842440955
rs1010,GENE_44,-0.011749192056634735,0.9508650480897536,0.011749192056634735
rs1010,GENE_45,0.14769652005334577,0.4360510003418554,0.14769652005334577
rs1010,GENE_46,0.02591985324626598,0.8918537002439876,0.02591985324626598
rs1010,GENE_47,0.03912926920005895,0.837344449185429,0.03912926920005895
rs1010,GENE_48,-0.05890920631732561,0.7571561977216291,0.05890920631732561
rs1010,GENE_49,0.30504520927627543,0.10118360619002822,0.30504520927627543
rs1010,GENE_50,-0.13225546537444735,0.4860016721439374,0.13225546537444735
rs1010,GENE_51,0.12488325413687891,0.5108397843711019,0.12488325413687891
rs1010,GENE_52,0.2993669953909684,0.10802535625661341,0.2993669953909684
rs1010,GENE_53,-0.06391073247059094,0.7372310125028096,0.06391073247059094
rs1010,GENE_54,-0.3336881825553409,0.07153364543855917,0.3336881825553409
rs1010,GENE_55,0.0925899307828937,0.6265173409987024,0.0925899307828937
rs1010,GENE_56,0.026201016083882468,0.8906875231512289,0.026201016083882468
rs1010,GENE_57,0.19963014648188815,0.29021476891045034,0.19963014648188815
rs1010,GENE_58,-0.06577610719541947,0.7298414624614055,0.06577610719541947
rs1010,GENE_59,0.2319026109445196,0.21753643741673284,0.2319026109445196
rs1010,GENE_60,0.2934750016262252,0.11548458764603076,0.2934750016262252
rs1010,GENE_61,0.10484686843032962,0.581365084046351,0.10484686843032962
rs1010,GENE_62,0.02979993857650077,0.875780855652022,0.02979993857650077
rs1010,GENE_63,0.10009064046763647,0.5987152318078663,0.10009064046763647
rs1010,GENE_64,-0.017108594560123355,0.9285000094595888,0.017108594560123355
rs1010,GENE_65,0.25307461074405696,0.17722980582150588,0.25307461074405696
rs1010,GENE_66,0.04225871303206314,0.8245285892075073,0.04225871303206314
rs1010,GENE_67,0.13274793680038038,0.48436477769857134,0.13274793680038038
rs1010,GENE_68,0.23372335890177576,0.2138443456295448,0.23372335890177576
rs1010,GENE_69,0.028083250598636252,0.8828864638963905,0.028083250598636252
rs1010,GENE_70,0.19497870631527767,0.30183060151860985,0.19497870631527767
rs1010,GENE_71,-0.09887522236008386,0.6031842607544441,0.09887522236008386
rs1010,GENE_72,-0.07129476505449941,0.7081203810164004,0.07129476505449941
rs1010,GENE_73,-0.017384366633177897,0.9273504988921171,0.017384366633177897
rs1010,GENE_74,-0.16052260963421772,0.3967866373921984,0.16052260963421772
rs1010,GENE_75,-0.027774642508389905,0.8841647966668095,0.027774642508389905
rs1010,GENE_76,-0.06017444167167428,0.7521007272136001,0.06017444167167428
rs1010,GENE_77,0.20921561170478872,0.26718687417855896,0.20921561170478872
rs1010,GENE_78,0.22541431275466942,0.23104448201706576,0.22541431275466942
rs1010,GENE_79,0.10854673350926479,0.5680242950992508,0.10854673350926479
rs1010,GENE_80,-0.32510656006046207,0.07960315607128035,0.32510656006046207
rs1010,GENE_81,-0.11123177814975113,0.558430303536692,0.11123177814975113
rs1010,GENE_82,0.08795350025769852,0.6439603579126053,0.08795350025769852
rs1010,GENE_83,0.1272415480900688,0.5028267677328491,0.1272415480900688
rs1010,GENE_84,0.02487047175158012,0.8962081462724951,0.02487047175158012
rs1010,GENE_85,0.028975148394582748,0.8791936289439861,0.028975148394582748
rs1010,GENE_86,-0.2517809690302628,0.17952983205927744,0.2517809690302628
rs1010,GENE_87,0.17082006870058244,0.36677923194070394,0.17082006870058244
rs1010,GENE_88,-0.15067473910821838,0.4267501637624761,0.15067473910821838
rs1010,GENE_89,0.18358464990868928,0.33150111691404804,0.18358464990868928
rs1010,GENE_90,-0.05682085816543565,0.7655219939868992,0.05682085816543565
rs1010,GENE_91,-0.012934486607612943,0.9459150178002197,0.012934486607612943
rs1010,GENE_92,0.17998052842723822,0.34124478557251975,0.17998052842723822
rs1010,GENE_93,0.06146127588124908,0.7469692478939969,0.06146127588124908
rs1010,GENE_94,0.08456460006259248,0.6568289500766973,0.08456460006259248
rs1010,GENE_95,0.21919164651001477,0.24451810828727527,0.21919164651001477
rs1010,GENE_96,0.20522929265790033,0.27661482532571263,0.20522929265790033
rs1010,GENE_97,-0.019129433164014994,0.9200798915818483,0.019129433164014994
rs1010,GENE_98,0.07188048633767972,0.7058277980236223,0.07188048633767972
rs1010,GENE_99,0.13275079574460447,0.4843552832914072,0.13275079574460447
rs1010,GENE_100,0.19304313802201517,0.30674915714437145,0.19304313802201517
rs1011,GENE_1,-0.24160754722307237,0.1983508966632399,0.24160754722307237
rs1011,GENE_2,-0.241484053252988,0.19858742621060163,0.241484053252988
rs1011,GENE_3,-0.11672594489182066,0.539034503653596,0.11672594489182066
rs1011,GENE_4,-0.20355780160530604,0.28063101032698345,0.20355780160530604
rs1011,GENE_5,-0.32904716299027115,0.07581506605221609,0.32904716299027115
rs1011,GENE_6,-0.22657944401700955,0.22857824780208247,0.22657944401700955
rs1011,GENE_7,0.3034256130739918,0.10310090148289684,0.3034256130739918
rs1011,GENE_8,-0.06602295956271163,0.7288653322914087,0.06602295956271163
rs1011,GENE_9,-0.186735432821629,0.32312387267345427,0.186735432821629
rs1011,GENE_10,0.2067140292155009,0.2730785822540658,0.2067140292155009
rs1011,GENE_11,0.3148719272003596,0.09012108415348197,0.3148719272003596
rs1011,GENE_12,0.07064573336692317,0.7106636914135449,0.07064573336692317
rs1011,GENE_13,-0.03399996411681804,0.8584373079739906,0.03399996411681804
rs1011,GENE_14,-0.037499579923163585,0.844034843795312,0.037499579923163585
rs1011,GENE_15,0.21128656368575785,0.26237237333575725,0.21128656368575785
rs1011,GENE_16,0.10376621053191924,0.5852876270217846,0.10376621053191924
rs1011,GENE_17,-0.29602161288392276,0.11221500309569021,0.29602161288392276
rs1011,GENE_18,-0.13355441437441296,0.4816902923280246,0.13355441437441296
rs1011,GENE_19,0.2925434837056079,0.11669807092607824,0.2925434837056079
rs1011,GENE_20,0.38745494343959735,0.03439347094323864,0.38745494343959735
rs1011,GENE_21,-0.23352145416309864,0.21425164563104818,0.23352145416309864
rs1011,GENE_22,0.01671941971426185,0.9301224603198505,0.01671941971426185
rs1011,GENE_23,0.16348053091999046,0.3880271972804997,0.16348053091999046
rs1011,GENE_24,-0.017598057020403134,0.9264598640671742,0.017598057020403134
rs1011,GENE_25,-0.1781912071888346,0.34614586149750565,0.1781912071888346
rs1011,GENE_26,0.2591258215453306,0.16674644409835193,0.2591258215453306
rs1011,GENE_27,-0.12482177722183593,0.5110495107992268,0.12482177722183593
rs1011,GENE_28,0.1501174446522145,0.4284822025593011,0.1501174446522145
rs1011,GENE_29,-0.40459510398629556,0.02657570790444131,0.40459510398629556
rs1011,GENE_30,-0.2705738516220652,0.14813319822832355,0.2705738516220652
rs1011,GENE_31,-0.0656728145131584,0.7302500364205641,0.0656728145131584
rs1011,GENE_32,-0.02488852559888405,0.8961332058313084,0.02488852559888405
rs1011,GENE_33,0.057598813891902065,0.7624024724849731,0.057598813891902065
rs1011,GENE_34,-0.004343982541816,0.9818241457931159,0.004343982541816
rs1011,GENE_35,0.09253335000650745,0.6267290460614974,0.09253335000650745
rs1011,GENE_36,-0.16313667697514142,0.3890397075209744,0.16313667697514142
rs1011,GENE_37,-0.1457278531648341,0.4422591653566441,0.1457278531648341
rs1011,GENE_38,-0.11448181936098151,0.546918143467874,0.11448181936098151
rs1011,GENE_39,0.1840373916808764,0.3302892827632494,0.1840373916808764
rs1011,GENE_40,-0.17562314257832007,0.3532535901781618,0.17562314257832007
rs1011,GENE_41,-0.09094592072072004,0.6326804362962821,0.09094592072072004
rs1011,GENE_42,-0.161602999254855,0.3935742376679034,0.161602999254855
rs1011,GENE_43,-0.23647370485669528,0.2083486405550876,0.23647370485669528
rs1011,GENE_44,0.16828934870290896,0.3740268594170247,0.16828934870290896
rs1011,GENE_45,-0.18383851261883621,0.3308212794576524,0.18383851261883621
rs1011,GENE_46,-0.04408810576013159,0.8170569758633808,0.04408810576013159
rs1011,GENE_47,-0.17657627987618646,0.3506054436463387,0.17657627987618646
rs1011,GENE_48,-0.2708202435698798,0.14774982770940642,0.2708202435698798
rs1011,GENE_49,-0.1423914634145361,0.4528887085321724,0.1423914634145361
rs1011,GENE_50,-0.06488095497095572,0.7333846317320702,0.06488095497095572
rs1011,GENE_51,0.25625805569034615,0.1716583359451625,0.25625805569034615
rs1011,GENE_52,-0.21361874831755873,0.2570187902672114,0.21361874831755873
rs1011,GENE_53,0.08023281217395889,0.6734186559248514,0.08023281217395889
rs1011,GENE_54,-0.1930438129964775,0.30674743324104287,0.1930438129964775
rs1011,GENE_55,-0.07707634020011733,0.6856030391718657,0.07707634020011733
rs1011,GENE_56,-0.17939299721590926,0.342849422260186,0.17939299721590926
rs1011,GENE_57,-0.17725983203000745,0.34871364556256207,0.17725983203000745
rs1011,GENE_58,0.1774747679126279,0.3481200585474588,0.1774747679126279
rs1011,GENE_59,-0.21542455849755787,0.2529230929469211,0.21542455849755787
rs1011,GENE_60,0.06691322711415185,0.7253484008138031,0.06691322711415185
rs1011,GENE_61,0.3179801642149549,0.08682095842561816,0.3179801642149549
rs1011,GENE_62,-0.2646622475569196,0.15754778581377912,0.2646622475569196
rs1011,GENE_63,-0.02011273051554268,0.9159858457393636,0.02011273051554268
rs1011,GENE_64,0.08798252533877635,0.6438505695578748,0.08798252533877635
rs1011,GENE_65,-0.13662073326113192,0.47159133188691416,0.13662073326113192
rs1011,GENE_66,0.3360875522969499,0.06939488977345952,0.3360875522969499
rs1011,GENE_67,0.44258930803608737,0.014319385881712814,0.44258930803608737
rs1011,GENE_68,-0.21313716813679026,0.258118352112545,0.21313716813679026
rs1011,GENE_69,0.2298219441534846,0.22180834670978591,0.2298219441534846
rs1011,GENE_70,-0.21913693565866696,0.24463883418501522,0.21913693565866696
rs1011,GENE_71,0.1501534940235925,0.42837004641204707,0.1501534940235925
rs1011,GENE_72,0.24554202190015836,0.19091684168574957,0.24554202190015836
rs1011,GENE_73,-0.15564667710882008,0.4114694441757163,0.15564667710882008
rs1011,GENE_74,-0.009429816623381675,0.9605562502728602,0.009429816623381675
rs1011,GENE_75,0.07896248460470451,0.6783127553822184,0.07896248460470451
rs1011,GENE_76,0.25208182949680386,0.17899305631916218,0.25208182949680386
rs1011,GENE_77,-0.16039439307580408,0.39716886280503816,0.16039439307580408
rs1011,GENE_78,-0.1724158910828233,0.3622518880744296,0.1724158910828233
rs1011,GENE_79,0.1081753936810913,0.5693569799859272,0.1081753936810913
rs1011,GENE_80,0.3235617447282042,0.08112722718326412,0.3235617447282042
rs1011,GENE_81,0.17294364699010054,0.3607619598614324,0.17294364699010054
rs1011,GENE_82,-0.08256415482680889,0.6644709005257792,0.08256415482680889
rs1011,GENE_83,-0.1711458697346505,0.3658522375180605,0.1711458697346505
rs1011,GENE_84,0.011378455532301171,0.9524136955281414,0.011378455532301171
rs1011,GENE_85,-0.06619603307665028,0.7281811940075589,0.06619603307665028
rs1011,GENE_86,-0.18919460161166737,0.3166769963805167,0.18919460161166737
rs1011,GENE_87,-0.06589402309183116,0.7293751350188572,0.06589402309183116
rs1011,GENE_88,-0.22105750336325844,0.24042452808969283,0.22105750336325844
rs1011,GENE_89,-0.07368414056957308,0.698783993908294,0.07368414056957308
rs1011,GENE_90,-0.27546988391876986,0.14064906238340377,0.27546988391876986
rs1011,GENE_91,-0.11543073327741023,0.5435780231041148,0.11543073327741023
rs1011,GENE_92,0.4021766468489168,0.02758150626997994,0.4021766468489168
rs1011,GENE_93,0.163197534140917,0.38886039727416366,0.163197534140917
rs1011,GENE_94,0.07737284552448143,0.6844551386340031,0.07737284552448143
rs1011,GENE_95,-0.1590961410866558,0.4010508800158301,0.1590961410866558
rs1011,GENE_96,0.3399760679100545,0.06603450337792703,0.3399760679100545
rs1011,GENE_97,0.166229116864806,0.3799884287992612,0.166229116864806
rs1011,GENE_98,0.06972034147703488,0.7142952199753198,0.06972034147703488
rs1011,GENE_99,0.25473439688308563,0.17430928195979126,0.25473439688308563
rs1011,GENE_100,0.016510245925040034,0.9309946094523436,0.016510245925040034
rs1012,GENE_1,-0.06580134486345307,0.7297416459398205,0.06580134486345307
rs1012,GENE_2,0.07823301027143692,0.6811289728909933,0.07823301027143692
rs1012,GENE_3,-0.3040626823696341,0.10234350157976253,0.3040626823696341
rs1012,GENE_4,0.022865817225808275,0.9045346496948405,0.022865817225808275
rs1012,GENE_5,-0.02106174785982083,0.9120365232580603,0.02106174785982083
rs1012,GENE_6,-0.029186380833675554,0.8783193979111634,0.029186380833675554
rs1012,GENE_7,-0.2547686013791184,0.1742494559120244,0.2547686013791184
rs1012,GENE_8,-0.11130978749002059,0.55815268371097,0.11130978749002059
rs1012,GENE_9,0.003929985066285537,0.9835561273220754,0.003929985066285537
rs1012,GENE_10,-0.1405784545213922,0.45872150365168884,0.1405784545213922
rs1012,GENE_11,-0.008818302756708663,0.9631123534418233,0.008818302756708663
rs1012,GENE_12,-0.008744796633308079,0.9634196306790778,0.008744796633308079
rs1012,GENE_13,-0.256761612298264,0.17078852428585406,0.256761612298264
rs1012,GENE_14,-0.15259386718061888,0.4208152357318758,0.15259386718061888
rs1012,GENE_15,-0.15048387907405814,0.42734291081373643,0.15048387907405814
rs1012,GENE_16,-0.22173278515843178,0.2389543151982547,0.22173278515843178
rs1012,GENE_17,-0.043486796391538844,0.8195111462452668,0.043486796391538844
rs1012,GENE_18,0.26539189086437437,0.15636316813049178,0.26539189086437437
rs1012,GENE_19,-0.047664363772984344,0.802496670104175,0.047664363772984344
rs1012,GENE_20,0.27578743812918377,0.14017331977968184,0.27578743812918377
rs1012,GENE_21,0.12228412110226271,0.5197435796157439,0.12228412110226271
rs1012,GENE_22,0.12429015291360272,0.5128649011238267,0.12429015291360272
rs1012,GENE_23,-0.19227701767747707,0.3087097602400237,0.19227701767747707
rs1012,GENE_24,0.12678683493517,0.5043668897174542,0.12678683493517
rs1012,GENE_25,-0.05221010831735236,0.7840829560752697,0.05221010831735236
rs1012,GENE_26,0.28157131696203597,0.13171178774987596,0.28157131696203597
rs1012,GENE_27,-0.21459668566843518,0.25479539566758214,0.21459668566843518
rs1012,GENE_28,0.2930696477130813,0.11601148233429974,0.2930696477130813
rs1012,GENE_29,-0.19503142894556297,0.3016973239830698,0.19503142894556297
rs1012,GENE_30,0.2586054503396495,0.1676302317008838,0.2586054503396495
rs1012,GENE_31,0.167074763758062,0.3775347834432584,0.167074763758062
rs1012,GENE_32,0.1735532628071711,0.3590454609533909,0.1735532628071711
rs1012,GENE_33,-0.35568300407414966,0.0537321852067303,0.35568300407414966
rs1012,GENE_34,0.11313394619572222,0.5516790199310643,0.11313394619572222
rs1012,GENE_35,0.23198924593008893,0.217359784696424,0.23198924593008893
rs1012,GENE_36,0.16434387701160535,0.3854916923616628,0.16434387701160535
rs1012,GENE_37,-0.13422199357705922,0.47948218880903204,0.13422199357705922
rs1012,GENE_38,0.08462723999353593,0.6565901996966224,0.08462723999353593
rs1012,GENE_39,0.39955070639280466,0.028708498338341017,0.39955070639280466
rs1012,GENE_40,-0.1850248621897611,0.3276555810316929,0.1850248621897611
rs1012,GENE_41,0.444073533533287,0.013958255095640268,0.444073533533287
rs1012,GENE_42,-0.3044568671132741,0.10187696255520998,0.3044568671132741
rs1012,GENE_43,0.16565352059741792,0.38166380789038135,0.16565352059741792
rs1012,GENE_44,0.1707991623997601,0.36683876339018306,0.1707991623997601
rs1012,GENE_45,-0.26168699685133795,0.16244481768116406,0.26168699685133795
rs1012,GENE_46,-0.1568727988575103,0.4077488707782202,0.1568727988575103
rs1012,GENE_47,-0.2938131345841241,0.11504643138260721,0.2938131345841241
rs1012,GENE_48,-0.0434499556754119,0.8196615616968613,0.0434499556754119
rs1012,GENE_49,0.0323270675759233,0.8653380734122537,0.0323270675759233
rs1012,GENE_50,-0.2612774931844981,0.16312723055487274,0.2612774931844981
rs1012,GENE_51,0.27934114507579183,0.13492891827000783,0.27934114507579183
rs1012,GENE_52,-0.0537028306412802,0.7780606200407447,0.0537028306412802
rs1012,GENE_53,-0.1636498457624589,0.3875291920046617,0.1636498457624589
rs1012,GENE_54,-0.24993548899813248,0.182847172253107,0.24993548899813248
rs1012,GENE_55,0.30654683002283367,0.09943006498022175,0.30654683002283367
rs1012,GENE_56,-0.033671958462882005,0.8597895551910021,0.033671958462882005
rs1012,GENE_57,-0.17125005586796585,0.3655560909348821,0.17125005586796585
rs1012,GENE_58,0.045362359544890825,0.8118618921354738,0.045362359544890825
rs1012,GENE_59,-0.17327509801166363,0.35982808844988035,0.17327509801166363
rs1012,GENE_60,0.1179166210461698,0.5348736262359869,0.1179166210461698
rs1012,GENE_61,-0.11992739611923346,0.5278818310175133,0.11992739611923346
rs1012,GENE_62,0.04628054179863267,0.8081233324786119,0.04628054179863267
rs1012,GENE_63,0.16459246249069442,0.3847634162051418,0.16459246249069442
rs1012,GENE_64,-0.016365471744449633,0.9315982906502535,0.016365471744449633
rs1012,GENE_65,-0.2473416423296985,0.1875819752137562,0.2473416423296985
rs1012,GENE_66,0.09195410533524838,0.6288980424242023,0.09195410533524838
rs1012,GENE_67,0.09032096580992016,0.6350296475166377,0.09032096580992016
rs1012,GENE_68,-0.23694210339464059,0.2074224282009794,0.23694210339464059
rs1012,GENE_69,0.1842218372030937,0.32979636355492825,0.1842218372030937
rs1012,GENE_70,0.0549644287337906,0.772980538864092,0.0549644287337906
rs1012,GENE_71,-0.22282880625108645,0.23658086087366992,0.22282880625108645
rs1012,GENE_72,-0.204304331139624,0.278832681359361,0.204304331139624
rs1012,GENE_73,0.1308923031043292,0.4905473075415155,0.1308923031043292
rs1012,GENE_74,0.20452719066165748,0.2782972703715803,0.20452719066165748
rs1012,GENE_75,-0.13933181125147404,0.46275516418959506,0.13933181125147404
rs1012,GENE_76,0.15949991547267606,0.39984121776402254,0.15949991547267606
rs1012,GENE_77,-0.08347285847665581,0.6609953944643157,0.08347285847665581
rs1012,GENE_78,-0.13763859362473316,0.46826357133059354,0.13763859362473316
rs1012,GENE_79,0.00877183393953084,0.9633066061794239,0.00877183393953084
rs1012,GENE_80,-0.11492424184209739,0.5453596482770698,0.11492424184209739
rs1012,GENE_81,0.06653667620445854,0.7268352719273918,0.06653667620445854
rs1012,GENE_82,0.2354517746655925,0.21037923239810996,0.2354517746655925
rs1012,GENE_83,-0.27181383443855855,0.14621113255888543,0.27181383443855855
rs1012,GENE_84,-0.5292995467024398,0.0026328697603861225,0.5292995467024398
rs1012,GENE_85,0.07156722469721609,0.707053628985575,0.07156722469721609
rs1012,GENE_86,0.2852842517028839,0.1264808983017528,0.2852842517028839
rs1012,GENE_87,-0.11215909737996507,0.555134270475261,0.11215909737996507
rs1012,GENE_88,-0.06125843696708004,0.7477774066626596,0.06125843696708004
rs1012,GENE_89,0.22583820904365925,0.2301451611347417,0.22583820904365925
rs1012,GENE_90,-0.08725834701454062,0.6465919884328998,0.08725834701454062
rs1012,GENE_91,-0.13453875863502143,0.47843627741880207,0.13453875863502143
rs1012,GENE_92,0.126878785387312,0.5040552622457997,0.126878785387312
rs1012,GENE_93,0.11379514353984001,0.5493411747354501,0.11379514353984001
rs1012,GENE_94,0.371430016062793,0.04328916709503293,0.371430016062793
rs1012,GENE_95,0.10973569095771482,0.5637668177333724,0.10973569095771482
rs1012,GENE_96,0.2353501354228506,0.21058192858793515,0.2353501354228506
rs1012,GENE_97,0.37873671346088955,0.03902912896565316,0.37873671346088955
rs1012,GENE_98,-0.2617333269948641,0.16236773970384522,0.2617333269948641
rs1012,GENE_99,-0.28568014743613224,0.12593230343337306,0.28568014743613224
rs1012,GENE_100,-0.18259737478841143,0.3341531208585983,0.18259737478841143
rs1013,GENE_1,-0.16114029948514763,0.3949481891581496,0.16114029948514763
rs1013,GENE_2,-0.023707196194392238,0.9010386511035129,0.023707196194392238
rs1013,GENE_3,-0.2918902997333919,0.1175545977336628,0.2918902997333919
rs1013,GENE_4,0.05853978160082777,0.758634163910418,0.05853978160082777
rs1013,GENE_5,0.1080012635416979,0.5699823933637896,0.1080012635416979
rs1013,GENE_6,0.5026893294489664,0.004638735737072583,0.5026893294489664
rs1013,GENE_7,-0.046987828914206525,0.8052462906618942,0.046987828914206525
rs1013,GENE_8,-0.4154387887971017,0.022427071147673738,0.4154387887971017
rs1013,GENE_9,0.2663831561454793,0.15476404097873353,0.2663831561454793
rs1013,GENE_10,-0.375685740511243,0.04076506265899746,0.375685740511243
rs1013,GENE_11,-0.3263567686849798,0.07838591832609938,0.3263567686849798
rs1013,GENE_12,0.16872001234532727,0.37278762375943825,0.16872001234532727
rs1013,GENE_13,0.1684685919674737,0.37351079413816224,0.1684685919674737
rs1013,GENE_14,-0.01841678937787945,0.9230483052886121,0.01841678937787945
rs1013,GENE_15,-0.4290008667383688,0.01800227803974476,0.4290008667383688
rs1013,GENE_16,-0.2006563788706912,0.28769084142855195,0.2006563788706912
rs1013,GENE_17,0.32008932486098235,0.08463465016631694,0.32008932486098235
rs1013,GENE_18,-0.18536966239238334,0.3267390011428322,0.18536966239238334
rs1013,GENE_19,-0.06535323018259168,0.7315146094300383,0.06535323018259168
rs1013,GENE_20,0.013070410420099633,0.9453474951168561,0.013070410420099633
rs1013,GENE_21,0.2096648445194219,0.2661376644037134,0.2096648445194219
rs1013,GENE_22,0.36390323772248084,0.048057634019039105,0.36390323772248084
rs1013,GENE_23,-0.04709270257768923,0.8048199057292242,0.04709270257768923
rs1013,GENE_24,-0.025343430994209836,0.8942452115232639,0.025343430994209836
rs1013,GENE_25,0.07404797514034463,0.6973660563816602,0.07404797514034463
rs1013,GENE_26,-0.2567972796233894,0.17072703336926834,0.2567972796233894
rs1013,GENE_27,-0.0628125115988125,0.7415923485299576,0.0628125115988125
rs1013,GENE_28,0.2209079931684805,0.2407508520187548,0.2209079931684805
rs1013,GENE_29,-0.017791524498982563,0.9256535908981183,0.017791524498982563
rs1013,GENE_30,-0.11376112562527808,0.5494613416442776,0.11376112562527808
rs1013,GENE_31,-0.06570845583909725,0.7301090490568193,0.06570845583909725
rs1013,GENE_32,-0.0963345803532401,0.6125715313799611,0.0963345803532401
rs1013,GENE_33,-0.18337755819810275,0.3320563346938548,0.18337755819810275
rs1013,GENE_34,0.2069342452293957,0.2725565872141019,0.2069342452293957
rs1013,GENE_35,0.24761307071461958,0.18708254280264222,0.24761307071461958
rs1013,GENE_36,0.057031574346454554,0.7646766867412941,0.057031574346454554
rs1013,GENE_37,0.0036083283570990535,0.9849018470788964,0.0036083283570990535
rs1013,GENE_38,-0.22955810577611374,0.222354073763896,0.22955810577611374
rs1013,GENE_39,0.25112153398399456,0.18071030697443513,0.25112153398399456
rs1013,GENE_40,0.2789583065383733,0.1354869023999659,0.2789583065383733
rs1013,GENE_41,0.06638567652033081,0.7274317918328655,0.06638567652033081
rs1013,GENE_42,0.218455035949888,0.24614684369947396,0.218455035949888
rs1013,GENE_43,-0.03284039456814376,0.8632195225558286,0.03284039456814376
rs1013,GENE_44,0.0084143029761859,0.9648012543054569,0.0084143029761859
rs1013,GENE_45,0.09925745171412664,0.601777294689435,0.09925745171412664
rs1013,GENE_46,-0.1584659814511503,0.40294291155787376,0.1584659814511503
rs1013,GENE_47,-0.29684441311998605,0.11117350354149903,0.29684441311998605
rs1013,GENE_48,0.14851279801088596,0.43349087880334336,0.14851279801088596
rs1013,GENE_49,0.044624691287738376,0.8148683977914646,0.044624691287738376
rs1013,GENE_50,0.3107604518547229,0.09463187877915842,0.3107604518547229
rs1013,GENE_51,0.2457630736913309,0.1905050051681488,0.2457630736913309
rs1013,GENE_52,0.0025655056414803333,0.9892649799867307,0.0025655056414803333
rs1013,GENE_53,0.19774508157164072,0.29488750133352015,0.19774508157164072
rs1013,GENE_54,0.03994884021595652,0.8339840155759639,0.03994884021595652
rs1013,GENE_55,0.11567079813208732,0.5427345328428941,0.11567079813208732
rs1013,GENE_56,0.07394486544564632,0.6977677947021523,0.07394486544564632
rs1013,GENE_57,-0.18847888369100713,0.31854501198342217,0.18847888369100713
rs1013,GENE_58,-0.07436732738278472,0.6961222981413946,0.07436732738278472
rs1013,GENE_59,-0.05505936179730892,0.7725986404647768,0.05505936179730892
rs1013,GENE_60,0.3162243581442811,0.08867363129576707,0.3162243581442811
rs1013,GENE_61,-0.00670855827396615,0.9719335957218461,0.00670855827396615
rs1013,GENE_62,0.32276771730051873,0.08191925062681915,0.32276771730051873
rs1013,GENE_63,0.2199528526664221,0.24284251847598257,0.2199528526664221
rs1013,GENE_64,0.09994107197622379,0.5992644207944053,0.09994107197622379
rs1013,GENE_65,-0.04956660113818659,0.7947779399596204,0.04956660113818659
rs1013,GENE_66,0.059719445667988244,0.7539175985295155,0.059719445667988244
rs1013,GENE_67,-0.03801981522075008,0.8418979328344202,0.03801981522075008
rs1013,GENE_68,-0.032692898164177975,0.863828160151879,0.032692898164177975
rs1013,GENE_69,0.023148247976387273,0.9033609284840076,0.023148247976387273
rs1013,GENE_70,0.005169490246976897,0.9783708376342324,0.005169490246976897
rs1013,GENE_71,0.012586327098203348,0.9473688058752197,0.012586327098203348
rs1013,GENE_72,-6.458703665168764e-05,0.9997297363598054,6.458703665168764e-05
rs1013,GENE_73,0.019718223663214123,0.9176281628650613,0.019718223663214123
rs1013,GENE_74,0.2990485405523736,0.10841906289286503,0.2990485405523736
rs1013,GENE_75,0.13272773729118603,0.48443186194996174,0.13272773729118603
rs1013,GENE_76,0.23550542645814682,0.21027229001324768,0.23550542645814682
rs1013,GENE_77,-0.09122961655974388,0.6316151742292966,0.09122961655974388
rs1013,GENE_78,0.13738107194258747,0.4691043411450496,0.13738107194258747
rs1013,GENE_79,0.08952985220706912,0.6380084372441444,0.08952985220706912
rs1013,GENE_80,-0.40212324441263037,0.027604060648798327,0.40212324441263037
rs1013,GENE_81,-0.21289448516804207,0.2586736213711453,0.21289448516804207
rs1013,GENE_82,-0.19424098297770007,0.30369937670215436,0.19424098297770007
rs1013,GENE_83,-0.04258733658367993,0.8231852958036093,0.04258733658367993
rs1013,GENE_84,-0.22453025169883842,0.23292765448016428,0.22453025169883842
rs1013,GENE_85,-0.19208276608200517,0.3092081174403662,0.19208276608200517
rs1013,GENE_86,-0.18419518094216075,0.32986757290664936,0.18419518094216075
rs1013,GENE_87,0.0012667357295762776,0.9946993970788597,0.0012667357295762776
rs1013,GENE_88,-0.07194198474204098,0.7055872318758241,0.07194198474204098
rs1013,GENE_89,0.22469363640992415,0.2325788496739299,0.22469363640992415
rs1013,GENE_90,-0.005821810221243665,0.9756422856711552,0.005821810221243665
rs1013,GENE_91,-0.022089479896305424,0.9077619487766793,0.022089479896305424
rs1013,GENE_92,-0.0051070115853563535,0.9786321890914114,0.0051070115853563535
rs1013,GENE_93,-0.1384389986237995,0.46565541196054744,0.1384389986237995
rs1013,GENE_94,0.4073542926817283,0.02546497015926062,0.4073542926817283
rs1013,GENE_95,-0.24791176684533747,0.18653401082198184,0.24791176684533747
rs1013,GENE_96,0.12929227314190375,0.4959102343029882,0.12929227314190375
rs1013,GENE_97,0.1453993842657665,0.4432996191118539,0.1453993842657665
rs1013,GENE_98,0.06189958464195818,0.7452238198013329,0.06189958464195818
rs1013,GENE_99,-0.16016586150094173,0.39785065681548737,0.16016586150094173
rs1013,GENE_100,0.03873992698292398,0.8389418307894774,0.03873992698292398
rs1014,GENE_1,-0.26332796683189225,0.15973066362988597,0.26332796683189225
rs1014,GENE_2,-0.048527701614660704,0.7989911900742658,0.048527701614660704
rs1014,GENE_3,0.20430647231313073,0.2788275341278143,0.20430647231313073
rs1014,GENE_4,0.13946603468384414,0.4623199725185446,0.13946603468384414
rs1014,GENE_5,-0.13110500138667638,0.4898366191406822,0.13110500138667638
rs1014,GENE_6,0.03191191761324671,0.8670521080855135,0.03191191761324671
rs1014,GENE_7,-0.0543833060272848,0.7753194192099292,0.0543833060272848
rs1014,GENE_8,-0.20188500590577185,0.2846876095016638,0.20188500590577185
rs1014,GENE_9,-0.1350758924729495,0.4766654377495205,0.1350758924729495
rs1014,GENE_10,0.10485300140578627,0.5813428559462568,0.10485300140578627
rs1014,GENE_11,-0.3082084037689145,0.0975165475221726,0.3082084037689145
rs1014,GENE_12,-0.43084730896797063,0.017460051857716357,0.43084730896797063
rs1014,GENE_13,0.18506070743273567,0.3275602204891729,0.18506070743273567
rs1014,GENE_14,0.055211931987179164,0.771984987508796,0.055211931987179164
rs1014,GENE_15,0.115613875692283,0.5429344793711968,0.115613875692283
rs1014,GENE_16,-0.2091667924392446,0.26730105617563044,0.2091667924392446
rs1014,GENE_17,-0.16599157483978755,0.3806793201580062,0.16599157483978755
rs1014,GENE_18,-0.09195822439906222,0.6288826077653209,0.09195822439906222
rs1014,GENE_19,0.1737698140488979,0.35843688629543996,0.1737698140488979
rs1014,GENE_20,0.05297854891908473,0.7809811589376751,0.05297854891908473
rs1014,GENE_21,0.11162621843908445,0.5570272195583446,0.11162621843908445
rs1014,GENE_22,-0.18585648915445857,0.3254475566640047,0.18585648915445857
rs1014,GENE_23,-0.07669492183852769,0.6870806838748086,0.07669492183852769
rs1014,GENE_24,-0.027201200773831986,0.8865408921891486,0.027201200773831986
rs1014,GENE_25,-0.12103848764469596,0.5240373702263358,0.12103848764469596
rs1014,GENE_26,-0.017556538177277568,0.9266329026308487,0.017556538177277568
rs1014,GENE_27,-0.15180230197077219,0.423257591294453,0.15180230197077219
rs1014,GENE_28,0.24694132543718997,0.18832026088544765,0.24694132543718997
rs1014,GENE_29,-0.1297190445456873,0.4944769106953106,0.1297190445456873
rs1014,GENE_30,0.13858467473257005,0.46518154127735456,0.13858467473257005
rs1014,GENE_31,-0.1117836296786504,0.5564677374621649,0.1117836296786504
rs1014,GENE_32,-0.07716473685592438,0.6852607455179209,0.07716473685592438
rs1014,GENE_33,-0.007253245067531587,0.9696558049337287,0.007253245067531587
rs1014,GENE_34,-0.15194031587420279,0.4228311891170394,0.15194031587420279
rs1014,GENE_35,0.297837929159548,0.1099255424760141,0.297837929159548
rs1014,GENE_36,-0.028290361307664436,0.8820287203965278,0.028290361307664436
rs1014,GENE_37,-0.3708983470321744,0.043613082478297586,0.3708983470321744
rs1014,GENE_38,-0.24766797106337035,0.1869816382724468,0.24766797106337035
rs1014,GENE_39,0.11016345255912308,0.5622386317736867,0.11016345255912308
rs1014,GENE_40,0.0669556747391776,0.7251808508736087,0.0669556747391776
rs1014,GENE_41,-0.20128947472818223,0.2861408010904802,0.20128947472818223
rs1014,GENE_42,0.17775248423794907,0.3473539908703422,0.17775248423794907
rs1014,GENE_43,-0.11272953852493121,0.5531111880076884,0.11272953852493121
rs1014,GENE_44,0.11380463398996749,0.5493076522896531,0.11380463398996749
rs1014,GENE_45,0.12005020288406568,0.5274562433965065,0.12005020288406568
rs1014,GENE_46,0.11809929246828225,0.5342366295523572,0.11809929246828225
rs1014,GENE_47,0.2237911629390381,0.23450989180206147,0.2237911629390381
rs1014,GENE_48,0.22827491098459723,0.22502120455085076,0.22827491098459723
rs1014,GENE_49,-0.160482720568787,0.3969055278946888,0.160482720568787
rs1014,GENE_50,0.2431032668280931,0.19550157822692021,0.2431032668280931
rs1014,GENE_51,-0.11318795136445799,0.5514878966380851,0.11318795136445799
rs1014,GENE_52,-0.17124805856563996,0.3655617668886039,0.17124805856563996
rs1014,GENE_53,0.25205531501470363,0.17904031635881554,0.25205531501470363
rs1014,GENE_54,-0.032843639390808636,0.863206133795363,0.032843639390808636
rs1014,GENE_55,0.0706554535240836,0.7106255792325846,0.0706554535240836
rs1014,GENE_56,0.3134752058391247,0.09163472911779032,0.3134752058391247
rs1014,GENE_57,0.23175493778304915,0.21783777464193346,0.23175493778304915
rs1014,GENE_58,0.26678267790393023,0.1541228562136739,0.26678267790393023
rs1014,GENE_59,-0.17701119565475165,0.34940106069788607,0.17701119565475165
rs1014,GENE_60,0.0775087671093598,0.6839291573579018,0.0775087671093598
rs1014,GENE_61,-0.12085479559648718,0.5246720211645188,0.12085479559648718
rs1014,GENE_62,0.19785752016575536,0.2946074580140783,0.19785752016575536
rs1014,GENE_63,-0.08592681108903322,0.651644426353092,0.08592681108903322
rs1014,GENE_64,0.1902584647699631,0.31391290797903476,0.1902584647699631
rs1014,GENE_65,-0.259748638128803,0.16569302348133513,0.259748638128803
rs1014,GENE_66,0.05123407388865164,0.7880273762575873,0.05123407388865164
rs1014,GENE_67,-0.12090443059895926,0.5245004969261173,0.12090443059895926
rs1014,GENE_68,-0.13470197416844035,0.4778978242513088,0.13470197416844035
rs1014,GENE_69,-0.09007039108827049,0.6359725382629919,0.09007039108827049
rs1014,GENE_70,0.03598985902378852,0.850242246133995,0.03598985902378852
rs1014,GENE_71,0.02385320369128904,0.9004321608730604,0.02385320369128904
rs1014,GENE_72,-0.15545954883615049,0.41203894051220885,0.15545954883615049
rs1014,GENE_73,-0.08047430474654371,0.6724897441994448,0.08047430474654371
rs1014,GENE_74,0.23720418080403735,0.20690542939549064,0.23720418080403735
rs1014,GENE_75,-0.09221645039000724,0.627915308227028,0.09221645039000724
rs1014,GENE_76,0.020135725662714713,0.9158901281995133,0.020135725662714713
rs1014,GENE_77,0.05181794852843682,0.7856671560637469,0.05181794852843682
rs1014,GENE_78,0.09782956597944543,0.6070403921015806,0.09782956597944543
rs1014,GENE_79,0.06130933830311271,0.7475745788944866,0.06130933830311271
rs1014,GENE_80,-0.12617710370811505,0.5064357451401429,0.12617710370811505
rs1014,GENE_81,-0.03961338634868571,0.8353591121931634,0.03961338634868571
rs1014,GENE_82,0.07302651136253702,0.7013494284030392,0.07302651136253702
rs1014,GENE_83,-0.34010370246267624,0.0659263921159049,0.34010370246267624
rs1014,GENE_84,-0.08814178795011797,0.6432482841181854,0.08814178795011797
rs1014,GENE_85,-0.0069121618801248645,0.9710821325818916,0.0069121618801248645
rs1014,GENE_86,-0.19921105471955333,0.291249525692737,0.19921105471955333
rs1014,GENE_87,0.16239811351244982,0.39121960824895946,0.16239811351244982
rs1014,GENE_88,0.19784525131419345,0.29463800703434634,0.19784525131419345
rs1014,GENE_89,-0.23399314614677627,0.2133009315664384,0.23399314614677627
rs1014,GENE_90,0.03724821759449897,0.8450677259654032,0.03724821759449897
rs1014,GENE_91,0.2027815188362971,0.2825088900197296,0.2027815188362971
rs1014,GENE_92,-0.2309686533374713,0.21944701682809134,0.2309686533374713
rs1014,GENE_93,0.23027672991499892,0.22086979169175758,0.23027672991499892
rs1014,GENE_94,-0.2472529488550972,0.18774537402201044,0.2472529488550972
rs1014,GENE_95,0.16758996750176047,0.3760444550175673,0.16758996750176047
rs1014,GENE_96,-0.0887393411421631,0.6409904869183246,0.0887393411421631
rs1014,GENE_97,0.2123942143430716,0.2598207301716008,0.2123942143430716
rs1014,GENE_98,0.004840331556096867,0.9797477494332287,0.004840331556096867
rs1014,GENE_99,0.1634620371720334,0.38808161520821777,0.1634620371720334
rs1014,GENE_100,-0.16947346553575912,0.3706253517340487,0.16947346553575912
rs1015,GENE_1,0.08036668033681767,0.6729036679215838,0.08036668033681767
rs1015,GENE_2,-0.13683983009823017,0.47087398446661244,0.13683983009823017
rs1015,GENE_3,-0.24565592100317296,0.19070456160478502,0.24565592100317296
rs1015,GENE_4,0.30596761166948816,0.1001037209826114,0.30596761166948816
rs1015,GENE_5,0.0077785338252295,0.9674593549741807,0.0077785338252295
rs1015,GENE_6,0.12622162399329234,0.5062845424726378,0.12622162399329234
rs1015,GENE_7,0.27962960749501536,0.13450959670474538,0.27962960749501536
rs1015,GENE_8,0.3086231072063787,0.09704332961746584,0.3086231072063787
rs1015,GENE_9,-0.08135243637916784,0.6691159625769982,0.08135243637916784
rs1015,GENE_10,-0.06258242876330941,0.7425070705546737,0.06258242876330941
rs1015,GENE_11,-0.17927862540505687,0.34316231815328746,0.17927862540505687
rs1015,GENE_12,0.06958240850888897,0.7148370386943739,0.06958240850888897
rs1015,GENE_13,-0.24290308234238098,0.19588127293666596,0.24290308234238098
rs1015,GENE_14,0.3027200675186999,0.10394461842986895,0.3027200675186999
rs1015,GENE_15,0.1790405264414648,0.34381425707278357,0.1790405264414648
rs1015,GENE_16,-0.02665730775907024,0.8887954421385533,0.02665730775907024
rs1015,GENE_17,0.0068950651404500385,0.9711536293620351,0.0068950651404500385
rs1015,GENE_18,0.08596333341086845,0.6515056413172855,0.08596333341086845
rs1015,GENE_19,0.04047355656318849,0.8318340555553221,0.04047355656318849
rs1015,GENE_20,0.25870957895244995,0.16745311628098442,0.25870957895244995
rs1015,GENE_21,0.1825545954696404,0.33426832549544927,0.1825545954696404
rs1015,GENE_22,-0.2299604015283489,0.22152232263849805,0.2299604015283489
rs1015,GENE_23,0.14774285009981428,0.43590547361799853,0.14774285009981428
rs1015,GENE_24,-0.20737042401944125,0.2715245850311347,0.20737042401944125
rs1015,GENE_25,-0.002458911222632584,0.9897109863960046,0.002458911222632584
rs1015,GENE_26,0.1168582469308116,0.5385714114978011,0.1168582469308116
rs1015,GENE_27,0.267064109778458,0.15367233847337514,0.267064109778458
rs1015,GENE_28,-0.03519769696649412,0.8535028548892823,0.03519769696649412
rs1015,GENE_29,-0.26207254731457386,0.16180418413876083,0.26207254731457386
rs1015,GENE_30,-0.05820567440747251,0.7599715528993655,0.05820567440747251
rs1015,GENE_31,-0.05621027510258253,0.7679728916278036,0.05621027510258253
rs1015,GENE_32,0.10807349308402714,0.5697229330163962,0.10807349308402714
rs1015,GENE_33,0.12841765312805808,0.49885420470116226,0.12841765312805808
rs1015,GENE_34,-0.04819151922874307,0.8003557671942569,0.04819151922874307
rs1015,GENE_35,-0.16537015217343567,0.38249017498429755,0.16537015217343567
rs1015,GENE_36,0.07870973168145139,0.6792880579501998,0.07870973168145139
rs1015,GENE_37,0.07342568459236908,0.6997918537164115,0.07342568459236908
rs1015,GENE_38,0.06577952307878368,0.7298279521804274,0.06577952307878368
rs1015,GENE_39,-0.2774509153737667,0.13770029112278898,0.2774509153737667
rs1015,GENE_40,-0.004405736244982597,0.9815658024851093,0.004405736244982597
rs1015,GENE_41,-0.032764552508498725,0.8635324720055395,0.032764552508498725
rs1015,GENE_42,-0.1784088592220686,0.34554744429982326,0.1784088592220686
rs1015,GENE_43,-0.14743799252360007,0.43686354376912473,0.14743799252360007
rs1015,GENE_44,0.21144799719302343,0.26199947181730227,0.21144799719302343
rs1015,GENE_45,-0.25743791135383953,0.16962524403564672,0.25743791135383953
rs1015,GENE_46,-0.06067034766801349,0.7501219739437336,0.06067034766801349
rs1015,GENE_47,-0.15078963107233379,0.4263935665380458,0.15078963107233379
rs1015,GENE_48,-0.01552727292748548,0.9350941435003898,0.01552727292748548
rs1015,GENE_49,-0.205313445873543,0.27641360998990694,0.205313445873543
rs1015,GENE_50,0.1641527591398701,0.3860521476684066,0.1641527591398701
rs1015,GENE_51,-0.12253234252126244,0.5188899971224766,0.12253234252126244
rs1015,GENE_52,0.10889885512656053,0.5667618863260622,0.10889885512656053
rs1015,GENE_53,0.1110058877103031,0.5592345605934731,0.1110058877103031
rs1015,GENE_54,-0.14914710099603434,0.43150717869995303,0.14914710099603434
rs1015,GENE_55,-0.28544276553186243,0.12626103413413395,0.28544276553186243
rs1015,GENE_56,-0.1758676508310578,0.3525731241085954,0.1758676508310578
rs1015,GENE_57,-0.24000120019288315,0.201442782368031,0.24000120019288315
rs1015,GENE_58,0.27223269960963303,0.14556595417703636,0.27223269960963303
rs1015,GENE_59,-0.11569613493866518,0.5426455455913306,0.11569613493866518
rs1015,GENE_60,0.09519252762253352,0.6168110164746283,0.09519252762253352
rs1015,GENE_61,0.3019360927991713,0.1048881929579054,0.3019360927991713
rs1015,GENE_62,0.0013722326606320264,0.9942579564903633,0.0013722326606320264
rs1015,GENE_63,-0.004926783258527559,0.9793861055136045,0.004926783258527559
rs1015,GENE_64,0.34428862880214406,0.06245733387884627,0.34428862880214406
rs1015,GENE_65,0.2813877292293779,0.1319744796082608,0.2813877292293779
rs1015,GENE_66,0.3246434737445816,0.08005769658345731,0.3246434737445816
rs1015,GENE_67,0.15318901073749364,0.41898409703510126,0.15318901073749364
rs1015,GENE_68,0.3945987645869806,0.030935631650050397,0.3945987645869806
rs1015,GENE_69,0.3990619394346274,0.028922344139531833,0.3990619394346274
rs1015,GENE_70,0.06629535518125709,0.7277886783527671,0.06629535518125709
rs1015,GENE_71,-0.04506074120233595,0.8130908800702962,0.04506074120233595
rs1015,GENE_72,0.25901108422799024,0.1669410264922073,0.25901108422799024
rs1015,GENE_73,-0.2545094627508461,0.17470306858577472,0.2545094627508461
rs1015,GENE_74,-0.2905604792237667,0.11931280118442843,0.2905604792237667
rs1015,GENE_75,0.36727530017388393,0.045872225789039454,0.36727530017388393
rs1015,GENE_76,-0.16726791065954283,0.37697566525983506,0.16726791065954283
rs1015,GENE_77,0.2535168219529267,0.17644835679265575,0.2535168219529267
rs1015,GENE_78,0.08617301333197704,0.6507090773647145,0.08617301333197704
rs1015,GENE_79,0.021967473699621834,0.908269270931606,0.021967473699621834
rs1015,GENE_80,0.16361268609208757,0.38763845808109343,0.16361268609208757
rs1015,GENE_81,0.09518256670538147,0.6168480464529937,0.09518256670538147
rs1015,GENE_82,0.2546913651253003,0.17438456809295444,0.2546913651253003
rs1015,GENE_83,0.2967013093859893,0.1113541241137279,0.2967013093859893
rs1015,GENE_84,0.1551507929790251,0.4129795571212157,0.1551507929790251
rs1015,GENE_85,-0.054837238787416066,0.7734922822650698,0.054837238787416066
rs1015,GENE_86,-0.1606336738234184,0.3964557144257379,0.1606336738234184
rs1015,GENE_87,-0.1800033561466303,0.3411825314813305,0.1800033561466303
rs1015,GENE_88,-0.09105657339072298,0.6322648558439574,0.09105657339072298
rs1015,GENE_89,-0.08512641305557302,0.6546888012849362,0.08512641305557302
rs1015,GENE_90,-0.24255997830952264,0.19653323393632186,0.24255997830952264
rs1015,GENE_91,0.33004074350727014,0.07488225112865207,0.33004074350727014
rs1015,GENE_92,-0.2968993282513484,0.11110424962162699,0.2968993282513484
rs1015,GENE_93,-0.1840173222310258,0.3303429442990827,0.1840173222310258
rs1015,GENE_94,-0.35308058147211263,0.055634789193471784,0.35308058147211263
rs1015,GENE_95,-0.16946529403627753,0.3706487628749834,0.16946529403627753
rs1015,GENE_96,-0.11938544033459467,0.529761956030592,0.11938544033459467
rs1015,GENE_97,-0.24161046882355916,0.19834530324405114,0.24161046882355916
rs1015,GENE_98,-0.18272415838630135,0.3338118349873505,0.18272415838630135
rs1015,GENE_99,0.19660602604040944,0.29773397204082364,0.19660602604040944
rs1015,GENE_100,0.1382255289717819,0.4663502663458689,0.1382255289717819
rs1016,GENE_1,-0.08925846524715322,0.6390315709273164,0.08925846524715322
rs1016,GENE_2,-0.29810871970704866,0.10958722238781013,0.29810871970704866
rs1016,GENE_3,0.04990089785827712,0.7934233982343425,0.04990089785827712
rs1016,GENE_4,0.3491507359132039,0.0586079274949086,0.3491507359132039
rs1016,GENE_5,0.21769659754792678,0.24783133666214513,0.21769659754792678
rs1016,GENE_6,0.015845573549005947,0.9337664730027669,0.015845573549005947
rs1016,GENE_7,0.25908408876704553,0.1668171998375215,0.25908408876704553
rs1016,GENE_8,0.03435967250080246,0.8569548133709091,0.03435967250080246
rs1016,GENE_9,0.2967183884970572,0.1113325559575702,0.2967183884970572
rs1016,GENE_10,0.19260200859534854,0.3078771112722085,0.19260200859534854
rs1016,GENE_11,-0.2545359530479014,0.17465666010036007,0.2545359530479014
rs1016,GENE_12,-0.24843906453206382,0.18556841332577775,0.24843906453206382
rs1016,GENE_13,-0.14583057148889111,0.4419340674579737,0.14583057148889111
rs1016,GENE_14,0.2280679587805238,0.2254533702080441,0.2280679587805238
rs1016,GENE_15,0.16983750876319928,0.3695832577652451,0.16983750876319928
rs1016,GENE_16,-0.31384392058587773,0.09123328570680966,0.31384392058587773
rs1016,GENE_17,0.1978414664019942,0.2946474317411119,0.1978414664019942
rs1016,GENE_18,-0.1270483162039041,0.5034809605324881,0.1270483162039041
rs1016,GENE_19,0.3111347807925215,0.09421425588679827,0.3111347807925215
rs1016,GENE_20,0.2603371886992183,0.16470191659217326,0.2603371886992183
rs1016,GENE_21,-0.17373474303238357,0.3585354048488065,0.17373474303238357
rs1016,GENE_22,0.11945654582946641,0.5295150972920578,0.11945654582946641
rs1016,GENE_23,0.20333906362247242,0.2811593393182732,0.20333906362247242
rs1016,GENE_24,-0.14750858933802735,0.4366415785600379,0.14750858933802735
rs1016,GENE_25,0.11569012217917272,0.5426666628216872,0.11569012217917272
rs1016,GENE_26,0.17538130028217308,0.35392740846685833,0.17538130028217308
rs1016,GENE_27,-0.1954618358338607,0.300610683729809,0.1954618358338607
rs1016,GENE_28,-0.03180085537808425,0.8675107526102265,0.03180085537808425
rs1016,GENE_29,-0.026546329043759354,0.8892555771031753,0.026546329043759354
rs1016,GENE_30,-0.20578950585112193,0.27527709876213086,0.20578950585112193
rs1016,GENE_31,0.07667885914777334,0.6871429368512787,0.07667885914777334
rs1016,GENE_32,0.1287934586947196,0.49758816869919975,0.1287934586947196
rs1016,GENE_33,0.16787393683934815,0.37522448736827035,0.16787393683934815
rs1016,GENE_34,0.29831113263272707,0.10933484034672791,0.29831113263272707
rs1016,GENE_35,-0.16146784450703225,0.39397528616697214,0.16146784450703225
rs1016,GENE_36,-0.16907357536396078,0.37177204475810777,0.16907357536396078
rs1016,GENE_37,-0.07929824977152787,0.6770179195257139,0.07929824977152787
rs1016,GENE_38,-0.01050775679337584,0.9560514525975906,0.01050775679337584
rs1016,GENE_39,-0.2719644487018975,0.14597890360787916,0.2719644487018975
rs1016,GENE_40,0.34603881262841896,0.06104956284132231,0.34603881262841896
rs1016,GENE_41,-0.21210734737995374,0.26048000836736257,0.21210734737995374
rs1016,GENE_42,0.09690668960245322,0.6104523571793807,0.09690668960245322
rs1016,GENE_43,0.047003677993986005,0.8051818495313482,0.047003677993986005
rs1016,GENE_44,0.33962403572367494,0.06633340341886411,0.33962403572367494
rs1016,GENE_45,-0.10356326065396844,0.5860255830620922,0.10356326065396844
rs1016,GENE_46,0.1930356465437536,0.3067682909930599,0.1930356465437536
rs1016,GENE_47,0.025281041973721212,0.8945041114587776,0.025281041973721212
rs1016,GENE_48,0.012334478836509007,0.9484205365728712,0.012334478836509007
rs1016,GENE_49,0.03859376904841704,0.8395416455126077,0.03859376904841704
rs1016,GENE_50,0.23726367080504496,0.20678819698337197,0.23726367080504496
rs1016,GENE_51,0.06129433339322332,0.7476343676004912,0.06129433339322332
rs1016,GENE_52,-0.28123237419085084,0.13219707341572653,0.28123237419085084
rs1016,GENE_53,0.043022695359675844,0.8214064622127748,0.043022695359675844
rs1016,GENE_54,0.1897774366196234,0.3151608331353567,0.1897774366196234
rs1016,GENE_55,-0.011837667521182212,0.9504954924670931,0.011837667521182212
rs1016,GENE_56,0.2764013949041397,0.13925684227896182,0.2764013949041397
rs1016,GENE_57,-0.17914816900320604,0.34351942838504873,0.17914816900320604
rs1016,GENE_58,0.4852851765994186,0.006562597619812292,0.4852851765994186
rs1016,GENE_59,0.14545222906501087,0.4431321394372805,0.14545222906501087
rs1016,GENE_60,0.3989721876108514,0.028961752880212965,0.3989721876108514
rs1016,GENE_61,-0.06661960795118542,0.7265077190072403,0.06661960795118542
rs1016,GENE_62,0.2189659544347933,0.24501637913508081,0.2189659544347933
rs1016,GENE_63,0.03865410091969478,0.8392940400152765,0.03865410091969478
rs1016,GENE_64,0.12862062460417506,0.4981702214865295,0.12862062460417506
rs1016,GENE_65,-0.2295083730620749,0.22245704330734922,0.2295083730620749
rs1016,GENE_66,0.30016694012208106,0.10704110070961334,0.30016694012208106
rs1016,GENE_67,-0.08643948652421894,0.6496973024921647,0.08643948652421894
rs1016,GENE_68,-0.1999877299436436,0.2893337302794404,0.1999877299436436
rs1016,GENE_69,0.23408114795204762,0.21312387946390704,0.23408114795204762
rs1016,GENE_70,-0.10629908533003496,0.5761122549109623,0.10629908533003496
rs1016,GENE_71,0.17802028011835475,0.34661624920243767,0.17802028011835475
rs1016,GENE_72,0.20241837248555222,0.28339012288873816,0.20241837248555222
rs1016,GENE_73,-0.13079827691133133,0.4908616440177913,0.13079827691133133
rs1016,GENE_74,-0.18972183639320422,0.31530527444918915,0.18972183639320422
rs1016,GENE_75,0.14403875230077037,0.44762358935319235,0.14403875230077037
rs1016,GENE_76,0.022340138453878746,0.9067197804102541,0.022340138453878746
rs1016,GENE_77,-0.12223361338455618,0.5199173490818627,0.12223361338455618
rs1016,GENE_78,0.20235268905709114,0.28354970199613916,0.20235268905709114
rs1016,GENE_79,0.3056993910622984,0.10041683564307274,0.3056993910622984
rs1016,GENE_80,0.19507873902114128,0.30157776037156236,0.19507873902114128
rs1016,GENE_81,0.18592542758803368,0.3252649321599698,0.18592542758803368
rs1016,GENE_82,0.05238461106905202,0.7833782922712946,0.05238461106905202
rs1016,GENE_83,-0.16704705453592597,0.3776150352053957,0.16704705453592597
rs1016,GENE_84,0.17252132534274645,0.3619539416776038,0.17252132534274645
rs1016,GENE_85,-0.031046513618950135,0.8706270037020624,0.031046513618950135
rs1016,GENE_86,-0.31894065689486506,0.085820051895904,0.31894065689486506
rs1016,GENE_87,-0.2681601519238192,0.15192680605212733,0.2681601519238192
rs1016,GENE_88,0.02792013279782226,0.8835621033709677,0.02792013279782226
rs1016,GENE_89,-0.030113192426679543,0.8744852589736187,0.030113192426679543
rs1016,GENE_90,0.07540795459761176,0.6920748136995606,0.07540795459761176
rs1016,GENE_91,0.07027416879357017,0.7121210868296755,0.07027416879357017
rs1016,GENE_92,-0.2742962586108906,0.14241750753234272,0.2742962586108906
rs1016,GENE_93,0.05708006771509746,0.7644821886240336,0.05708006771509746
rs1016,GENE_94,0.0033074201706943004,0.9861607977814478,0.0033074201706943004
rs1016,GENE_95,-0.1258280060320819,0.5076221507737134,0.1258280060320819
rs1016,GENE_96,-0.1095326222756627,0.5644929457729991,0.1095326222756627
rs1016,GENE_97,0.043761927869199725,0.8183880220331822,0.043761927869199725
rs1016,GENE_98,0.062163089101944735,0.7441750895409495,0.062163089101944735
rs1016,GENE_99,0.3136650996497271,0.09142781233699208,0.3136650996497271
rs1016,GENE_100,-0.2420724145684134,0.1974622766772457,0.2420724145684134
rs1017,GENE_1,0.42316087113076845,0.01980975458191682,0.42316087113076845
rs1017,GENE_2,-0.21416073697726587,0.2557849820621091,0.21416073697726587
rs1017,GENE_3,0.21685693425068897,0.24970510442759836,0.21685693425068897
rs1017,GENE_4,0.05823385710790104,0.7598587148416909,0.05823385710790104
rs1017,GENE_5,-0.10449866785029738,0.5826277034707787,0.10449866785029738
rs1017,GENE_6,0.12247917013959853,0.5190727884017207,0.12247917013959853
rs1017,GENE_7,0.15073076495209625,0.42657625239562275,0.15073076495209625
rs1017,GENE_8,0.19806194434960683,0.29409874405228165,0.19806194434960683
rs1017,GENE_9,-0.13060592949081254,0.49150499416189697,0.13060592949081254
rs1017,GENE_10,0.2081560855901737,0.2696720939238642,0.2081560855901737
rs1017,GENE_11,0.026710754528681543,0.8885738561694742,0.026710754528681543
rs1017,GENE_12,0.32115958694725016,0.08354146521587832,0.32115958694725016
rs1017,GENE_13,0.11220554720384406,0.5549694073871692,0.11220554720384406
rs1017,GENE_14,-0.07125819841389225,0.7082635904139377,0.07125819841389225
rs1017,GENE_15,0.2537791553540015,0.17598592574159028,0.2537791553540015
rs1017,GENE_16,0.10944799580802753,0.5647956765697545,0.10944799580802753
rs1017,GENE_17,-0.19497705275418498,0.3018347821546299,0.19497705275418498
rs1017,GENE_18,-0.10288421943993774,0.5884976393947838,0.10288421943993774
rs1017,GENE_19,0.01772302874584017,0.925939037834231,0.01772302874584017
rs1017,GENE_20,-0.15049223316389282,0.42731695633807254,0.15049223316389282
rs1017,GENE_21,0.019794151377984823,0.9173120526275915,0.019794151377984823
rs1017,GENE_22,0.09878039336897018,0.6035335376867575,0.09878039336897018
rs1017,GENE_23,0.20108490800017717,0.2866410677184775,0.20108490800017717
rs1017,GENE_24,-0.3028539801916785,0.1037840835248099,0.3028539801916785
rs1017,GENE_25,0.32637287184614366,0.07837033377806553,0.32637287184614366
rs1017,GENE_26,-0.2758108540636172,0.14013828566231235,0.2758108540636172
rs1017,GENE_27,-0.03373431634445538,0.8595324464318996,0.03373431634445538
rs1017,GENE_28,0.21446644739964596,0.25509076741187076,0.21446644739964596
rs1017,GENE_29,0.2720354635894507,0.14586949985986153,0.2720354635894507
rs1017,GENE_30,-0.015400773813556496,0.9356218342299255,0.015400773813556496
rs1017,GENE_31,0.19954363705796108,0.29042817285413747,0.19954363705796108
rs1017,GENE_32,-0.4324229812541212,0.01700810331938078,0.4324229812541212
rs1017,GENE_33,0.1773729344729443,0.34840121556413495,0.1773729344729443
rs1017,GENE_34,0.005839379337553844,0.9755688004084988,0.005839379337553844
rs1017,GENE_35,0.20102162513589455,0.2867959385474564,0.20102162513589455
rs1017,GENE_36,-0.2554038672779325,0.17314096455609096,0.2554038672779325
rs1017,GENE_37,0.22365609168820405,0.23479982735061403,0.22365609168820405
rs1017,GENE_38,0.12463073139257876,0.5117015284791583,0.12463073139257876
rs1017,GENE_39,0.19119291668791935,0.311497467163536,0.19119291668791935
rs1017,GENE_40,-0.11665128297341515,0.5392959233642247,0.11665128297341515
rs1017,GENE_41,-0.02226714355178882,0.9070232572613955,0.02226714355178882
rs1017,GENE_42,0.06666183849458127,0.7263409405102246,0.06666183849458127
rs1017,GENE_43,-0.02510620231121627,0.8952297119470688,0.02510620231121627
rs1017,GENE_44,-0.13985270570014063,0.46106747943683,0.13985270570014063
rs1017,GENE_45,0.22028202806141498,0.24212029664465423,0.22028202806141498
rs1017,GENE_46,0.029615594114886224,0.8765434391727189,0.029615594114886224
rs1017,GENE_47,0.24097156253002372,0.1995710886345332,0.24097156253002372
rs1017,GENE_48,-0.22722120516585212,0.22722742683011576,0.22722120516585212
rs1017,GENE_49,0.19387513009526366,0.3046288317004284,0.19387513009526366
rs1017,GENE_50,-0.10280330871092204,0.5887924990266713,0.10280330871092204
rs1017,GENE_51,-0.18057741047515893,0.3396192725436577,0.18057741047515893
rs1017,GENE_52,-0.10485220649701107,0.5813457369592259,0.10485220649701107
rs1017,GENE_53,0.2310224171450452,0.21933672541601867,0.2310224171450452
rs1017,GENE_54,0.21619956592526732,0.2511785805542226,0.21619956592526732
rs1017,GENE_55,-0.31695319021471247,0.08790096932155779,0.31695319021471247
rs1017,GENE_56,-0.17336986159932233,0.3595613537499549,0.17336986159932233
rs1017,GENE_57,0.3941850716321971,0.031127859129406167,0.3941850716321971
rs1017,GENE_58,-0.22859935574690002,0.22434481271737003,0.22859935574690002
rs1017,GENE_59,0.2923234583438085,0.11698607342213092,0.2923234583438085
rs1017,GENE_60,-0.23298477882316349,0.2153368439174937,0.23298477882316349
rs1017,GENE_61,-0.1109463870985335,0.5594464941070224,0.1109463870985335
rs1017,GENE_62,-0.2428694891686571,0.19594503992756002,0.2428694891686571
rs1017,GENE_63,-0.17056394314111917,0.367508951086694,0.17056394314111917
rs1017,GENE_64,-0.057191633650400905,0.764034771203467,0.057191633650400905
rs1017,GENE_65,0.03135276519996797,0.8693616202736284,0.03135276519996797
rs1017,GENE_66,-0.03406041169755344,0.8581881474518669,0.03406041169755344
rs1017,GENE_67,0.2896279794845234,0.12055725658400004,0.2896279794845234
rs1017,GENE_68,-0.09791782546931055,0.6067145102919916,0.09791782546931055
rs1017,GENE_69,-0.31999114827276587,0.08473547446261756,0.31999114827276587
rs1017,GENE_70,-0.1747059858868033,0.35581302268909915,0.1747059858868033
rs1017,GENE_71,0.19050417971373768,0.31327664019788326,0.19050417971373768
rs1017,GENE_72,0.22549739644595831,0.2308680294176911,0.22549739644595831
rs1017,GENE_73,0.04126686174894778,0.8285858481687356,0.04126686174894778
rs1017,GENE_74,0.27575640319696465,0.14021976299190078,0.27575640319696465
rs1017,GENE_75,-0.09270086448002544,0.6261023511366859,0.09270086448002544
rs1017,GENE_76,0.003510879042014182,0.985309555348148,0.003510879042014182
rs1017,GENE_77,0.10756634098461886,0.5715458312151714,0.10756634098461886
rs1017,GENE_78,-0.20961470554924266,0.26625463385013515,0.20961470554924266
rs1017,GENE_79,-0.3345994929861855,0.07071538884779632,0.3345994929861855
rs1017,GENE_80,0.03368136753662729,0.8597507595907024,0.03368136753662729
rs1017,GENE_81,-0.09331168367555873,0.6238193559362035,0.09331168367555873
rs1017,GENE_82,0.07287461530610462,0.7019424392593036,0.07287461530610462
rs1017,GENE_83,0.15586592345376282,0.41080276345518923,0.15586592345376282
rs1017,GENE_84,0.3477782222406634,0.059675187418514505,0.3477782222406634
rs1017,GENE_85,0.017361182597269802,0.9274471322493855,0.017361182597269802
rs1017,GENE_86,-0.21825494261903972,0.2465905127860624,0.21825494261903972
rs1017,GENE_87,0.18391906107796505,0.33060575117141794,0.18391906107796505
rs1017,GENE_88,-0.2339240464417436,0.21344002456550215,0.2339240464417436
rs1017,GENE_89,0.22183238808418318,0.2387379697570209,0.22183238808418318
rs1017,GENE_90,-0.026497526465575856,0.8894579313350298,0.026497526465575856
rs1017,GENE_91,-0.24968045669555647,0.1833089596101692,0.24968045669555647
rs1017,GENE_92,0.0069619667955830595,0.970873854880018,0.0069619667955830595
rs1017,GENE_93,-0.11032642351158634,0.5616569131531528,0.11032642351158634
rs1017,GENE_94,-0.016216950538175314,0.9322176348955719,0.016216950538175314
rs1017,GENE_95,-0.15876867169417,0.40203346484363806,0.15876867169417
rs1017,GENE_96,0.05227328662984389,0.7838278148364205,0.05227328662984389
rs1017,GENE_97,-0.14655714612674609,0.43963819396854636,0.14655714612674609
rs1017,GENE_98,0.14279536092926268,0.45159470838497834,0.14279536092926268
rs1017,GENE_99,0.23714416592801393,0.20702374232890228,0.23714416592801393
rs1017,GENE_100,0.08643609050873427,0.649710193023017,0.08643609050873427
rs1018,GENE_1,-0.02052217634699729,0.9142816967011094,0.02052217634699729
rs1018,GENE_2,-0.18644681766024337,0.32388576120668927,0.18644681766024337
rs1018,GENE_3,-0.15840299521531775,0.40313230294642344,0.15840299521531775
rs1018,GENE_4,-0.1107458750574915,0.5601609632822169,0.1107458750574915
rs1018,GENE_5,-0.12230678789852092,0.5196656047598719,0.12230678789852092
rs1018,GENE_6,0.04885539530219137,0.797661627142057,0.04885539530219137
rs1018,GENE_7,-0.125470029885314,0.5088401603664935,0.125470029885314
rs1018,GENE_8,0.3416665846339542,0.06461372033994078,0.3416665846339542
rs1018,GENE_9,-0.08306275434864493,0.6625630639341755,0.08306275434864493
rs1018,GENE_10,0.24580907789547207,0.19041937357311317,0.24580907789547207
rs1018,GENE_11,0.0780272977479423,0.6819239111845464,0.0780272977479423
rs1018,GENE_12,0.19936352904662133,0.2908727885972464,0.19936352904662133
rs1018,GENE_13,0.28071539058922346,0.13293979050074178,0.28071539058922346
rs1018,GENE_14,-0.2994270888343147,0.1079511826685658,0.2994270888343147
rs1018,GENE_15,0.032153241645005326,0.8660556782194957,0.032153241645005326
rs1018,GENE_16,0.00062029958086293,0.9974043685089788,0.00062029958086293
rs1018,GENE_17,-0.17215800430836112,0.3629812613805857,0.17215800430836112
rs1018,GENE_18,0.34687593315801063,0.060385061313663155,0.34687593315801063
rs1018,GENE_19,-0.1809425094514237,0.3386273012266445,0.1809425094514237
rs1018,GENE_20,-0.17718846431427734,0.348910875643581,0.17718846431427734
rs1018,GENE_21,0.11096247905242708,0.559389173006236,0.11096247905242708
rs1018,GENE_22,-0.16051682808985557,0.3968038681920459,0.16051682808985557
rs1018,GENE_23,-0.22715013683746746,0.22737675065726431,0.22715013683746746
rs1018,GENE_24,-0.11643142410047137,0.5400660812220995,0.11643142410047137
rs1018,GENE_25,0.14153314799121053,0.45564512462051626,0.14153314799121053
rs1018,GENE_26,-0.05398525553358884,0.7769225914930166,0.05398525553358884
rs1018,GENE_27,-0.18044240335072062,0.3399865315249634,0.18044240335072062
rs1018,GENE_28,0.2215047087707939,0.23945020746522677,0.2215047087707939
rs1018,GENE_29,0.34587686998012085,0.061178770168471855,0.34587686998012085
rs1018,GENE_30,0.03343818515306835,0.8607535544725595,0.03343818515306835
rs1018,GENE_31,0.33839773945578444,0.06738284617751147,0.33839773945578444
rs1018,GENE_32,-0.05114894478372206,0.7883716513655353,0.05114894478372206
rs1018,GENE_33,-0.014931907885285037,0.937577938727082,0.014931907885285037
rs1018,GENE_34,-0.07166804958191483,0.7066590103928151,0.07166804958191483
rs1018,GENE_35,0.2361591747543382,0.20897218099483292,0.2361591747543382
rs1018,GENE_36,0.1638203097293327,0.38702817908055054,0.1638203097293327
rs1018,GENE_37,0.12390653685546305,0.5141768427896755,0.12390653685546305
rs1018,GENE_38,0.3145630224144099,0.090454199159279,0.3145630224144099
rs1018,GENE_39,0.1531460924998884,0.41911599949797423,0.1531460924998884
rs1018,GENE_40,-0.00010652196027867536,0.9995542602146984,0.00010652196027867536
rs1018,GENE_41,0.3015643224415627,0.10533788712210833,0.3015643224415627
rs1018,GENE_42,0.2545375755844837,0.17465381785303688,0.2545375755844837
rs1018,GENE_43,0.23401579834780661,0.2132553476896461,0.23401579834780661
rs1018,GENE_44,-0.09529224432956582,0.6164403677104332,0.09529224432956582
rs1018,GENE_45,0.3430631095153713,0.06345809808687397,0.3430631095153713
rs1018,GENE_46,-0.11186785373826329,0.5561684887924114,0.11186785373826329
rs1018,GENE_47,-0.14232716424270764,0.453094891592766,0.14232716424270764
rs1018,GENE_48,0.004129322782071619,0.9827221772486187,0.004129322782071619
rs1018,GENE_49,0.2661974173658437,0.15506278068295445,0.2661974173658437
rs1018,GENE_50,-0.13942606113555972,0.46244955589120923,0.13942606113555972
rs1018,GENE_51,-0.24475594489663538,0.19238637975603254,0.24475594489663538
rs1018,GENE_52,0.18688753249733295,0.32272280352144816,0.18688753249733295
rs1018,GENE_53,0.0436896383720292,0.8186830835916522,0.0436896383720292
rs1018,GENE_54,0.09467478709719915,0.6187369495836894,0.09467478709719915
rs1018,GENE_55,-0.28566652745113186,0.12595114757573397,0.28566652745113186
rs1018,GENE_56,-0.2519678816658427,0.1791962217710866,0.2519678816658427
rs1018,GENE_57,-0.01786189694013986,0.9253603325370162,0.01786189694013986
rs1018,GENE_58,-0.20970436377995025,0.2660454932922031,0.20970436377995025
rs1018,GENE_59,0.173143292976731,0.36019928037349985,0.173143292976731
rs1018,GENE_60,-0.20471493652345688,0.27784673214547145,0.20471493652345688
rs1018,GENE_61,-0.29171491366736696,0.11778537531805666,0.29171491366736696
rs1018,GENE_62,0.03666831216315602,0.8474515945494278,0.03666831216315602
rs1018,GENE_63,-0.02235559924399489,0.9066555037104275,0.02235559924399489
rs1018,GENE_64,0.08684735099971182,0.6481498600602096,0.08684735099971182
rs1018,GENE_65,-0.20016528918279522,0.2888968810688371,0.20016528918279522
rs1018,GENE_66,-0.3655283786205167,0.04699429767899566,0.3655283786205167
rs1018,GENE_67,-0.06635234484171974,0.7275634887233816,0.06635234484171974
rs1018,GENE_68,-0.2085875287775783,0.2686582997934782,0.2085875287775783
rs1018,GENE_69,-0.1843512377462501,0.329450817563104,0.1843512377462501
rs1018,GENE_70,0.35826645955114883,0.05189459077450731,0.35826645955114883
rs1018,GENE_71,-0.16190458825327667,0.39268016710239945,0.16190458825327667
rs1018,GENE_72,-0.1733985630226103,0.35948058992555704,0.1733985630226103
rs1018,GENE_73,-0.1972469916472678,0.29613008758194886,0.1972469916472678
rs1018,GENE_74,0.36836693008202376,0.04518195380084386,0.36836693008202376
rs1018,GENE_75,0.03206257705546478,0.8664300098962096,0.03206257705546478
rs1018,GENE_76,-0.10951564749130265,0.5645536630553502,0.10951564749130265
rs1018,GENE_77,0.07391283252832202,0.6978926183869381,0.07391283252832202
rs1018,GENE_78,-0.07453824325643918,0.6954569613440211,0.07453824325643918
rs1018,GENE_79,-0.40143865294196523,0.027894529666793195,0.40143865294196523
rs1018,GENE_80,0.10553330830406228,0.5788795164046227,0.10553330830406228
rs1018,GENE_81,0.04135099443658139,0.8282415263019476,0.04135099443658139
rs1018,GENE_82,0.16823923695090914,0.37417121237955314,0.16823923695090914
rs1018,GENE_83,-0.1237338607263844,0.5147679217275917,0.1237338607263844
rs1018,GENE_84,-0.16264029251270498,0.39050403572881387,0.16264029251270498
rs1018,GENE_85,-0.20636806115402373,0.27389996135518047,0.20636806115402373
rs1018,GENE_86,0.0036189633484227167,0.9848573526451003,0.0036189633484227167
rs1018,GENE_87,0.017263963052997506,0.9278523639357703,0.017263963052997506
rs1018,GENE_88,-0.2004623923970357,0.2881668577459377,0.2004623923970357
rs1018,GENE_89,-0.04754036771232125,0.8030004516698928,0.04754036771232125
rs1018,GENE_90,-0.12043518731844721,0.5261231504676485,0.12043518731844721
rs1018,GENE_91,0.028465723753094214,0.881302563681982,0.028465723753094214
rs1018,GENE_92,-0.0049831221274717835,0.9791504314567636,0.0049831221274717835
rs1018,GENE_93,0.04050335588152355,0.8317119920846553,0.04050335588152355
rs1018,GENE_94,-0.151610088560098,0.42385184230062445,0.151610088560098
rs1018,GENE_95,0.03094947300341937,0.87102802576118,0.03094947300341937
rs1018,GENE_96,-0.15762359421823174,0.4054800280802337,0.15762359421823174
rs1018,GENE_97,-0.06232114527932676,0.743546251421697,0.06232114527932676
rs1018,GENE_98,0.15990876496492276,0.3986184670045293,0.15990876496492276
rs1018,GENE_99,-0.2831556718717491,0.12946066162527337,0.2831556718717491
rs1018,GENE_100,-0.08739157394921411,0.6460873083062837,0.08739157394921411
rs1019,GENE_1,0.04251814587282299,0.8234680816644447,0.04251814587282299
rs1019,GENE_2,0.14157448015110535,0.4555121853124685,0.14157448015110535
rs1019,GENE_3,0.2863267860557894,0.12504002313209858,0.2863267860557894
rs1019,GENE_4,0.09179280496837693,0.6295025760105469,0.09179280496837693
rs1019,GENE_5,-0.0959960669336678,0.6138268786499972,0.0959960669336678
rs1019,GENE_6,-0.22058493258150602,0.24145697703814886,0.22058493258150602
rs1019,GENE_7,-0.03441690882940493,0.8567189646163644,0.03441690882940493
rs1019,GENE_8,0.1619813280272195,0.3924528553822736,0.1619813280272195
rs1019,GENE_9,-0.18734303818560205,0.32152352469055523,0.18734303818560205
rs1019,GENE_10,0.3074671034071721,0.0983667845610315,0.3074671034071721
rs1019,GENE_11,-0.18561674254611119,0.3260831590524921,0.18561674254611119
rs1019,GENE_12,0.05876907167950998,0.7577167391777434,0.05876907167950998
rs1019,GENE_13,0.3227926280131168,0.08189431307247251,0.3227926280131168
rs1019,GENE_14,-0.06658982798540783,0.7266253345690975,0.06658982798540783
rs1019,GENE_15,0.27906435122128226,0.13533217472826647,0.27906435122128226
rs1019,GENE_16,-0.19105199983023308,0.3118609757717752,0.19105199983023308
rs1019,GENE_17,-0.3852498445066824,0.03552166507755773,0.3852498445066824
rs1019,GENE_18,-0.016162830471197046,0.9324433291787206,0.016162830471197046
rs1019,GENE_19,-0.2047027249081629,0.2778760223690578,0.2047027249081629
rs1019,GENE_20,0.005292922146901316,0.9778545221204337,0.005292922146901316
rs1019,GENE_21,-0.18189455363607687,0.33604888377752323,0.18189455363607687
rs1019,GENE_22,-0.2136318531648113,0.25698891180552075,0.2136318531648113
rs1019,GENE_23,0.11527399756204951,0.5441290611760741,0.11527399756204951
rs1019,GENE_24,0.03682972436720032,0.846787929667964,0.03682972436720032
rs1019,GENE_25,0.11299333914652826,0.552176769936374,0.11299333914652826
rs1019,GENE_26,0.13472059195077438,0.4778364235118278,0.13472059195077438
rs1019,GENE_27,-0.12279940097310214,0.5179724029377786,0.12279940097310214
rs1019,GENE_28,-0.018242580382280223,0.923774103083608,0.018242580382280223
rs1019,GENE_29,0.2674019383418731,0.15313279119799528,0.2674019383418731
rs1019,GENE_30,0.37344081946819424,0.04208142928093611,0.37344081946819424
rs1019,GENE_31,0.5100280786542448,0.003985709431433755,0.5100280786542448
rs1019,GENE_32,-0.28060995725136434,0.13309163384387707,0.28060995725136434
rs1019,GENE_33,-0.06447509098868032,0.7349928881126075,0.06447509098868032
rs1019,GENE_34,-0.14482002438802574,0.44513801008627585,0.14482002438802574
rs1019,GENE_35,-0.011155908293465494,0.9533434059044648,0.011155908293465494
rs1019,GENE_36,-0.2451909822714799,0.191572127584045,0.2451909822714799
rs1019,GENE_37,-0.075488915070683,0.6917602672442692,0.075488915070683
rs1019,GENE_38,-0.06004123195108561,0.7526325208500374,0.06004123195108561
rs1019,GENE_39,0.1940442317637824,0.30419900467272176,0.1940442317637824
rs1019,GENE_40,-0.024809568002389183,0.8964609605496546,0.024809568002389183
rs1019,GENE_41,-0.17229395416617546,0.36259665031756794,0.17229395416617546
rs1019,GENE_42,0.10729706450487245,0.5725147781380656,0.10729706450487245
rs1019,GENE_43,0.18988833800740293,0.31487285018788713,0.18988833800740293
rs1019,GENE_44,0.11637457664590349,0.5402653004490813,0.11637457664590349
rs1019,GENE_45,0.481130669702275,0.007110825467908107,0.481130669702275
rs1019,GENE_46,-0.1367891332626377,0.47103992091121816,0.1367891332626377
rs1019,GENE_47,0.19714926042686426,0.29637428601347005,0.19714926042686426
rs1019,GENE_48,-0.03611958640775043,0.8497085059585646,0.03611958640775043
rs1019,GENE_49,0.32824711712514354,0.07657267362012622,0.32824711712514354
rs1019,GENE_50,-0.18701424978769504,0.32238889921184144,0.18701424978769504
rs1019,GENE_51,0.1601422079898928,0.3979212620206623,0.1601422079898928
rs1019,GENE_52,-0.2821075277422151,0.1309467279538842,0.2821075277422151
rs1019,GENE_53,0.0472994974601557,0.803979300498148,0.0472994974601557
rs1019,GENE_54,-0.01153052147478623,0.9517784620081947,0.01153052147478623
rs1019,GENE_55,0.17732804798229654,0.3485251882127385,0.17732804798229654
rs1019,GENE_56,0.07699250796350325,0.6859277146298481,0.07699250796350325
rs1019,GENE_57,0.3692398159807879,0.044635975388948035,0.3692398159807879
rs1019,GENE_58,-0.26688038608544934,0.15396633703235627,0.26688038608544934
rs1019,GENE_59,0.17349115790997596,0.35922010775062224,0.17349115790997596
rs1019,GENE_60,-0.07106055282490395,0.7090378172454898,0.07106055282490395
rs1019,GENE_61,-0.07677736062212036,0.6867612135806921,0.07677736062212036
rs1019,GENE_62,-0.21782430263726693,0.24754717091041467,0.21782430263726693
rs1019,GENE_63,-0.19452796234390926,0.3029715488996316,0.19452796234390926
rs1019,GENE_64,0.1069201560823802,0.5738722576670344,0.1069201560823802
rs1019,GENE_65,-0.1803086880925839,0.34035051333406424,0.1803086880925839
rs1019,GENE_66,-0.15117309760896722,0.4252045677689638,0.15117309760896722
rs1019,GENE_67,0.27492073988479665,0.14147452764998075,0.27492073988479665
rs1019,GENE_68,-0.2719973471505702,0.14592821370929046,0.2719973471505702
rs1019,GENE_69,-0.22669998498960597,0.22832411396028723,0.22669998498960597
rs1019,GENE_70,-0.0972404528613427,0.6092174728167724,0.0972404528613427
rs1019,GENE_71,0.30453606690193413,0.10178341864535931,0.30453606690193413
rs1019,GENE_72,-0.0804778951042055,0.6724759372921039,0.0804778951042055
rs1019,GENE_73,0.02276348444448911,0.9049599714315891,0.02276348444448911
rs1019,GENE_74,0.10737889665929846,0.5722202406740062,0.10737889665929846
rs1019,GENE_75,-0.10968016628841894,0.563965319228233,0.10968016628841894
rs1019,GENE_76,0.1057063466192586,0.5782536980524415,0.1057063466192586
rs1019,GENE_77,0.06667190928904998,0.7263011703491644,0.06667190928904998
rs1019,GENE_78,-0.24051603436188923,0.20044823799540482,0.24051603436188923
rs1019,GENE_79,-0.13490124297653247,0.4772408550924244,0.13490124297653247
rs1019,GENE_80,0.17192682574587045,0.36363583463088445,0.17192682574587045
rs1019,GENE_81,0.09723400151115179,0.6092413320879194,0.09723400151115179
rs1019,GENE_82,0.2810908175470497,0.13240013600499972,0.2810908175470497
rs1019,GENE_83,-0.15422455568889448,0.4158085175477184,0.15422455568889448
rs1019,GENE_84,-0.06000695110546817,0.7527693932106917,0.06000695110546817
rs1019,GENE_85,-0.09391997333766267,0.6215492042892244,0.09391997333766267
rs1019,GENE_86,0.05159444155384715,0.7865704286306993,0.05159444155384715
rs1019,GENE_87,0.19302560795837184,0.3067939315334058,0.19302560795837184
rs1019,GENE_88,-0.2025907172365074,0.2829716815396989,0.2025907172365074
rs1019,GENE_89,-0.050877852001684945,0.7894682520834511,0.050877852001684945
rs1019,GENE_90,-0.12771430593387706,0.5012280232071892,0.12771430593387706
rs1019,GENE_91,-0.2222916917181768,0.23774201637618614,0.2222916917181768
rs1019,GENE_92,0.19991705799256856,0.2895077215089394,0.19991705799256856
rs1019,GENE_93,0.4104490386914818,0.02426460500952359,0.4104490386914818
rs1019,GENE_94,0.028773765038117845,0.8800272270965428,0.028773765038117845
rs1019,GENE_95,0.1694918399170674,0.3705727127625016,0.1694918399170674
rs1019,GENE_96,0.3801040584920336,0.03827064327546869,0.3801040584920336
rs1019,GENE_97,0.11918008785168452,0.5304751936951146,0.11918008785168452
rs1019,GENE_98,0.10789863718631101,0.570351135618049,0.10789863718631101
rs1019,GENE_99,0.009222644909544319,0.9614221779521942,0.009222644909544319
rs1019,GENE_100,-0.14984218862417756,0.42933910626730865,0.14984218862417756
rs1020,GENE_1,-0.05492367602997154,0.7731444955070883,0.05492367602997154
rs1020,GENE_2,0.14596743216595082,0.44150111185154756,0.14596743216595082
rs1020,GENE_3,0.20836396361818332,0.26918331822516045,0.20836396361818332
rs1020,GENE_4,0.12934300457495906,0.49573974169593776,0.12934300457495906
rs1020,GENE_5,0.20499334353867735,0.27717949680651705,0.20499334353867735
rs1020,GENE_6,-0.043939782809866164,0.8176621812100413,0.043939782809866164
rs1020,GENE_7,-0.03243040514153547,0.8649115151095932,0.03243040514153547
rs1020,GENE_8,-0.3834107004998435,0.03648527577842629,0.3834107004998435
rs1020,GENE_9,0.2493829279722309,0.1838487267201975,0.2493829279722309
rs1020,GENE_10,-0.2723125869481198,0.1454431379365904,0.2723125869481198
rs1020,GENE_11,-0.011098524449484413,0.9535831416673141,0.011098524449484413
rs1020,GENE_12,-0.1188329805003749,0.5316818263452868,0.1188329805003749
rs1020,GENE_13,-0.11272372587987259,0.5531317854430171,0.11272372587987259
rs1020,GENE_14,0.20155593830035406,0.2854900027631106,0.20155593830035406
rs1020,GENE_15,-0.057635344995442414,0.7622560757909281,0.057635344995442414
rs1020,GENE_16,-0.058875016433398486,0.7572929468426988,0.058875016433398486
rs1020,GENE_17,0.3850429851773899,0.0356290129778737,0.3850429851773899
rs1020,GENE_18,-0.3146545273791114,0.09035542512227493,0.3146545273791114
rs1020,GENE_19,0.0315113190232214,0.86870662480804,0.0315113190232214
rs1020,GENE_20,0.17241471245034953,0.3622552195893674,0.17241471245034953
rs1020,GENE_21,-0.2805951687317995,0.13311294216627584,0.2805951687317995
rs1020,GENE_22,0.2076832634824555,0.27078596443998704,0.2076832634824555
rs1020,GENE_23,0.10718164484081671,0.5729303223477495,0.10718164484081671
rs1020,GENE_24,0.0034792313994941376,0.985441963483077,0.0034792313994941376
rs1020,GENE_25,-0.09146266440023133,0.6307406331061276,0.09146266440023133
rs1020,GENE_26,0.15042771691842913,0.4275174178590504,0.15042771691842913
rs1020,GENE_27,-0.03330304408634045,0.8613109184789858,0.03330304408634045
rs1020,GENE_28,0.06675565425194066,0.7259704835738706,0.06675565425194066
rs1020,GENE_29,-0.10783198444929808,0.5705906801904034,0.10783198444929808
rs1020,GENE_30,0.09823104539179765,0.6055586008198593,0.09823104539179765
rs1020,GENE_31,-0.24423437390575156,0.19336576101563463,0.24423437390575156
rs1020,GENE_32,0.013066352799195326,0.9453644365227861,0.013066352799195326
rs1020,GENE_33,0.14114523648250502,0.456893794759437,0.14114523648250502
rs1020,GENE_34,0.23204867822051994,0.2172386559287255,0.23204867822051994
rs1020,GENE_35,0.0034594900699239733,0.9855245579041416,0.0034594900699239733
rs1020,GENE_36,-0.14943459937332168,0.43060970580600894,0.14943459937332168
rs1020,GENE_37,0.05507394373467172,0.7725399846002742,0.05507394373467172
rs1020,GENE_38,-0.1912133234484668,0.3114448478591063,0.1912133234484668
rs1020,GENE_39,-0.08771733776409688,0.6448539233692052,0.08771733776409688
rs1020,GENE_40,0.22436394447377994,0.23328305846030542,0.22436394447377994
rs1020,GENE_41,-0.08083648096362704,0.6710975032605477,0.08083648096362704
rs1020,GENE_42,-0.010737760058501435,0.9550904177863105,0.010737760058501435
rs1020,GENE_43,-0.12290087420412042,0.5176239561168482,0.12290087420412042
rs1020,GENE_44,0.21161160090008135,0.2616219105644511,0.21161160090008135
rs1020,GENE_45,-0.1938426619545821,0.30471140365096977,0.1938426619545821
rs1020,GENE_46,-0.00417551479792734,0.98252893066001,0.00417551479792734
rs1020,GENE_47,0.20670352479263204,0.27310349783619386,0.20670352479263204
rs1020,GENE_48,-0.13628703563555503,0.47268498838834966,0.13628703563555503
rs1020,GENE_49,-0.24570463699905537,0.19061381706123404,0.24570463699905537
rs1020,GENE_50,0.2205981201469475,0.24142812556073076,0.2205981201469475
rs1020,GENE_51,0.005875604057780509,0.9754172861176735,0.005875604057780509
rs1020,GENE_52,-0.08835686793979942,0.6424352650028723,0.08835686793979942
rs1020,GENE_53,0.07929636195426389,0.6770251971363203,0.07929636195426389
rs1020,GENE_54,0.00600034063221422,0.9748955666961859,0.00600034063221422
rs1020,GENE_55,0.30562317754136753,0.10050594003469918,0.30562317754136753
rs1020,GENE_56,0.3242584214831145,0.08043715838931595,0.3242584214831145
rs1020,GENE_57,-0.15723921594399395,0.4066406959491085,0.15723921594399395
rs1020,GENE_58,0.15142051695817804,0.42443837739854634,0.15142051695817804
rs1020,GENE_59,-0.08843982256014034,0.6421217981973976,0.08843982256014034
rs1020,GENE_60,0.15897466246218558,0.4014152222618397,0.15897466246218558
rs1020,GENE_61,0.06807688178058127,0.7207597287900782,0.06807688178058127
rs1020,GENE_62,0.07444986678170255,0.6958009633129937,0.07444986678170255
rs1020,GENE_63,-0.0885911312747733,0.6415501919100698,0.0885911312747733
rs1020,GENE_64,-0.1989933808261138,0.2917878964728457,0.1989933808261138
rs1020,GENE_65,0.013222597291366864,0.9447121004098227,0.013222597291366864
rs1020,GENE_66,0.2719495101196712,0.14600192516553587,0.2719495101196712
rs1020,GENE_67,-0.21947887013660144,0.24388496427466475,0.21947887013660144
rs1020,GENE_68,0.04006306654403116,0.8335158869185558,0.04006306654403116
rs1020,GENE_69,0.17981334598252313,0.34170092282147035,0.17981334598252313
rs1020,GENE_70,-0.1676776789572357,0.37579107476030604,0.1676776789572357
rs1020,GENE_71,-0.08722440364305456,0.6467205947089519,0.08722440364305456
rs1020,GENE_72,0.07831026476094193,0.6808305234793628,0.07831026476094193
rs1020,GENE_73,0.2219252543203313,0.23853637465841165,0.2219252543203313
rs1020,GENE_74,-0.09093995690663445,0.6327028378277829,0.09093995690663445
rs1020,GENE_75,-0.2631841847988915,0.15996717409501346,0.2631841847988915
rs1020,GENE_76,0.018896343974289274,0.9210506766744734,0.018896343974289274
rs1020,GENE_77,-0.08832767303788869,0.6425456002812878,0.08832767303788869
rs1020,GENE_78,0.03987932272051698,0.8342689432632532,0.03987932272051698
rs1020,GENE_79,0.2597262329964011,0.16573083685991086,0.2597262329964011
rs1020,GENE_80,-0.14007199841808599,0.4603579505210941,0.14007199841808599
rs1020,GENE_81,0.11281619460006077,0.5528041594758744,0.11281619460006077
rs1020,GENE_82,-0.014544788588726864,0.9391932659298609,0.014544788588726864
rs1020,GENE_83,-0.021265712102441995,0.9111879937767001,0.021265712102441995
rs1020,GENE_84,0.03669574240533211,0.8473388047216924,0.03669574240533211
rs1020,GENE_85,0.04420517151944809,0.8165793826848919,0.04420517151944809
rs1020,GENE_86,0.025313312347263126,0.8943701955803001,0.025313312347263126
rs1020,GENE_87,-0.1943722964848029,0.3033662074767374,0.1943722964848029
rs1020,GENE_88,0.2396217951179394,0.20217788143528773,0.2396217951179394
rs1020,GENE_89,0.039467085830668845,0.8359589783476776,0.039467085830668845
rs1020,GENE_90,0.14509787370641258,0.4442558425888706,0.14509787370641258
rs1020,GENE_91,-0.18833705160247122,0.3189160001466122,0.18833705160247122
rs1020,GENE_92,-0.24311698172204432,0.19547558353831032,0.24311698172204432
rs1020,GENE_93,-0.10140754243794582,0.5938891467799818,0.10140754243794582
rs1020,GENE_94,0.12266770860346562,0.5184247895531336,0.12266770860346562
rs1020,GENE_95,-0.14602059118274713,0.4413330064589193,0.14602059118274713
rs1020,GENE_96,-0.28009982865851824,0.13382810497567696,0.28009982865851824
rs1020,GENE_97,0.15080819395396053,0.4263359672037386,0.15080819395396053
rs1020,GENE_98,-0.05401631099767516,0.7767974813473464,0.05401631099767516
rs1020,GENE_99,0.09685422752566578,0.6106465560744176,0.09685422752566578
rs1020,GENE_100,0.14048953912114526,0.459008581344177,0.14048953912114526
rs1021,GENE_1,-0.039568954950327744,0.8355412817049013,0.039568954950327744
rs1021,GENE_2,-0.030515180636689822,0.8728231293357055,0.030515180636689822
rs1021,GENE_3,-0.2597926936636916,0.16561868838157115,0.2597926936636916
rs1021,GENE_4,-0.053889611627172075,0.7773079372013102,0.053889611627172075
rs1021,GENE_5,0.11504544699576427,0.5449330500066931,0.11504544699576427
rs1021,GENE_6,0.12203086861491104,0.520615167994703,0.12203086861491104
rs1021,GENE_7,0.0039793392196125705,0.983349647471165,0.0039793392196125705
rs1021,GENE_8,0.27249301283734584,0.14516603291307068,0.27249301283734584
rs1021,GENE_9,0.024737117430580415,0.8967617191623813,0.024737117430580415
rs1021,GENE_10,0.2212408314952162,0.24002479466127505,0.2212408314952162
rs1021,GENE_11,-0.0004475416920179174,0.9981272690264249,0.0004475416920179174
rs1021,GENE_12,-0.0731103184818952,0.7010223142100598,0.0731103184818952
rs1021,GENE_13,0.1903236755894416,0.3137439692257708,0.1903236755894416
rs1021,GENE_14,0.039620191431688837,0.8353312119707147,0.039620191431688837
rs1021,GENE_15,0.18197582124151673,0.3358293417814169,0.18197582124151673
rs1021,GENE_16,-0.02145715617534364,0.9103916376268307,0.02145715617534364
rs1021,GENE_17,-0.11490694434384614,0.5454205419813974,0.11490694434384614
rs1021,GENE_18,0.32801649474171646,0.07679214209925815,0.32801649474171646
rs1021,GENE_19,0.21729080821879815,0.24873571937286157,0.21729080821879815
rs1021,GENE_20,0.14441345880589737,0.44643054939438853,0.14441345880589737
rs1021,GENE_21,-0.16231325078452669,0.3914705322623585,0.16231325078452669
rs1021,GENE_22,-0.015674933321067726,0.9344782126574775,0.015674933321067726
rs1021,GENE_23,-0.011892234889936123,0.9502675735236555,0.011892234889936123
rs1021,GENE_24,-0.008766509952936034,0.9633288620738488,0.008766509952936034
rs1021,GENE_25,0.06147310820943058,0.7469221131750329,0.06147310820943058
rs1021,GENE_26,0.28709456647118986,0.12398664132282756,0.28709456647118986
rs1021,GENE_27,-0.024745906249928454,0.8967252340490595,0.024745906249928454
rs1021,GENE_28,0.3044480159639468,0.10188742078029435,0.3044480159639468
rs1021,GENE_29,0.10593961194631916,0.5774105362182095,0.10593961194631916
rs1021,GENE_30,-0.028038697145375463,0.8830709978394286,0.028038697145375463
rs1021,GENE_31,0.18751359294137365,0.3210751880705701,0.18751359294137365
rs1021,GENE_32,-0.2683030941266634,0.15170021562662903,0.2683030941266634
rs1021,GENE_33,0.23151594556565105,0.21832605535092864,0.23151594556565105
rs1021,GENE_34,-0.07016060118993028,0.7125667340758446,0.07016060118993028
rs1021,GENE_35,0.274032510933918,0.14281713884942523,0.274032510933918
rs1021,GENE_36,0.23659133864387358,0.20811576523806968,0.23659133864387358
rs1021,GENE_37,0.11854246138773271,0.5326927537092326,0.11854246138773271
rs1021,GENE_38,0.3628131990531637,0.048781490407558484,0.3628131990531637
rs1021,GENE_39,0.07901799680599872,0.6780986175251698,0.07901799680599872
rs1021,GENE_40,0.029733064376988038,0.8760574836872764,0.029733064376988038
rs1021,GENE_41,0.03873781624407755,0.8389504923813187,0.03873781624407755
rs1021,GENE_42,0.002680337190927899,0.9887845117880597,0.002680337190927899
rs1021,GENE_43,0.2542686814280787,0.17512529357178908,0.2542686814280787
rs1021,GENE_44,0.3884665696874565,0.033885664579138323,0.3884665696874565
rs1021,GENE_45,0.04861179980484249,0.7986499228676224,0.04861179980484249
rs1021,GENE_46,0.10543768082273584,0.5792254961317771,0.10543768082273584
rs1021,GENE_47,-0.2060630120527198,0.27462551526134577,0.2060630120527198
rs1021,GENE_48,-0.000635715670848928,0.9973398604044763,0.000635715670848928
rs1021,GENE_49,0.14862713379076675,0.4331329407221633,0.14862713379076675
rs1021,GENE_50,0.16376299319040447,0.38719659719599264,0.16376299319040447
rs1021,GENE_51,0.056176671862682034,0.7681078399059272,0.056176671862682034
rs1021,GENE_52,0.19940977394632414,0.29075858688785444,0.19940977394632414
rs1021,GENE_53,0.15559062101861826,0.41163999599011386,0.15559062101861826
rs1021,GENE_54,0.04329695131648803,0.8202863239893229,0.04329695131648803
rs1021,GENE_55,-0.1927001053649201,0.30762605689598704,0.1927001053649201
rs1021,GENE_56,-0.15142324612003755,0.42442993018332986,0.15142324612003755
rs1021,GENE_57,-0.2814561870411372,0.13187647993351181,0.2814561870411372
rs1021,GENE_58,0.31949924751104486,0.08524202429125852,0.31949924751104486
rs1021,GENE_59,0.15178684818121496,0.4233053515050121,0.15178684818121496
rs1021,GENE_60,0.21202775846219316,0.2606631134526924,0.21202775846219316
rs1021,GENE_61,0.04161869327476687,0.8271461485203623,0.04161869327476687
rs1021,GENE_62,-0.0057368546609752715,0.975997626816789,0.0057368546609752715
rs1021,GENE_63,0.16702064210521222,0.37769154043489667,0.16702064210521222
rs1021,GENE_64,0.3211231519483308,0.08357850200232896,0.3211231519483308
rs1021,GENE_65,-0.05781165275974575,0.7615496437767868,0.05781165275974575
rs1021,GENE_66,-0.2090619028854328,0.2675464866237806,0.2090619028854328
rs1021,GENE_67,0.03557590992871976,0.8519457985313164,0.03557590992871976
rs1021,GENE_68,-0.03615118661122001,0.8495785024118815,0.03615118661122001
rs1021,GENE_69,0.25018033553439745,0.1824045956574616,0.25018033553439745
rs1021,GENE_70,0.32826079099050093,0.07655967627531471,0.32826079099050093
rs1021,GENE_71,0.02156881262344211,0.9099272158973843,0.02156881262344211
rs1021,GENE_72,-0.013984336317559081,0.9415322746449533,0.013984336317559081
rs1021,GENE_73,-0.1288735233984031,0.4973186511116317,0.1288735233984031
rs1021,GENE_74,0.257486464917723,0.16954194518738172,0.257486464917723
rs1021,GENE_75,0.252060561499143,0.1790309642049781,0.252060561499143
rs1021,GENE_76,-0.0070924836245939895,0.9703280593580679,0.0070924836245939895
rs1021,GENE_77,0.2358346365294587,0.20961690028203056,0.2358346365294587
rs1021,GENE_78,-0.16587304160199817,0.3810243468385289,0.16587304160199817
rs1021,GENE_79,-0.13592898785130142,0.4738599160337114,0.13592898785130142
rs1021,GENE_80,0.29087660964370454,0.11889308024415612,0.29087660964370454
rs1021,GENE_81,0.22737927105646347,0.22689554674179205,0.22737927105646347
rs1021,GENE_82,0.05990942633226599,0.7531588183469751,0.05990942633226599
rs1021,GENE_83,0.02923397450717917,0.8781224405462366,0.02923397450717917
rs1021,GENE_84,0.002840488463572839,0.9881144271953299,0.002840488463572839
rs1021,GENE_85,-0.20842947231546471,0.2690294092891972,0.20842947231546471
rs1021,GENE_86,0.06844851762043914,0.719296238292439,0.06844851762043914
rs1021,GENE_87,-0.227996783366874,0.2256021308446862,0.227996783366874
rs1021,GENE_88,-0.26364855422559436,0.15920422196526335,0.26364855422559436
rs1021,GENE_89,-0.21668060823165036,0.2500997737110723,0.21668060823165036
rs1021,GENE_90,-0.177013934071639,0.34939348525925357,0.177013934071639
rs1021,GENE_91,-0.2147274698770682,0.2544990120966779,0.2147274698770682
rs1021,GENE_92,0.0037388498978493355,0.9843557771488315,0.0037388498978493355
rs1021,GENE_93,-0.11721249599095983,0.5373323754298974,0.11721249599095983
rs1021,GENE_94,0.07319650419883839,0.7006859705638786,0.07319650419883839
rs1021,GENE_95,-0.2927049607593733,0.11648704040556293,0.2927049607593733
rs1021,GENE_96,0.028546369504423977,0.8809686500686684,0.028546369504423977
rs1021,GENE_97,-0.05170592367075228,0.7861198550362342,0.05170592367075228
rs1021,GENE_98,0.17732958225565965,0.3485209502436204,0.17732958225565965
rs1021,GENE_99,-0.09902181019457665,0.6026445133244931,0.09902181019457665
rs1021,GENE_100,-0.06181239352791913,0.7455709330587132,0.06181239352791913
rs1022,GENE_1,-0.16116120386506014,0.39488605614488614,0.16116120386506014
rs1022,GENE_2,0.2778150046450142,0.13716328084631157,0.2778150046450142
rs1022,GENE_3,-0.16129289178739506,0.39449477537955396,0.16129289178739506
rs1022,GENE_4,-0.24057809274143038,0.2003285842926943,0.24057809274143038
rs1022,GENE_5,-0.36525998556628764,0.047168607121422776,0.36525998556628764
rs1022,GENE_6,0.3768880194799682,0.04007375732419892,0.3768880194799682
rs1022,GENE_7,0.09252459597902621,0.6267618031037139,0.09252459597902621
rs1022,GENE_8,-0.2270246862108721,0.22764050011042397,0.2270246862108721
rs1022,GENE_9,-0.23392258833328766,0.21344296030484539,0.23392258833328766
rs1022,GENE_10,-0.05119830929025344,0.7881720089940415,0.05119830929025344
rs1022,GENE_11,-0.15082327551552022,0.426289173322609,0.15082327551552022
rs1022,GENE_12,0.1166050554714071,0.5394578134795373,0.1166050554714071
rs1022,GENE_13,0.15640386024909786,0.40916958565990363,0.15640386024909786
rs1022,GENE_14,0.15258387333306647,0.4208460226771228,0.15258387333306647
rs1022,GENE_15,-0.26840730206191027,0.15153517971152808,0.26840730206191027
rs1022,GENE_16,-0.08923154318496028,0.6391331030344964,0.08923154318496028
rs1022,GENE_17,-0.2852474955349685,0.12653192059041124,0.2852474955349685
rs1022,GENE_18,-0.17133335444805836,0.3653194185074386,0.17133335444805836
rs1022,GENE_19,-0.16509924266978293,0.383281177500868,0.16509924266978293
rs1022,GENE_20,0.08668545661788737,0.6487639176922426,0.08668545661788737
rs1022,GENE_21,0.4004299128173312,0.028327066015256246,0.4004299128173312
rs1022,GENE_22,0.014244551814137191,0.9404462228551003,0.014244551814137191
rs1022,GENE_23,0.12292962260853137,0.517525258415899,0.12292962260853137
rs1022,GENE_24,0.3414115865491208,0.06482649140563317,0.3414115865491208
rs1022,GENE_25,-0.023867759915921976,0.900371699806098,0.023867759915921976
rs1022,GENE_26,0.13693456464366532,0.47056398939306615,0.13693456464366532
rs1022,GENE_27,-0.10353371896957213,0.5861330350454517,0.10353371896957213
rs1022,GENE_28,0.2500576846239298,0.18262620149488729,0.2500576846239298
rs1022,GENE_29,-0.2928730995309779,0.11626760506725244,0.2928730995309779
rs1022,GENE_30,0.2764531642617553,0.1391797639201628,0.2764531642617553
rs1022,GENE_31,0.06777596191041767,0.7219454510454508,0.06777596191041767
rs1022,GENE_32,0.11364562843125268,0.549869422201845,0.11364562843125268
rs1022,GENE_33,-0.3499302284232379,0.05800850167907807,0.3499302284232379
rs1022,GENE_34,-0.09930337187568977,0.6016083591834881,0.09930337187568977
rs1022,GENE_35,0.3021037506840468,0.10468586550788724,0.3021037506840468
rs1022,GENE_36,-0.24216181794076566,0.19729169335720884,0.24216181794076566
rs1022,GENE_37,-0.07478150485661597,0.6945103812313289,0.07478150485661597
rs1022,GENE_38,-0.31795844128597006,0.0868436979028856,0.31795844128597006
rs1022,GENE_39,0.23296843171070128,0.21536995764942524,0.23296843171070128
rs1022,GENE_40,-0.2734407706946725,0.14371670401956274,0.2734407706946725
rs1022,GENE_41,-0.011680914184187818,0.9511502466626959,0.011680914184187818
rs1022,GENE_42,-0.2056395690241958,0.27563472142539913,0.2056395690241958
rs1022,GENE_43,-0.18097295517304685,0.338544659908445,0.18097295517304685
rs1022,GENE_44,0.02976101898153948,0.8759418465065811,0.02976101898153948
rs1022,GENE_45,-0.08834096041704653,0.6424953828262888,0.08834096041704653
rs1022,GENE_46,-0.26059225959688115,0.16427369566943903,0.26059225959688115
rs1022,GENE_47,-0.13973417910416566,0.46145121656243143,0.13973417910416566
rs1022,GENE_48,0.2443298719662482,0.19318618097277665,0.2443298719662482
rs1022,GENE_49,-0.13645002954898197,0.4721506293091611,0.13645002954898197
rs1022,GENE_50,0.06732687111883288,0.7237161892888521,0.06732687111883288
rs1022,GENE_51,-0.20110009999273631,0.28660389662011243,0.20110009999273631
rs1022,GENE_52,-0.2689075766046245,0.1507446856250218,0.2689075766046245
rs1022,GENE_53,0.2335695899864812,0.21415449384550522,0.2335695899864812
rs1022,GENE_54,-0.15380362759611996,0.41709770265660284,0.15380362759611996
rs1022,GENE_55,0.40176639169208284,0.027755162522198114,0.40176639169208284
rs1022,GENE_56,-0.026782320558189864,0.8882771621111156,0.026782320558189864
rs1022,GENE_57,0.15239536669738815,0.4214269683715181,0.15239536669738815
rs1022,GENE_58,-0.18016081675473183,0.34075330362465883,0.18016081675473183
rs1022,GENE_59,-0.22918674251685767,0.22312374524719092,0.22918674251685767
rs1022,GENE_60,-0.11000644628838475,0.5627993197238325,0.11000644628838475
rs1022,GENE_61,-0.20796308389792367,0.27012640633372653,0.20796308389792367
rs1022,GENE_62,0.017181559794404142,0.9281958520549091,0.017181559794404142
rs1022,GENE_63,0.2460118046159171,0.19004233996431955,0.2460118046159171
rs1022,GENE_64,0.08690098225961175,0.6479464891103045,0.08690098225961175
rs1022,GENE_65,-0.1242199920531135,0.5131047233869012,0.1242199920531135
rs1022,GENE_66,0.2553060219657529,0.17331137190328644,0.2553060219657529
rs1022,GENE_67,-0.12982725333166842,0.49411382155606426,0.12982725333166842
rs1022,GENE_68,-0.14830350822325067,0.4341464973098655,0.14830350822325067
rs1022,GENE_69,-0.0020604870351387822,0.9913780764592071,0.0020604870351387822
rs1022,GENE_70,-0.3047984554418852,0.10147396974838357,0.3047984554418852
rs1022,GENE_71,-0.18467147334067083,0.3285966269989046,0.18467147334067083
rs1022,GENE_72,0.04147750579361627,0.8277238240218524,0.04147750579361627
rs1022,GENE_73,0.2237014129321746,0.23470251685413487,0.2237014129321746
rs1022,GENE_74,0.29952054762336433,0.10783590181211448,0.29952054762336433
rs1022,GENE_75,0.29537259075523986,0.11304165101075923,0.29537259075523986
rs1022,GENE_76,0.2788465459868767,0.13565010970979083,0.2788465459868767
rs1022,GENE_77,-0.01916888321897456,0.9199155985164221,0.01916888321897456
rs1022,GENE_78,-0.06959839272432633,0.7147742436425448,0.06959839272432633
rs1022,GENE_79,0.0044324551923272636,0.981454025765589,0.0044324551923272636
rs1022,GENE_80,-0.0991354451575577,0.6022262423545032,0.0991354451575577
rs1022,GENE_81,-0.17969953271733266,0.3420116595378826,0.17969953271733266
rs1022,GENE_82,-0.08802445969508864,0.6436919644054263,0.08802445969508864
rs1022,GENE_83,-0.22892379555521805,0.22366980603040817,0.22892379555521805
rs1022,GENE_84,-0.26931604132695813,0.15010146836163807,0.26931604132695813
rs1022,GENE_85,-0.11874116359716001,0.5320012247913845,0.11874116359716001
rs1022,GENE_86,0.11400648963935577,0.5485948778039083,0.11400648963935577
rs1022,GENE_87,0.3288116527707805,0.076037480828811,0.3288116527707805
rs1022,GENE_88,-0.19452230078785845,0.30298589694688866,0.19452230078785845
rs1022,GENE_89,0.3008003071571514,0.10626657814588206,0.3008003071571514
rs1022,GENE_90,-0.23304126605748016,0.21522244653675687,0.23304126605748016
rs1022,GENE_91,0.04531752130196526,0.8120445644464358,0.04531752130196526
rs1022,GENE_92,-0.18850521277557178,0.31847617278391405,0.18850521277557178
rs1022,GENE_93,0.13829048422651916,0.46613877617839156,0.13829048422651916
rs1022,GENE_94,-0.17603826262490485,0.3520987764983393,0.17603826262490485
rs1022,GENE_95,0.05685238219507005,0.7653955156390219,0.05685238219507005
rs1022,GENE_96,-0.10607770578458225,0.5769116396943373,0.10607770578458225
rs1022,GENE_97,0.35043386189127324,0.05762377736520526,0.35043386189127324
rs1022,GENE_98,-0.20787403728092543,0.2703361829534107,0.20787403728092543
rs1022,GENE_99,-0.06478500027575221,0.7337647574799975,0.06478500027575221
rs1022,GENE_100,-0.026753315463846683,0.888397407872398,0.026753315463846683
rs1023,GENE_1,0.4057201622998258,0.02611812460158074,0.4057201622998258
rs1023,GENE_2,0.127607915815711,0.5015875849222922,0.127607915815711
rs1023,GENE_3,0.24133241613731415,0.19887812517747272,0.24133241613731415
rs1023,GENE_4,0.040909069093193945,0.8300504992443944,0.040909069093193945
rs1023,GENE_5,-0.08122645737940054,0.6695995880015035,0.08122645737940054
rs1023,GENE_6,-0.1820537729944374,0.3356188394808861,0.1820537729944374
rs1023,GENE_7,-0.2622821030960501,0.1614567417775944,0.2622821030960501
rs1023,GENE_8,0.19451648037792107,0.303000648021731,0.19451648037792107
rs1023,GENE_9,-0.2757299934637489,0.14025929348734967,0.2757299934637489
rs1023,GENE_10,0.14231053011663947,0.45314823908109764,0.14231053011663947
rs1023,GENE_11,-0.0042871727439579765,0.9820618081300869,0.0042871727439579765
rs1023,GENE_12,-0.1185672271324289,0.532606539831286,0.1185672271324289
rs1023,GENE_13,-0.053985034806399566,0.7769234807348836,0.053985034806399566
rs1023,GENE_14,-0.12529006979740925,0.5094530187701438,0.12529006979740925
rs1023,GENE_15,0.05027237556177332,0.7919188932198217,0.05027237556177332
rs1023,GENE_16,0.13563561201250376,0.4748237536776687,0.13563561201250376
rs1023,GENE_17,-0.11476674983215142,0.5459141970671904,0.11476674983215142
rs1023,GENE_18,0.1461134947890303,0.44103929950480847,0.1461134947890303
rs1023,GENE_19,-0.2240035359394702,0.23405450999999491,0.2240035359394702
rs1023,GENE_20,0.053394594681329836,0.779303167725935,0.053394594681329836
rs1023,GENE_21,0.06878360572688144,0.7179775049703921,0.06878360572688144
rs1023,GENE_22,-0.2374982155630376,0.20632644155366134,0.2374982155630376
rs1023,GENE_23,-0.20764750241256738,0.27087033112840864,0.20764750241256738
rs1023,GENE_24,0.05507470440103918,0.7725369248524017,0.05507470440103918
rs1023,GENE_25,0.019472928399622703,0.9186494857577654,0.019472928399622703
rs1023,GENE_26,0.07163793924256714,0.7067768514733447,0.07163793924256714
rs1023,GENE_27,0.2929574672639276,0.11615761374887773,0.2929574672639276
rs1023,GENE_28,0.015881804219881078,0.9336153614538256,0.015881804219881078
rs1023,GENE_29,-0.043550389122017856,0.8192515208618462,0.043550389122017856
rs1023,GENE_30,0.08217983518702998,0.6659428620962818,0.08217983518702998
rs1023,GENE_31,0.1018495965988029,0.5922729200760325,0.1018495965988029
rs1023,GENE_32,-0.1985273084134484,0.29294275320675256,0.1985273084134484
rs1023,GENE_33,-0.07522086714246062,0.6928018751939007,0.07522086714246062
rs1023,GENE_34,-0.3430100715270428,0.06350169007367293,0.3430100715270428
rs1023,GENE_35,-0.00979030021430848,0.9590496214345418,0.00979030021430848
rs1023,GENE_36,-0.04579019443821232,0.810119368425815,0.04579019443821232
rs1023,GENE_37,0.012768029702020518,0.9466100606213209,0.012768029702020518
rs1023,GENE_38,0.08449687752060549,0.6570871099501162,0.08449687752060549
rs1023,GENE_39,-0.10402430426149961,0.584349749635906,0.10402430426149961
rs1023,GENE_40,-0.3389054391688717,0.06694681071073844,0.3389054391688717
rs1023,GENE_41,-0.1386187927594564,0.46507059518233235,0.1386187927594564
rs1023,GENE_42,-0.2602949946439414,0.1647728297813388,0.2602949946439414
rs1023,GENE_43,0.02889535195283191,0.8795239200289229,0.02889535195283191
rs1023,GENE_44,0.10067414383664679,0.5965747770635895,0.10067414383664679
rs1023,GENE_45,-0.07835054654932712,0.6806749256747485,0.07835054654932712
rs1023,GENE_46,0.17586026324427825,0.35259367225688515,0.17586026324427825
rs1023,GENE_47,0.21498254014941776,0.25392162350107295,0.21498254014941776
rs1023,GENE_48,0.2504065022562944,0.18199645159853345,0.2504065022562944
rs1023,GENE_49,-0.1028849032551098,0.5884951476701462,0.1028849032551098
rs1023,GENE_50,0.04599237948208092,0.8092962002553136,0.04599237948208092
rs1023,GENE_51,-0.4342319761045414,0.01650123310556699,0.4342319761045414
rs1023,GENE_52,0.19440169901622759,0.30329163871451464,0.19440169901622759
rs1023,GENE_53,-0.1913841494908972,0.31100458628108024,0.1913841494908972
rs1023,GENE_54,0.020035411632604444,0.9163076948331016,0.020035411632604444
rs1023,GENE_55,0.03616779802659483,0.8495101644364949,0.03616779802659483
rs1023,GENE_56,0.24275028823290598,0.19617142468252316,0.24275028823290598
rs1023,GENE_57,0.31143847646493067,0.09387646271351757,0.31143847646493067
rs1023,GENE_58,0.05299448339592872,0.7809168743705411,0.05299448339592872
rs1023,GENE_59,0.00432993351131619,0.9818829194118851,0.00432993351131619
rs1023,GENE_60,-0.1978036106401277,0.29474170584924797,0.1978036106401277
rs1023,GENE_61,0.07135475631870217,0.7078854526821752,0.07135475631870217
rs1023,GENE_62,-0.32754232027673996,0.07724490547929884,0.32754232027673996
rs1023,GENE_63,0.0924105771357606,0.6271885182608907,0.0924105771357606
rs1023,GENE_64,0.11070215387755772,0.5603168071022837,0.11070215387755772
rs1023,GENE_65,0.23486076646536147,0.21155973210073215,0.23486076646536147
rs1023,GENE_66,-0.13641399770814366,0.47226872896625516,0.13641399770814366
rs1023,GENE_67,-0.19808711355877004,0.29403614845311143,0.19808711355877004
rs1023,GENE_68,0.26310325981663735,0.16010039951956595,0.26310325981663735
rs1023,GENE_69,0.16143701784889172,0.3940667917151265,0.16143701784889172
rs1023,GENE_70,-0.10653178744114619,0.5752725183354063,0.10653178744114619
rs1023,GENE_71,-0.10812835406686207,0.5695258989786078,0.10812835406686207
rs1023,GENE_72,-0.22030851410618196,0.242062247525448,0.22030851410618196
rs1023,GENE_73,-0.1463653806216169,0.44024351648049914,0.1463653806216169
rs1023,GENE_74,-0.036134321358903085,0.8496478857442631,0.036134321358903085
rs1023,GENE_75,-0.2087880476565651,0.2681879688307328,0.2087880476565651
rs1023,GENE_76,-0.45830829592194633,0.010864381103791555,0.45830829592194633
rs1023,GENE_77,0.10215343674515075,0.5911631353716351,0.10215343674515075
rs1023,GENE_78,-0.19185584895280322,0.30979091488905025,0.19185584895280322
rs1023,GENE_79,-0.2266902161821892,0.22834470223339856,0.2266902161821892
rs1023,GENE_80,-0.0016495953821819213,0.9930973701998176,0.0016495953821819213
rs1023,GENE_81,0.3068335387909344,0.09909787768544576,0.3068335387909344
rs1023,GENE_82,0.007655836536443852,0.9679723828731932,0.007655836536443852
rs1023,GENE_83,0.20998899340187593,0.2653822626910117,0.20998899340187593
rs1023,GENE_84,0.11079297738306634,0.5599930896188259,0.11079297738306634
rs1023,GENE_85,0.3346309262651633,0.07068729519768503,0.3346309262651633
rs1023,GENE_86,0.09525415773339685,0.6165819253602437,0.09525415773339685
rs1023,GENE_87,0.25941446855912736,0.16625764184139652,0.25941446855912736
rs1023,GENE_88,0.29054638829373,0.119331534980653,0.29054638829373
rs1023,GENE_89,-0.260711256774786,0.16407419091215422,0.260711256774786
rs1023,GENE_90,0.2421857781027226,0.1972459942437074,0.2421857781027226
rs1023,GENE_91,0.033431052762087736,0.8607829690463249,0.033431052762087736
rs1023,GENE_92,-0.250830191444194,0.1812335794133853,0.250830191444194
rs1023,GENE_93,0.16621368680816176,0.3800332850060926,0.16621368680816176
rs1023,GENE_94,-0.35952624605626204,0.051016719265058914,0.35952624605626204
rs1023,GENE_95,0.3150903180883828,0.0898861405745541,0.3150903180883828
rs1023,GENE_96,-0.21447866158640472,0.2550630568894403,0.21447866158640472
rs1023,GENE_97,0.13571792819727552,0.4745532148736082,0.13571792819727552
rs1023,GENE_98,-0.046533577578477626,0.8070937713794001,0.046533577578477626
rs1023,GENE_99,-0.12077596345108982,0.5249444981003507,0.12077596345108982
rs1023,GENE_100,0.056624960351729106,0.7663080928531215,0.056624960351729106
rs1024,GENE_1,-0.21685714351185664,0.24970463628429815,0.21685714351185664
rs1024,GENE_2,-0.22492498266647637,0.23208555536170453,0.22492498266647637
rs1024,GENE_3,0.27200460810376775,0.14591702775490653,0.27200460810376775
rs1024,GENE_4,-0.09525333146462395,0.6165849965287348,0.09525333146462395
rs1024,GENE_5,-0.08854913635601537,0.6417088180409257,0.08854913635601537
rs1024,GENE_6,-0.014241520124266455,0.9404588755079276,0.014241520124266455
rs1024,GENE_7,0.222559683602131,0.23716218626773777,0.222559683602131
rs1024,GENE_8,-0.13387279505941233,0.48063655579828674,0.13387279505941233
rs1024,GENE_9,-0.07852544545501157,0.6799994869032123,0.07852544545501157
rs1024,GENE_10,-0.19216555484041248,0.3089956594492648,0.19216555484041248
rs1024,GENE_11,0.26320281714604005,0.15993651120149405,0.26320281714604005
rs1024,GENE_12,-0.3945747116686518,0.030946781705908345,0.3945747116686518
rs1024,GENE_13,-0.19066323397061136,0.31286520449982536,0.19066323397061136
rs1024,GENE_14,0.36799746161866664,0.045414647797475165,0.36799746161866664
rs1024,GENE_15,0.17374755573455636,0.35849941061632334,0.17374755573455636
rs1024,GENE_16,0.303409292340011,0.10312036008019,0.303409292340011
rs1024,GENE_17,0.16798921144563297,0.374891927637918,0.16798921144563297
rs1024,GENE_18,-0.27099678021171636,0.14747558868227945,0.27099678021171636
rs1024,GENE_19,0.09687234321734936,0.6105794942815305,0.09687234321734936
rs1024,GENE_20,0.10423287490897894,0.5835923156808246,0.10423287490897894
rs1024,GENE_21,-0.21195202779757133,0.26083742022329226,0.21195202779757133
rs1024,GENE_22,0.039216160884447425,0.8369880388437512,0.039216160884447425
rs1024,GENE_23,0.17543568794406508,0.35377580730801267,0.17543568794406508
rs1024,GENE_24,-0.18949737355629984,0.31588881417566395,0.18949737355629984
rs1024,GENE_25,-0.367276665986604,0.04587135692867011,0.367276665986604
rs1024,GENE_26,-0.06871409415686598,0.7182510013861039,0.06871409415686598
rs1024,GENE_27,0.011675880829493166,0.95117127135981,0.011675880829493166
rs1024,GENE_28,0.08059383003210285,0.6720301596263208,0.08059383003210285
rs1024,GENE_29,-0.11982646581112158,0.5282317294565072,0.11982646581112158
rs1024,GENE_30,-0.047447060428974015,0.8033795993463361,0.047447060428974015
rs1024,GENE_31,-0.2946007272762533,0.11403065340532376,0.2946007272762533
rs1024,GENE_32,-0.18775472880759533,0.32044197420508885,0.18775472880759533
rs1024,GENE_33,0.16965375561616733,0.37010904600493194,0.16965375561616733
rs1024,GENE_34,0.3112887119236971,0.09404292720442195,0.3112887119236971
rs1024,GENE_35,0.04035228161393872,0.8323308595033156,0.04035228161393872
rs1024,GENE_36,-0.15388925688717747,0.41683526375009655,0.15388925688717747
rs1024,GENE_37,-0.04650123792399269,0.8072253385621191,0.04650123792399269
rs1024,GENE_38,-0.11861733038212928,0.5324321420932268,0.11861733038212928
rs1024,GENE_39,0.10948624655465002,0.5646588345985898,0.10948624655465002
rs1024,GENE_40,-0.049350659450419734,0.7956532285056046,0.049350659450419734
rs1024,GENE_41,-0.2917262869422206,0.11777039988613304,0.2917262869422206
rs1024,GENE_42,-0.009220974192489944,0.9614291613217469,0.009220974192489944
rs1024,GENE_43,-0.1803812013167412,0.34015309824441503,0.1803812013167412
rs1024,GENE_44,0.050436378176254446,0.7912549063425628,0.050436378176254446
rs1024,GENE_45,0.04418837486301737,0.8166479040519803,0.04418837486301737
rs1024,GENE_46,0.1978544678905209,0.29461505788738873,0.1978544678905209
rs1024,GENE_47,0.3652172680881626,0.04719639757512634,0.3652172680881626
rs1024,GENE_48,0.010301544821555984,0.956913130377323,0.010301544821555984
rs1024,GENE_49,-0.16595248706759183,0.38079307683820746,0.16595248706759183
rs1024,GENE_50,0.22498771919975474,0.23195190477471758,0.22498771919975474
rs1024,GENE_51,0.0645324124682263,0.7347656820758764,0.0645324124682263
rs1024,GENE_52,-0.16542069877766424,0.3823426936145461,0.16542069877766424
rs1024,GENE_53,0.27442297295689544,0.14222579837910237,0.27442297295689544
rs1024,GENE_54,0.07973320949579409,0.675341893563091,0.07973320949579409
rs1024,GENE_55,-0.2721779392634103,0.14565018432269344,0.2721779392634103
rs1024,GENE_56,0.17713038077943297,0.349071443309991,0.17713038077943297
rs1024,GENE_57,0.2052738495700144,0.2765082753505204,0.2052738495700144
rs1024,GENE_58,0.12683815125508172,0.5041929627426944,0.12683815125508172
rs1024,GENE_59,-0.05521012523712786,0.7719922536548581,0.05521012523712786
rs1024,GENE_60,-0.1883251422614968,0.3189471634010262,0.1883251422614968
rs1024,GENE_61,-0.03681163086176731,0.8468623180977092,0.03681163086176731
rs1024,GENE_62,-0.3548047697007656,0.054368426361005445,0.3548047697007656
rs1024,GENE_63,-0.17913523652202443,0.3435548418660911,0.17913523652202443
rs1024,GENE_64,0.007003993475374333,0.970698106211895,0.007003993475374333
rs1024,GENE_65,0.06700017510090633,0.7250052116916262,0.06700017510090633
rs1024,GENE_66,0.20657782584072198,0.27340175887039503,0.20657782584072198
rs1024,GENE_67,0.17713889659465015,0.34904789918973667,0.17713889659465015
rs1024,GENE_68,0.11122202362795415,0.5584650224139318,0.11122202362795415
rs1024,GENE_69,0.09581888328036674,0.6144843758256714,0.09581888328036674
rs1024,GENE_70,-0.06637304372112574,0.7274817044265068,0.06637304372112574
rs1024,GENE_71,0.3330043353608383,0.07215246539452307,0.3330043353608383
rs1024,GENE_72,0.2690100965334231,0.15058305921282605,0.2690100965334231
rs1024,GENE_73,-0.022960028676345057,0.904143105213075,0.022960028676345057
rs1024,GENE_74,-0.002224175177456821,0.9906931663660536,0.002224175177456821
rs1024,GENE_75,-0.02551667486731213,0.8935263456393376,0.02551667486731213
rs1024,GENE_76,-0.22009826492628606,0.24252330280398238,0.22009826492628606
rs1024,GENE_77,0.28248285333758544,0.13041315864671224,0.28248285333758544
rs1024,GENE_78,-0.1481505824808287,0.434625892753203,0.1481505824808287
rs1024,GENE_79,-0.15627362653634458,0.40956464020445893,0.15627362653634458
rs1024,GENE_80,-0.11359371876233411,0.5500528780523904,0.11359371876233411
rs1024,GENE_81,-0.15314066663909714,0.41913267667271065,0.15314066663909714
rs1024,GENE_82,0.1588591104045064,0.40176196359367883,0.1588591104045064
rs1024,GENE_83,0.0486132730959546,0.7986439446330892,0.0486132730959546
rs1024,GENE_84,0.28455722207846806,0.12749292383098434,0.28455722207846806
rs1024,GENE_85,-0.0009480383502407071,0.996032960860315,0.0009480383502407071
rs1024,GENE_86,-0.3940980486658103,0.03116841844687234,0.3940980486658103
rs1024,GENE_87,-0.021993849140483385,0.9081595944373626,0.021993849140483385
rs1024,GENE_88,0.3274158546268061,0.07736600714853352,0.3274158546268061
rs1024,GENE_89,-0.0742836833854707,0.6964479859032426,0.0742836833854707
rs1024,GENE_90,0.1432379559224376,0.4501790028202616,0.1432379559224376
rs1024,GENE_91,-0.24009802629315705,0.2012554768229868,0.24009802629315705
rs1024,GENE_92,0.20454371574520278,0.27825759588319,0.20454371574520278
rs1024,GENE_93,-0.09226385068953535,0.6277378150161523,0.09226385068953535
rs1024,GENE_94,0.23062878535073256,0.22014509489997117,0.23062878535073256
rs1024,GENE_95,-0.22184098342828246,0.2387193061143431,0.22184098342828246
rs1024,GENE_96,0.03252962601610022,0.8645019847537508,0.03252962601610022
rs1024,GENE_97,-0.03047476243992162,0.8729902254924625,0.03047476243992162
rs1024,GENE_98,-0.20257917617193233,0.2829996900914177,0.20257917617193233
rs1024,GENE_99,0.2977082779268981,0.11008780189133471,0.2977082779268981
rs1024,GENE_100,0.008976494622919272,0.9624510824887935,0.008976494622919272
rs1025,GENE_1,0.11357703254154543,0.5501118554852933,0.11357703254154543
rs1025,GENE_2,0.1777359476841706,0.3473995777852102,0.1777359476841706
rs1025,GENE_3,0.19359102350131902,0.3053518387088538,0.19359102350131902
rs1025,GENE_4,-0.09285922337266111,0.6255101431353877,0.09285922337266111
rs1025,GENE_5,0.18912140705709138,0.3168677208469543,0.18912140705709138
rs1025,GENE_6,0.3233041571621966,0.0813835182373226,0.3233041571621966
rs1025,GENE_7,-0.1904813844073588,0.31333563382542656,0.1904813844073588
rs1025,GENE_8,0.2399396348061968,0.20156194018900103,0.2399396348061968
rs1025,GENE_9,0.230192520020139,0.22104337482919845,0.230192520020139
rs1025,GENE_10,0.03781381412401194,0.8427439691827908,0.03781381412401194
rs1025,GENE_11,0.013576062721316458,0.9432364774545149,0.013576062721316458
rs1025,GENE_12,0.1319952112330895,0.4868678551419839,0.1319952112330895
rs1025,GENE_13,0.3154045536580916,0.0895489057606651,0.3154045536580916
rs1025,GENE_14,-0.16195644703281648,0.39252654738366677,0.16195644703281648
rs1025,GENE_15,0.10622279473222915,0.576387678676682,0.10622279473222915
rs1025,GENE_16,0.016394381477008682,0.9314777395011765,0.016394381477008682
rs1025,GENE_17,-0.061355151706009275,0.7473920392589616,0.061355151706009275
rs1025,GENE_18,-0.03446168133005016,0.8565344829012579,0.03446168133005016
rs1025,GENE_19,-0.1590467677417152,0.40119893934874395,0.1590467677417152
rs1025,GENE_20,0.09518410363634158,0.6168423328105627,0.09518410363634158
rs1025,GENE_21,0.15318246493064347,0.41900421305240787,0.15318246493064347
rs1025,GENE_22,-0.11025099482348528,0.5619261187923875,0.11025099482348528
rs1025,GENE_23,-0.0958045590287205,0.6145375433942285,0.0958045590287205
rs1025,GENE_24,0.12984892303128265,0.4940411261755543,0.12984892303128265
rs1025,GENE_25,0.27568735729165833,0.14032312906285554,0.27568735729165833
rs1025,GENE_26,0.14860027498264503,0.4332170100244503,0.14860027498264503
rs1025,GENE_27,-0.26820295190706595,0.15185893445497328,0.26820295190706595
rs1025,GENE_28,0.26123125017696863,0.16320441988166298,0.26123125017696863
rs1025,GENE_29,0.1508580960614958,0.4261811456923738,0.1508580960614958
rs1025,GENE_30,0.23959903384092443,0.20222204018691503,0.23959903384092443
rs1025,GENE_31,0.2552616322245581,0.173388720106701,0.2552616322245581
rs1025,GENE_32,-0.10852549243888232,0.5681004881696485,0.10852549243888232
rs1025,GENE_33,-0.19030016798124408,0.3138048628160723,0.19030016798124408
rs1025,GENE_34,-0.2115960452022916,0.26165779438275183,0.2115960452022916
rs1025,GENE_35,0.2299870912801835,0.2214672159049297,0.2299870912801835
rs1025,GENE_36,-0.20979759630175165,0.26582812858345234,0.20979759630175165
rs1025,GENE_37,0.12435007453819207,0.5126601221049086,0.12435007453819207
rs1025,GENE_38,-0.02186114756044776,0.9087114216379546,0.02186114756044776
rs1025,GENE_39,0.02999061833002974,0.8749921794307786,0.02999061833002974
rs1025,GENE_40,0.08620006217006866,0.650606347559738,0.08620006217006866
rs1025,GENE_41,-0.2056192853770374,0.27568312407684237,0.2056192853770374
rs1025,GENE_42,-0.1972862606429641,0.2960320030299701,0.1972862606429641
rs1025,GENE_43,0.12401987793697965,0.5137890521179711,0.12401987793697965
rs1025,GENE_44,0.2567563334787693,0.17079762636873866,0.2567563334787693
rs1025,GENE_45,0.05683041544829309,0.7654836483489068,0.05683041544829309
rs1025,GENE_46,-0.15528387944155655,0.41257396535809704,0.15528387944155655
rs1025,GENE_47,0.27077692107552565,0.14781718283702724,0.27077692107552565
rs1025,GENE_48,0.08438188728050483,0.6575255439686184,0.08438188728050483
rs1025,GENE_49,0.1790200898149889,0.3438702494226927,0.1790200898149889
rs1025,GENE_50,0.058353173982157655,0.7593810468058371,0.058353173982157655
rs1025,GENE_51,-0.017932504603268798,0.9250661035863673,0.017932504603268798
rs1025,GENE_52,-0.1257597693185236,0.5078542137178087,0.1257597693185236
rs1025,GENE_53,0.14894437038243125,0.4321406508739764,0.14894437038243125
rs1025,GENE_54,0.09510512029895354,0.6171359869774552,0.09510512029895354
rs1025,GENE_55,0.161962282107397,0.3925092644718243,0.161962282107397
rs1025,GENE_56,0.38642176463057526,0.03491841936251353,0.38642176463057526
rs1025,GENE_57,0.31047869234447656,0.09494714954308701,0.31047869234447656
rs1025,GENE_58,0.12446021442806003,0.5122838298903658,0.12446021442806003
rs1025,GENE_59,0.1768207954406556,0.34992801730429035,0.1768207954406556
rs1025,GENE_60,0.27460442414390446,0.1419516027577677,0.27460442414390446
rs1025,GENE_61,-0.15760252300007072,0.40554360616991464,0.15760252300007072
rs1025,GENE_62,0.33474231431231255,0.07058781120449097,0.33474231431231255
rs1025,GENE_63,0.031245663266545386,0.869804112842674,0.031245663266545386
rs1025,GENE_64,0.13558417189289854,0.47499285642227623,0.13558417189289854
rs1025,GENE_65,-0.2201965544845498,0.24230769109994052,0.2201965544845498
rs1025,GENE_66,-0.13644539374352402,0.47216582298111537,0.13644539374352402
rs1025,GENE_67,-0.11563932636627941,0.5428450767040999,0.11563932636627941
rs1025,GENE_68,-0.19320867725524363,0.3063265470923655,0.19320867725524363
rs1025,GENE_69,-0.043854579989966044,0.81800988261151,0.043854579989966044
rs1025,GENE_70,-0.25567863887818043,0.1726630555124883,0.25567863887818043
rs1025,GENE_71,-0.14965102919203394,0.4299347610392405,0.14965102919203394
rs1025,GENE_72,-0.2671033936413763,0.1536095279821205,0.2671033936413763
rs1025,GENE_73,0.2251065463220507,0.2316989033355272,0.2251065463220507
rs1025,GENE_74,0.3075518722618121,0.09826927630571382,0.3075518722618121
rs1025,GENE_75,0.13574153101376948,0.47447565707190276,0.13574153101376948
rs1025,GENE_76,-0.005883271750455276,0.9753852151693865,0.005883271750455276
rs1025,GENE_77,-0.00475735914231393,0.9800948425277449,0.00475735914231393
rs1025,GENE_78,0.3647875369802049,0.04747668964217347,0.3647875369802049
rs1025,GENE_79,-0.0038377736054767994,0.9839419093607711,0.0038377736054767994
rs1025,GENE_80,0.10905027961044231,0.5662193981304702,0.10905027961044231
rs1025,GENE_81,0.010080839499489997,0.9578354228103239,0.010080839499489997
rs1025,GENE_82,-0.19426215794667423,0.30364563594169325,0.19426215794667423
rs1025,GENE_83,-0.1648101322583685,0.38412636676787976,0.1648101322583685
rs1025,GENE_84,-0.14961650552122424,0.43004238549549034,0.14961650552122424
rs1025,GENE_85,-0.2917605645171794,0.11772527441722343,0.2917605645171794
rs1025,GENE_86,0.04329068953383602,0.8203118950088745,0.04329068953383602
rs1025,GENE_87,0.16516796564247083,0.38308043033561884,0.16516796564247083
rs1025,GENE_88,-0.25245401180384486,0.17833059499138157,0.25245401180384486
rs1025,GENE_89,0.09566027478978205,0.6150731923944394,0.09566027478978205
rs1025,GENE_90,-0.10367219692191748,0.5856294238047214,0.10367219692191748
rs1025,GENE_91,0.1626933054748021,0.39034749731948654,0.1626933054748021
rs1025,GENE_92,-0.05601174051627366,0.7687702890117157,0.05601174051627366
rs1025,GENE_93,-0.17221048254098634,0.36283276842499046,0.17221048254098634
rs1025,GENE_94,-0.09150068187687982,0.6305980141073765,0.09150068187687982
rs1025,GENE_95,-0.02403523163093483,0.8996761248603101,0.02403523163093483
rs1025,GENE_96,-0.13884805532249525,0.46432543266273135,0.13884805532249525
rs1025,GENE_97,-0.11735158442667148,0.5368462644451096,0.11735158442667148
rs1025,GENE_98,-0.06652760236597402,0.7268711134487642,0.06652760236597402
rs1025,GENE_99,-0.3119404049082118,0.09332019328309538,0.3119404049082118
rs1025,GENE_100,-0.07027583638459632,0.7121145437773815,0.07027583638459632
rs1026,GENE_1,-0.056667992440120434,0.7661353941406944,0.056667992440120434
rs1026,GENE_2,0.18504090338724014,0.3276129038833344,0.18504090338724014
rs1026,GENE_3,-0.18191189708089295,0.3360020236559222,0.18191189708089295
rs1026,GENE_4,-0.08706928122247203,0.6473084569104841,0.08706928122247203
rs1026,GENE_5,-0.19705721208989732,0.2966044011978202,0.19705721208989732
rs1026,GENE_6,-0.43877199895818303,0.015284100039114195,0.43877199895818303
rs1026,GENE_7,0.0668127429194323,0.7257450831495224,0.0668127429194323
rs1026,GENE_8,0.041172688742286176,0.8289712980249779,0.041172688742286176
rs1026,GENE_9,-0.20690076936445082,0.27263589602323557,0.20690076936445082
rs1026,GENE_10,0.1898488335603301,0.31497541452803696,0.1898488335603301
rs1026,GENE_11,0.32443915393310946,0.08025887838301889,0.32443915393310946
rs1026,GENE_12,0.026908283085347238,0.8877549903500138,0.026908283085347238
rs1026,GENE_13,-0.12998760219722416,0.493576027029305,0.12998760219722416
rs1026,GENE_14,0.04428144022387982,0.8162682638765577,0.04428144022387982
rs1026,GENE_15,-0.014738731266701003,0.9383839741064384,0.014738731266701003
rs1026,GENE_16,0.18030559411330088,0.34035893814364715,0.18030559411330088
rs1026,GENE_17,-0.39581607621668957,0.030375571213522044,0.39581607621668957
rs1026,GENE_18,0.14062661848376665,0.45856603827397474,0.14062661848376665
rs1026,GENE_19,0.06679635544176572,0.725809782738185,0.06679635544176572
rs1026,GENE_20,0.2605505618422411,0.16434364489801104,0.2605505618422411
rs1026,GENE_21,-0.21779112555923033,0.24762097486723056,0.21779112555923033
rs1026,GENE_22,-0.2804156987200169,0.13337173393169657,0.2804156987200169
rs1026,GENE_23,0.13325568760923764,0.4826800599563472,0.13325568760923764
rs1026,GENE_24,0.23344366772933298,0.21440870427074704,0.23344366772933298
rs1026,GENE_25,-0.19071763196540878,0.3127245669919717,0.19071763196540878
rs1026,GENE_26,0.537598366404218,0.0021857376297929588,0.537598366404218
rs1026,GENE_27,0.12950477983889605,0.49519626281348117,0.12950477983889605
rs1026,GENE_28,0.07957654289017314,0.6759454006246558,0.07957654289017314
rs1026,GENE_29,0.15814885150946553,0.4038969917687001,0.15814885150946553
rs1026,GENE_30,0.1889447159530214,0.31732842167258957,0.1889447159530214
rs1026,GENE_31,0.2108696868174655,0.2633369352999248,0.2108696868174655
rs1026,GENE_32,-0.02599026720842265,0.8915616239081077,0.02599026720842265
rs1026,GENE_33,0.22816154361399313,0.2252578733852236,0.22816154361399313
rs1026,GENE_34,-0.16545486567996354,0.38224302247051245,0.16545486567996354
rs1026,GENE_35,0.040879114809714186,0.830173144748544,0.040879114809714186
rs1026,GENE_36,-0.025483458034320297,0.8936641706644441,0.025483458034320297
rs1026,GENE_37,-0.015000033606731418,0.937293696441023,0.015000033606731418
rs1026,GENE_38,0.01873681985768015,0.9217151373298993,0.01873681985768015
rs1026,GENE_39,0.007450512996644587,0.9688309196188121,0.007450512996644587
rs1026,GENE_40,-0.052806732165874753,0.781674410223623,0.052806732165874753
rs1026,GENE_41,0.05418135887729029,0.7761326608108804,0.05418135887729029
rs1026,GENE_42,0.28897196865906566,0.12143846271136358,0.28897196865906566
rs1026,GENE_43,0.11423006147064146,0.5478059252845873,0.11423006147064146
rs1026,GENE_44,0.30919820383140434,0.09638996147572462,0.30919820383140434
rs1026,GENE_45,0.231604486448739,0.2181450724594567,0.231604486448739
rs1026,GENE_46,-0.1302879475954662,0.4925694953555684,0.1302879475954662
rs1026,GENE_47,-0.21952745349187874,0.24377797683380711,0.21952745349187874
rs1026,GENE_48,-0.1657133848479334,0.3814893626303304,0.1657133848479334
rs1026,GENE_49,0.015543596902491347,0.9350260500394542,0.015543596902491347
rs1026,GENE_50,-0.16991738982408797,0.36935482433982353,0.16991738982408797
rs1026,GENE_51,-0.2075844423828722,0.2710191423693175,0.2075844423828722
rs1026,GENE_52,-0.02733269768786952,0.8859959396688385,0.02733269768786952
rs1026,GENE_53,-0.05094231735047642,0.78920744670418,0.05094231735047642
rs1026,GENE_54,-0.26270528216447314,0.16075673709243612,0.26270528216447314
rs1026,GENE_55,0.19967286250035773,0.29010943259985117,0.19967286250035773
rs1026,GENE_56,-0.23887687731261217,0.2036265338898535,0.23887687731261217
rs1026,GENE_57,-0.31195962872875466,0.09329893801491271,0.31195962872875466
rs1026,GENE_58,0.08653596615678358,0.6493311283640483,0.08653596615678358
rs1026,GENE_59,-0.03706543081308813,0.8458189800702747,0.03706543081308813
rs1026,GENE_60,-0.11269664893512449,0.5532277388063772,0.11269664893512449
rs1026,GENE_61,0.05268843259822271,0.7821518241667936,0.05268843259822271
rs1026,GENE_62,-0.2070593986342562,0.2722602142060932,0.2070593986342562
rs1026,GENE_63,-0.17028142002734087,0.3683148694077223,0.17028142002734087
rs1026,GENE_64,0.020229258729486017,0.9155008077281731,0.020229258729486017
rs1026,GENE_65,0.03306965151985474,0.8622736560006673,0.03306965151985474
rs1026,GENE_66,0.0788937127197768,0.6785780764169095,0.0788937127197768
rs1026,GENE_67,-0.1514465476930487,0.4243578116761311,0.1514465476930487
rs1026,GENE_68,0.0235851286259425,0.901545740886956,0.0235851286259425
rs1026,GENE_69,0.05076970821457877,0.7899058159771625,0.05076970821457877
rs1026,GENE_70,0.15979925309358592,0.39894577649960933,0.15979925309358592
rs1026,GENE_71,-0.16481751033157807,0.3841047842151043,0.16481751033157807
rs1026,GENE_72,0.08120838384089914,0.669668981803907,0.08120838384089914
rs1026,GENE_73,0.15315166977765873,0.4190988573056049,0.15315166977765873
rs1026,GENE_74,-0.03730678435190385,0.8448270445916496,0.03730678435190385
rs1026,GENE_75,-0.09617366476320387,0.6131681389749117,0.09617366476320387
rs1026,GENE_76,-0.05112715342013019,0.7884597852542721,0.05112715342013019
rs1026,GENE_77,-0.08982464695805419,0.6368977938747457,0.08982464695805419
rs1026,GENE_78,-0.2013939143030409,0.2858856098986714,0.2013939143030409
rs1026,GENE_79,-0.14630166258186422,0.4404447473212472,0.14630166258186422
rs1026,GENE_80,0.31168352099843405,0.09360457548063517,0.31168352099843405
rs1026,GENE_81,0.1337512109758593,0.4810388194051203,0.1337512109758593
rs1026,GENE_82,0.11625592312914529,0.540681228025337,0.11625592312914529
rs1026,GENE_83,-0.030506075274276737,0.8728607720877374,0.030506075274276737
rs1026,GENE_84,-0.03508580065049235,0.8539636219996359,0.03508580065049235
rs1026,GENE_85,0.14996267100828145,0.42896391494496905,0.14996267100828145
rs1026,GENE_86,0.25315105314572683,0.1770945475370431,0.25315105314572683
rs1026,GENE_87,-0.26353213810816584,0.15939524706223449,0.26353213810816584
rs1026,GENE_88,-0.19745101400069234,0.2956207126045954,0.19745101400069234
rs1026,GENE_89,-0.09392924570618301,0.6215146258480047,0.09392924570618301
rs1026,GENE_90,-0.20256283589738222,0.2830393486918794,0.20256283589738222
rs1026,GENE_91,-0.16924371783643036,0.37128390389893884,0.16924371783643036
rs1026,GENE_92,-0.006622648853165443,0.97229287503123,0.006622648853165443
rs1026,GENE_93,0.3375440429581517,0.06812101438630055,0.3375440429581517
rs1026,GENE_94,-0.24922413109759492,0.1841372658121716,0.24922413109759492
rs1026,GENE_95,0.052679756142878106,0.782186842234641,0.052679756142878106
rs1026,GENE_96,-0.14020792439843466,0.45991844748680577,0.14020792439843466
rs1026,GENE_97,0.22479409402281014,0.2323645599118155,0.22479409402281014
rs1026,GENE_98,0.2202807631699617,0.24212306912233195,0.2202807631699617
rs1026,GENE_99,0.009362519774670206,0.9608375300544459,0.009362519774670206
rs1026,GENE_100,-0.007647292917767026,0.9680081063380144,0.007647292917767026
rs1027,GENE_1,0.08084057484536376,0.6710817720644595,0.08084057484536376
rs1027,GENE_2,0.04380367639300907,0.8182176295905604,0.04380367639300907
rs1027,GENE_3,0.09644375015825833,0.6121669136181414,0.09644375015825833
rs1027,GENE_4,0.17703377763469502,0.349338593825234,0.17703377763469502
rs1027,GENE_5,0.24732719738639342,0.1876085801748096,0.24732719738639342
rs1027,GENE_6,0.3459114332317586,0.061151175634639315,0.3459114332317586
rs1027,GENE_7,-0.07272892629878164,0.7025113786774749,0.07272892629878164
rs1027,GENE_8,-0.16061981021518942,0.3964970133433062,0.16061981021518942
rs1027,GENE_9,0.20689668723902366,0.2726455681460547,0.20689668723902366
rs1027,GENE_10,-0.044974503439217134,0.8134423485499354,0.044974503439217134
rs1027,GENE_11,0.20078913020833508,0.28736537691052866,0.20078913020833508
rs1027,GENE_12,0.10983915390769794,0.5633970211083412,0.10983915390769794
rs1027,GENE_13,-0.0007479411824285165,0.9968702570867075,0.0007479411824285165
rs1027,GENE_14,0.033819205355154744,0.8591824618526661,0.033819205355154744
rs1027,GENE_15,0.1511256391552612,0.42535162090080747,0.1511256391552612
rs1027,GENE_16,-0.09421659276030818,0.6204434454257176,0.09421659276030818
rs1027,GENE_17,-0.09322234802487167,0.6241530439837207,0.09322234802487167
rs1027,GENE_18,0.0914620503400994,0.6307429368018537,0.0914620503400994
rs1027,GENE_19,0.22619857778039154,0.22938247029347603,0.22619857778039154
rs1027,GENE_20,-0.12834322363989456,0.49910513899847236,0.12834322363989456
rs1027,GENE_21,0.26161745964480726,0.1625605534689061,0.26161745964480726
rs1027,GENE_22,0.16141513095474938,0.3941317679362552,0.16141513095474938
rs1027,GENE_23,0.06233768877213939,0.743480441258823,0.06233768877213939
rs1027,GENE_24,0.15254110290429715,0.4209777949442364,0.15254110290429715
rs1027,GENE_25,0.21621514875644035,0.2511435857836148,0.21621514875644035
rs1027,GENE_26,-0.08899378597057368,0.6400300424103518,0.08899378597057368
rs1027,GENE_27,-0.35358957379673894,0.05525855852626919,0.35358957379673894
rs1027,GENE_28,0.17220001805729354,0.36286237596766646,0.17220001805729354
rs1027,GENE_29,0.16016411338267736,0.3978558746654349,0.16016411338267736
rs1027,GENE_30,0.07984672899665014,0.6749047198792146,0.07984672899665014
rs1027,GENE_31,-0.07622899597725892,0.6888872513454987,0.07622899597725892
rs1027,GENE_32,-0.3777786750050948,0.039567718257724926,0.3777786750050948
rs1027,GENE_33,0.04197963736618574,0.8256697306313392,0.04197963736618574
rs1027,GENE_34,-0.12820352606061672,0.4995762916106831,0.12820352606061672
rs1027,GENE_35,0.25027955779102307,0.1822254586925024,0.25027955779102307
rs1027,GENE_36,0.20045903919955235,0.2881750904457185,0.20045903919955235
rs1027,GENE_37,0.18711270471626973,0.32212961429481934,0.18711270471626973
rs1027,GENE_38,0.15684172663224336,0.40784292235441205,0.15684172663224336
rs1027,GENE_39,0.07557436894773019,0.691428317608536,0.07557436894773019
rs1027,GENE_40,0.11185639540939539,0.5562091959532336,0.11185639540939539
rs1027,GENE_41,0.3468680873789689,0.06039126283798182,0.3468680873789689
rs1027,GENE_42,0.001347614740424638,0.9943609673921148,0.001347614740424638
rs1027,GENE_43,0.05137680232353621,0.7874502485145046,0.05137680232353621
rs1027,GENE_44,0.03614741054646101,0.84959403697596,0.03614741054646101
rs1027,GENE_45,-0.1433140302583533,0.44993590743704515,0.1433140302583533
rs1027,GENE_46,-0.17186284116417735,0.3638171277599281,0.17186284116417735
rs1027,GENE_47,0.1701604330697407,0.36866031147205963,0.1701604330697407
rs1027,GENE_48,-0.18677251000731734,0.323026076150102,0.18677251000731734
rs1027,GENE_49,-0.045446523009115926,0.8115190338693884,0.045446523009115926
rs1027,GENE_50,-0.15200193429719386,0.4226408921429001,0.15200193429719386
rs1027,GENE_51,0.017712327856682742,0.9259836331806249,0.017712327856682742
rs1027,GENE_52,-0.038428377521345494,0.8402204988487926,0.038428377521345494
rs1027,GENE_53,0.14959680366226485,0.4301038109055172,0.14959680366226485
rs1027,GENE_54,-0.31410860246852595,0.090945934406956,0.31410860246852595
rs1027,GENE_55,-0.015281022775948734,0.9361214000146819,0.015281022775948734
rs1027,GENE_56,-0.2771638117561066,0.13812483107800547,0.2771638117561066
rs1027,GENE_57,-0.15216959780805134,0.4221233348893248,0.15216959780805134
rs1027,GENE_58,0.06290923684447929,0.7412079086057091,0.06290923684447929
rs1027,GENE_59,-0.03887495920194111,0.8383877532556158,0.03887495920194111
rs1027,GENE_60,0.17715910589513406,0.348992029294071,0.17715910589513406
rs1027,GENE_61,-0.0463823430806308,0.8077090818866473,0.0463823430806308
rs1027,GENE_62,0.1935405699410092,0.30548034756078885,0.1935405699410092
rs1027,GENE_63,0.12592027943391365,0.5073084263288486,0.12592027943391365
rs1027,GENE_64,0.12522190201239464,0.5096852611628704,0.12522190201239464
rs1027,GENE_65,-0.25108211843609335,0.18078103807631235,0.25108211843609335
rs1027,GENE_66,-0.12059190844630359,0.5255809357947441,0.12059190844630359
rs1027,GENE_67,0.13065082105882841,0.49135480572734236,0.13065082105882841
rs1027,GENE_68,-0.31518942192534743,0.08977967909114262,0.31518942192534743
rs1027,GENE_69,-0.060812366326077325,0.7495555797514141,0.060812366326077325
rs1027,GENE_70,0.23329516712540993,0.21470875977578124,0.23329516712540993
rs1027,GENE_71,-0.1331485137405114,0.48303541219000395,0.1331485137405114
rs1027,GENE_72,0.06786473398127804,0.7215955943714262,0.06786473398127804
rs1027,GENE_73,0.191301202894589,0.31121831198003463,0.191301202894589
rs1027,GENE_74,0.16884958559571084,0.3724152474606308,0.16884958559571084
rs1027,GENE_75,0.07544825815318816,0.6919182206301785,0.07544825815318816
rs1027,GENE_76,0.2405351147042197,0.20041144426495178,0.2405351147042197
rs1027,GENE_77,0.02321065100668853,0.9031016218044297,0.02321065100668853
rs1027,GENE_78,0.01954539382704086,0.9183477520192698,0.01954539382704086
rs1027,GENE_79,0.20246483892769498,0.2832772665389923,0.20246483892769498
rs1027,GENE_80,-0.14996399237258543,0.4289598011150867,0.14996399237258543
rs1027,GENE_81,0.05182425580447328,0.7856416700297836,0.05182425580447328
rs1027,GENE_82,0.042909007035814635,0.821870898274901,0.042909007035814635
rs1027,GENE_83,-0.29365305359727156,0.11525371172479235,0.29365305359727156
rs1027,GENE_84,-0.12023041817437523,0.526832005809833,0.12023041817437523
rs1027,GENE_85,0.09873567995919127,0.6036982572437511,0.09873567995919127
rs1027,GENE_86,0.22595268862355003,0.2299026900275824,0.22595268862355003
rs1027,GENE_87,-0.25276777479592344,0.17777345755367863,0.25276777479592344
rs1027,GENE_88,-0.32668872412338196,0.07806513528231342,0.32668872412338196
rs1027,GENE_89,-0.022332917713940203,0.9067498001174799,0.022332917713940203
rs1027,GENE_90,-0.29799413424416904,0.10973028802428665,0.29799413424416904
rs1027,GENE_91,-0.273314048208346,0.14390988058582885,0.273314048208346
rs1027,GENE_92,0.05174476995135081,0.7859628672045159,0.05174476995135081
rs1027,GENE_93,-0.3561321553328564,0.05340907344941858,0.3561321553328564
rs1027,GENE_94,0.0744420594427533,0.6958313559202102,0.0744420594427533
rs1027,GENE_95,-0.2652026306212155,0.1566698277758776,0.2652026306212155
rs1027,GENE_96,-0.05202520894067798,0.7848297853866277,0.05202520894067798
rs1027,GENE_97,-0.1698162198754626,0.3696441509516591,0.1698162198754626
rs1027,GENE_98,-0.032635106519778696,0.8640666557470148,0.032635106519778696
rs1027,GENE_99,0.16232271327701397,0.39144254877973006,0.16232271327701397
rs1027,GENE_100,0.2072354441071571,0.27184367782867475,0.2072354441071571
rs1028,GENE_1,0.2239200651729994,0.2342334218863299,0.2239200651729994
rs1028,GENE_2,-0.057134655390265306,0.7642632641488409,0.057134655390265306
rs1028,GENE_3,0.015149126713980558,0.9366716587423994,0.015149126713980558
rs1028,GENE_4,0.020124261260557302,0.9159378487490082,0.020124261260557302
rs1028,GENE_5,-0.18785325449683804,0.32018347158034766,0.18785325449683804
rs1028,GENE_6,-0.18291948854936074,0.33328644628038473,0.18291948854936074
rs1028,GENE_7,0.21970987825745195,0.24337652981928332,0.21970987825745195
rs1028,GENE_8,0.27567602496600724,0.14034009955865223,0.27567602496600724
rs1028,GENE_9,-0.22782940036898225,0.22595223176621784,0.22782940036898225
rs1028,GENE_10,0.22693937578921394,0.227819975810199,0.22693937578921394
rs1028,GENE_11,0.23387187826900663,0.21354507651958077,0.23387187826900663
rs1028,GENE_12,-0.14673621194884626,0.4390733669392191,0.14673621194884626
rs1028,GENE_13,0.08562952979510614,0.6527745210260042,0.08562952979510614
rs1028,GENE_14,-0.0031833589388233076,0.9866798593652745,0.0031833589388233076
rs1028,GENE_15,0.01707679984248328,0.9286325496270784,0.01707679984248328
rs1028,GENE_16,0.3168617218145284,0.08799765580869823,0.3168617218145284
rs1028,GENE_17,-0.31033589751912877,0.09510723108041905,0.31033589751912877
rs1028,GENE_18,0.26166965142054294,0.162473681430855,0.26166965142054294
rs1028,GENE_19,0.2116543169805175,0.26152338982503825,0.2116543169805175
rs1028,GENE_20,-0.15953632826664138,0.39973223121470525,0.15953632826664138
rs1028,GENE_21,0.10812481551858696,0.5695386068000018,0.10812481551858696
rs1028,GENE_22,-0.33057346878862315,0.07438576777716144,0.33057346878862315
rs1028,GENE_23,0.15736223175232425,0.40626903392649927,0.15736223175232425
rs1028,GENE_24,0.007760834204021611,0.9675333607141218,0.007760834204021611
rs1028,GENE_25,0.04171287187782896,0.8267608612819992,0.04171287187782896
rs1028,GENE_26,-0.14862247937491727,0.43314750861833023,0.14862247937491727
rs1028,GENE_27,0.18626653550618838,0.32436223221074945,0.18626653550618838
rs1028,GENE_28,-0.3302389662108137,0.074697215866811,0.3302389662108137
rs1028,GENE_29,0.19275814049592793,0.30747759067485686,0.19275814049592793
rs1028,GENE_30,-0.13154062927930385,0.4883826928576062,0.13154062927930385
rs1028,GENE_31,0.1638736603410741,0.38687145235095555,0.1638736603410741
rs1028,GENE_32,0.05711268391419653,0.7643513788559826,0.05711268391419653
rs1028,GENE_33,0.01721255423765841,0.9280666539412468,0.01721255423765841
rs1028,GENE_34,-0.1906986187848696,0.3127737181220981,0.1906986187848696
rs1028,GENE_35,-0.19036890638270468,0.31362682504987777,0.19036890638270468
rs1028,GENE_36,0.15295376552208503,0.419707369728526,0.15295376552208503
rs1028,GENE_37,-0.15669878208314936,0.40827575425876356,0.15669878208314936
rs1028,GENE_38,0.22607081947213956,0.22965266551622757,0.22607081947213956
rs1028,GENE_39,-0.12082737822527548,0.5247667793249542,0.12082737822527548
rs1028,GENE_40,-0.2718774581619654,0.14611299991244733,0.2718774581619654
rs1028,GENE_41,0.06109475127111901,0.7484297607834326,0.06109475127111901
rs1028,GENE_42,0.04128252819155578,0.8285217292448114,0.04128252819155578
rs1028,GENE_43,0.1236050747185136,0.5152089797788523,0.1236050747185136
rs1028,GENE_44,-0.162728793814958,0.3902427263330055,0.162728793814958
rs1028,GENE_45,0.05171060169099015,0.7861009495153058,0.05171060169099015
rs1028,GENE_46,0.28560327552893666,0.1260386879638916,0.28560327552893666
rs1028,GENE_47,-0.02189137824069456,0.908585706488941,0.02189137824069456
rs1028,GENE_48,-0.04743889583172321,0.8034127777036293,0.04743889583172321
rs1028,GENE_49,0.2957174132168982,0.11260189402040097,0.2957174132168982
rs1028,GENE_50,-0.16129566423658992,0.39448654005982364,0.16129566423658992
rs1028,GENE_51,-0.16610343987746096,0.3803538697125581,0.16610343987746096
rs1028,GENE_52,0.07137408450525601,0.7078097682804704,0.07137408450525601
rs1028,GENE_53,-0.02821235817088821,0.8823517530157935,0.02821235817088821
rs1028,GENE_54,0.12190734152412921,0.5210405543193741,0.12190734152412921
rs1028,GENE_55,-0.48818274930816874,0.006201856805292462,0.48818274930816874
rs1028,GENE_56,-0.3061328199004691,0.09991122709793576,0.3061328199004691
rs1028,GENE_57,0.026528670306252614,0.8893287962238943,0.026528670306252614
rs1028,GENE_58,0.055658121729316015,0.7701911413958391,0.055658121729316015
rs1028,GENE_59,0.07333842333551108,0.7001322456132328,0.07333842333551108
rs1028,GENE_60,-0.2827338251615094,0.13005726334499648,0.2827338251615094
rs1028,GENE_61,-0.21788590518808096,0.24741017177150149,0.21788590518808096
rs1028,GENE_62,-0.17669588170555217,0.3502739906068863,0.17669588170555217
rs1028,GENE_63,-0.043165828930139566,0.8208218214883074,0.043165828930139566
rs1028,GENE_64,-0.12973452911996908,0.494424944718558,0.12973452911996908
rs1028,GENE_65,0.25886969226813716,0.1671810341151078,0.25886969226813716
rs1028,GENE_66,-0.24679040711092387,0.18859911761641598,0.24679040711092387
rs1028,GENE_67,-0.00694954874499859,0.9709257853830152,0.00694954874499859
rs1028,GENE_68,0.15698224785368353,0.40741768026443775,0.15698224785368353
rs1028,GENE_69,-0.1531499569272573,0.41910412184163054,0.1531499569272573
rs1028,GENE_70,0.14671932227222134,0.43912662518396034,0.14671932227222134
rs1028,GENE_71,0.23946489049135586,0.20248242428710564,0.23946489049135586
rs1028,GENE_72,0.22082003936508388,0.24094295943125113,0.22082003936508388
rs1028,GENE_73,-0.1795054951610987,0.3425418210520054,0.1795054951610987
rs1028,GENE_74,-0.14412091217181117,0.44736185141143125,0.14412091217181117
rs1028,GENE_75,0.17319615187218812,0.3600503908350093,0.17319615187218812
rs1028,GENE_76,-0.007760200606511619,0.9675360099199326,0.007760200606511619
rs1028,GENE_77,-0.08471063266188958,0.6562724022600004,0.08471063266188958
rs1028,GENE_78,-0.11642435146458709,0.5400908650488195,0.11642435146458709
rs1028,GENE_79,-0.18656122851931464,0.32358360630999455,0.18656122851931464
rs1028,GENE_80,0.2897868812010292,0.12034452056376199,0.2897868812010292
rs1028,GENE_81,-0.022864965683862565,0.9045381888186673,0.022864965683862565
rs1028,GENE_82,0.06746639954367302,0.7231658868328027,0.06746639954367302
rs1028,GENE_83,0.1761673061855131,0.35174025378078977,0.1761673061855131
rs1028,GENE_84,0.41452029219211495,0.02275645138288771,0.41452029219211495
rs1028,GENE_85,0.1317394016748494,0.48772001324701064,0.1317394016748494
rs1028,GENE_86,0.10143307427214442,0.5937957460838944,0.10143307427214442
rs1028,GENE_87,-0.017357340904255596,0.9274631449039955,0.017357340904255596
rs1028,GENE_88,0.039153849900815225,0.8372436214204295,0.039153849900815225
rs1028,GENE_89,-0.3465002645550357,0.06068256067366086,0.3465002645550357
rs1028,GENE_90,0.11137755920601834,0.5579115490761622,0.11137755920601834
rs1028,GENE_91,-0.03197394747877327,0.8667959668844291,0.03197394747877327
rs1028,GENE_92,0.24809422362416717,0.186199496371242,0.24809422362416717
rs1028,GENE_93,-0.1655309382964932,0.38202115874196857,0.1655309382964932
rs1028,GENE_94,-0.31544182435394436,0.08950897113833822,0.31544182435394436
rs1028,GENE_95,-0.030291387660300883,0.8737483972677522,0.030291387660300883
rs1028,GENE_96,0.015091836223424115,0.9369106785337364,0.015091836223424115
rs1028,GENE_97,-0.41304169539026464,0.02329502290438709,0.41304169539026464
rs1028,GENE_98,0.04558693789825346,0.810947099208359,0.04558693789825346
rs1028,GENE_99,0.3103103905720161,0.09513584738753604,0.3103103905720161
rs1028,GENE_100,-0.19911184034416665,0.2914948333241741,0.19911184034416665
rs1029,GENE_1,-0.2992846196921326,0.10812709486879299,0.2992846196921326
rs1029,GENE_2,-0.14473094584474339,0.4454210328588897,0.14473094584474339
rs1029,GENE_3,-0.1304207351576996,0.4921248232542254,0.1304207351576996
rs1029,GENE_4,-0.4783742595458214,0.007495597175892178,0.4783742595458214
rs1029,GENE_5,-0.23368282075750435,0.2139260803504964,0.23368282075750435
rs1029,GENE_6,-0.12231863446876419,0.5196248542656643,0.12231863446876419
rs1029,GENE_7,-0.11948187069606574,0.5294271896686176,0.11948187069606574
rs1029,GENE_8,-0.16612433765812917,0.38029308943936546,0.16612433765812917
rs1029,GENE_9,-0.16081661100795341,0.3959109846461345,0.16081661100795341
rs1029,GENE_10,0.022353688186025213,0.906663448712897,0.022353688186025213
rs1029,GENE_11,0.07996301575143949,0.6744569967541028,0.07996301575143949
rs1029,GENE_12,0.002764213925453692,0.9884335644588415,0.002764213925453692
rs1029,GENE_13,-0.04721768337491237,0.8043118428754347,0.04721768337491237
rs1029,GENE_14,-0.09589707638887271,0.6141941788968612,0.09589707638887271
rs1029,GENE_15,-0.32566841419489373,0.07905433532771121,0.32566841419489373
rs1029,GENE_16,-0.034904898779735766,0.854708640015246,0.034904898779735766
rs1029,GENE_17,0.034112202489271576,0.8579746802036105,0.034112202489271576
rs1029,GENE_18,-0.02623144156536276,0.8905613409582169,0.02623144156536276
rs1029,GENE_19,0.026470561205696193,0.8895697425795795,0.026470561205696193
rs1029,GENE_20,0.04182580984760497,0.8262988809491311,0.04182580984760497
rs1029,GENE_21,0.07398276929225453,0.6976201035653606,0.07398276929225453
rs1029,GENE_22,-0.16373740001410195,0.38727181346855755,0.16373740001410195
rs1029,GENE_23,-0.34386891631961,0.06279867426353186,0.34386891631961
rs1029,GENE_24,0.07237655133314953,0.7038881115953624,0.07237655133314953
rs1029,GENE_25,-0.24765011065076883,0.1870144607889674,0.24765011065076883
rs1029,GENE_26,0.13400662226888851,0.48019398590593065,0.13400662226888851
rs1029,GENE_27,-0.12857351495572109,0.498328931847769,0.12857351495572109
rs1029,GENE_28,-0.044603635725245734,0.814954251751182,0.044603635725245734
rs1029,GENE_29,-0.35465342501434577,0.054478666184028905,0.35465342501434577
rs1029,GENE_30,-0.31340131730045545,0.09171533741323656,0.31340131730045545
rs1029,GENE_31,-0.12245542810913523,0.5191544167890924,0.12245542810913523
rs1029,GENE_32,0.2942107047321946,0.11453283786602349,0.2942107047321946
rs1029,GENE_33,-0.2228539681897352,0.2365265578909482,0.2228539681897352
rs1029,GENE_34,-0.035008352066670446,0.8542825676835865,0.035008352066670446
rs1029,GENE_35,0.053491195736072535,0.7789136961481281,0.053491195736072535
rs1029,GENE_36,-0.02038005730523482,0.9148731666454417,0.02038005730523482
rs1029,GENE_37,-0.10079282507542132,0.5961398242500628,0.10079282507542132
rs1029,GENE_38,-0.13197110606470822,0.486948122313994,0.13197110606470822
rs1029,GENE_39,-0.09492751383029818,0.6177965259599054,0.09492751383029818
rs1029,GENE_40,-0.3363167629900238,0.06919320121162115,0.3363167629900238
rs1029,GENE_41,0.032026801757649735,0.8665777250538498,0.032026801757649735
rs1029,GENE_42,-0.19294098725927175,0.30701012292878005,0.19294098725927175
rs1029,GENE_43,0.04974618663145159,0.7940502019244252,0.04974618663145159
rs1029,GENE_44,0.014838271250348822,0.9379686329622513,0.014838271250348822
rs1029,GENE_45,-0.14284157813650242,0.45144676461235295,0.14284157813650242
rs1029,GENE_46,0.28242204162863593,0.13049950120995188,0.28242204162863593
rs1029,GENE_47,-0.1537778165821424,0.4171768269896335,0.1537778165821424
rs1029,GENE_48,0.28366047781989284,0.12874937656887278,0.28366047781989284
rs1029,GENE_49,-0.06316011300492021,0.7402110719793317,0.06316011300492021
rs1029,GENE_50,0.05637197900703925,0.7673235930120389,0.05637197900703925
rs1029,GENE_51,-0.2864332905899494,0.12489350814850689,0.2864332905899494
rs1029,GENE_52,0.13192258076015903,0.4871097259523853,0.13192258076015903
rs1029,GENE_53,-0.1614031417790947,0.39416736312780215,0.1614031417790947
rs1029,GENE_54,-0.15108691687628653,0.42547162521400494,0.15108691687628653
rs1029,GENE_55,0.10777584825048976,0.5707924643100862,0.10777584825048976
rs1029,GENE_56,0.15068570919503735,0.4267161081378574,0.15068570919503735
rs1029,GENE_57,0.098258786066034,0.6054562713565368,0.098258786066034
rs1029,GENE_58,0.11291049448085044,0.5524701382095862,0.11291049448085044
rs1029,GENE_59,-0.03171936904820635,0.8678472867886328,0.03171936904820635
rs1029,GENE_60,-0.16347354211287457,0.38804776135693797,0.16347354211287457
rs1029,GENE_61,-0.047604992846883014,0.8027378775994097,0.047604992846883014
rs1029,GENE_62,-0.1076012859511056,0.5714201415970019,0.1076012859511056
rs1029,GENE_63,0.31709890778225946,0.08774710612101291,0.31709890778225946
rs1029,GENE_64,-0.14502773094968513,0.44447845576230066,0.14502773094968513
rs1029,GENE_65,-0.2254253579713694,0.23102101904001995,0.2254253579713694
rs1029,GENE_66,0.13358432947974877,0.481591232516631,0.13358432947974877
rs1029,GENE_67,-0.2924306796779923,0.1168456600960164,0.2924306796779923
rs1029,GENE_68,-0.11011204664141402,0.5624221802967458,0.11011204664141402
rs1029,GENE_69,0.20886329783212232,0.2680116023757262,0.20886329783212232
rs1029,GENE_70,-0.10055345458032433,0.5970172290331107,0.10055345458032433
rs1029,GENE_71,-0.28034011181293633,0.1334808386249925,0.28034011181293633
rs1029,GENE_72,-0.22297185286092222,0.2362722572141734,0.22297185286092222
rs1029,GENE_73,-0.24824074555240724,0.1859311680583794,0.24824074555240724
rs1029,GENE_74,0.0651295836869633,0.7323999735586686,0.0651295836869633
rs1029,GENE_75,-0.06260329907779111,0.7424240839076939,0.06260329907779111
rs1029,GENE_76,-0.0702514358047158,0.7122102852388862,0.0702514358047158
rs1029,GENE_77,0.061219402867000526,0.7479329579555876,0.061219402867000526
rs1029,GENE_78,-0.00734220559793769,0.9692838083563446,0.00734220559793769
rs1029,GENE_79,-0.018931591627455096,0.9209038677736446,0.018931591627455096
rs1029,GENE_80,-0.07600933258035153,0.6897395507035876,0.07600933258035153
rs1029,GENE_81,0.11694269148265857,0.5382759318585804,0.11694269148265857
rs1029,GENE_82,-0.29595327597181276,0.11230182977809358,0.29595327597181276
rs1029,GENE_83,-0.3150487980839789,0.0899307716323209,0.3150487980839789
rs1029,GENE_84,-0.3092162564185322,0.09636950588428961,0.3092162564185322
rs1029,GENE_85,0.005820268877224251,0.9756487325653586,0.005820268877224251
rs1029,GENE_86,-0.11323328741336873,0.5513274769546262,0.11323328741336873
rs1029,GENE_87,0.33730236464841906,0.06833112403813199,0.33730236464841906
rs1029,GENE_88,0.2533439938090826,0.17675347881274034,0.2533439938090826
rs1029,GENE_89,-0.004457228065855131,0.9813503906079049,0.004457228065855131
rs1029,GENE_90,0.21301189629422626,0.25840488195092665,0.21301189629422626
rs1029,GENE_91,0.30421569563270967,0.1021622116909065,0.30421569563270967
rs1029,GENE_92,-0.14939411159330723,0.43073603301146873,0.14939411159330723
rs1029,GENE_93,0.1979378084382179,0.29440759249643955,0.1979378084382179
rs1029,GENE_94,-0.12808418479747266,0.49997896598424335,0.12808418479747266
rs1029,GENE_95,0.310365455996808,0.09507407750227843,0.310365455996808
rs1029,GENE_96,-0.2603959634710267,0.1646031733225354,0.2603959634710267
rs1029,GENE_97,0.3373301265568886,0.0683069629011382,0.3373301265568886
rs1029,GENE_98,0.10413272167685952,0.5839559728120314,0.10413272167685952
rs1029,GENE_99,-0.21209216871025757,0.26051492246003255,0.21209216871025757
rs1029,GENE_100,0.17182253816106524,0.3639313492161873,0.17182253816106524
rs1030,GENE_1,0.1171753937547109,0.5374620822317951,0.1171753937547109
rs1030,GENE_2,-0.00594640196932573,0.9751211676817321,0.00594640196932573
rs1030,GENE_3,0.18986306342278658,0.31493846752546095,0.18986306342278658
rs1030,GENE_4,-0.057518103387806656,0.7627259445500113,0.057518103387806656
rs1030,GENE_5,-0.14498189478088527,0.4446239592318911,0.14498189478088527
rs1030,GENE_6,-0.001955881053481988,0.991815775925044,0.001955881053481988
rs1030,GENE_7,-0.008651754894956632,0.9638085798976425,0.008651754894956632
rs1030,GENE_8,-0.056183276460718634,0.7680813157740665,0.056183276460718634
rs1030,GENE_9,-0.0487462090633207,0.7981045708047265,0.0487462090633207
rs1030,GENE_10,-0.05145535899175831,0.7871326487486336,0.05145535899175831
rs1030,GENE_11,-0.0023410452560813882,0.9902041581182994,0.0023410452560813882
rs1030,GENE_12,0.13870733682105943,0.46478272965273737,0.13870733682105943
rs1030,GENE_13,0.014771504669978603,0.9382472218485699,0.014771504669978603
rs1030,GENE_14,-0.13948718014869346,0.4622514324179178,0.13948718014869346
rs1030,GENE_15,0.14707733648732765,0.4379984493933595,0.14707733648732765
rs1030,GENE_16,0.12260938608458764,0.5186251993921779,0.12260938608458764
rs1030,GENE_17,-0.2278961277082164,0.22581261990558288,0.2278961277082164
rs1030,GENE_18,0.20052630932337087,0.2880099589176266,0.20052630932337087
rs1030,GENE_19,-0.22210053788955827,0.23815617658124755,0.22210053788955827
rs1030,GENE_20,0.20266810541875616,0.2827839170989319,0.20266810541875616
rs1030,GENE_21,-0.03509133519022509,0.8539408307409144,0.03509133519022509
rs1030,GENE_22,-0.23676629964814733,0.20776973136854981,0.23676629964814733
rs1030,GENE_23,-0.03733093766882021,0.8447277899925034,0.03733093766882021
rs1030,GENE_24,-0.2148211287290981,0.25428690147693495,0.2148211287290981
rs1030,GENE_25,0.08349992467850095,0.6608919801846936,0.08349992467850095
rs1030,GENE_26,0.01900906360501544,0.9205812006175067,0.01900906360501544
rs1030,GENE_27,-0.03906877023528954,0.8375926211065678,0.03906877023528954
rs1030,GENE_28,0.34943446979853665,0.058389177496451304,0.34943446979853665
rs1030,GENE_29,0.2600650697025719,0.16515963357908509,0.2600650697025719
rs1030,GENE_30,0.10697747191651644,0.5736657351220571,0.10697747191651644
rs1030,GENE_31,0.09368223067046809,0.6224360619102238,0.09368223067046809
rs1030,GENE_32,-0.15759232518254976,0.405574378019423,0.15759232518254976
rs1030,GENE_33,-0.10255631303355361,0.5896930137376886,0.10255631303355361
rs1030,GENE_34,-0.16038639116570536,0.39719272419562834,0.16038639116570536
rs1030,GENE_35,0.22820961424983266,0.22515749929724474,0.22820961424983266
rs1030,GENE_36,0.17819467169880657,0.34613633121491283,0.17819467169880657
rs1030,GENE_37,-0.17877735206398565,0.34453572407167093,0.17877735206398565
rs1030,GENE_38,-0.05340099266219927,0.779277371027534,0.05340099266219927
rs1030,GENE_39,0.0840039744891026,0.6589672314364531,0.0840039744891026
rs1030,GENE_40,0.14258418805220544,0.4522710138235815,0.14258418805220544
rs1030,GENE_41,0.2562442745018734,0.17168218466274018,0.2562442745018734
rs1030,GENE_42,0.1365914390332381,0.4716872875936933,0.1365914390332381
rs1030,GENE_43,0.07228662077765963,0.7042396184751301,0.07228662077765963
rs1030,GENE_44,0.05015308376067792,0.7924019519718577,0.05015308376067792
rs1030,GENE_45,0.31952833380935103,0.08521200757852915,0.31952833380935103
rs1030,GENE_46,0.025575001010980446,0.8932843431018517,0.025575001010980446
rs1030,GENE_47,0.25468987522289055,0.17438717515994248,0.25468987522289055
rs1030,GENE_48,-0.09229651481303919,0.6276155141291195,0.09229651481303919
rs1030,GENE_49,-0.02919556975015443,0.8782813707732094,0.02919556975015443
rs1030,GENE_50,0.14065736862028932,0.4584667964790737,0.14065736862028932
rs1030,GENE_51,-0.26987224503440893,0.1492287877388098,0.26987224503440893
rs1030,GENE_52,0.10823259616165291,0.5691515966643882,0.10823259616165291
rs1030,GENE_53,0.16728140510280315,0.3769366198358503,0.16728140510280315
rs1030,GENE_54,0.12963438984502154,0.494761059272294,0.12963438984502154
rs1030,GENE_55,-0.13134286405553935,0.48904246980703053,0.13134286405553935
rs1030,GENE_56,0.2575606697196846,0.16941469490313849,0.2575606697196846
rs1030,GENE_57,0.29532829684808415,0.11309823222404744,0.29532829684808415
rs1030,GENE_58,-0.1427942385534388,0.4515983014928594,0.1427942385534388
rs1030,GENE_59,-0.04697359853571393,0.8053041513438838,0.04697359853571393
rs1030,GENE_60,-0.0700040291246434,0.713181285967247,0.0700040291246434
rs1030,GENE_61,-0.38725344726957023,0.03449534597161906,0.38725344726957023
rs1030,GENE_62,0.057401160613291785,0.7631946980245145,0.057401160613291785
rs1030,GENE_63,-0.1666345035865798,0.3788110448585284,0.1666345035865798
rs1030,GENE_64,0.08889172459302289,0.6404152217631582,0.08889172459302289
rs1030,GENE_65,-0.027220359807695892,0.8864614897202792,0.027220359807695892
rs1030,GENE_66,0.08561310240939382,0.6528369906142826,0.08561310240939382
rs1030,GENE_67,0.02935089977781464,0.8776385978567263,0.02935089977781464
rs1030,GENE_68,-0.043728285745977966,0.818525334909939,0.043728285745977966
rs1030,GENE_69,-0.0228943446264455,0.9044160869847931,0.0228943446264455
rs1030,GENE_70,0.2388474188719373,0.20368396853979442,0.2388474188719373
rs1030,GENE_71,-0.0029227430305750843,0.9877702711467281,0.0029227430305750843
rs1030,GENE_72,-0.015971528825340697,0.9332411461629478,0.015971528825340697
rs1030,GENE_73,0.06440307549735505,0.735278368104787,0.06440307549735505
rs1030,GENE_74,0.18888104471793626,0.31749453846001624,0.18888104471793626
rs1030,GENE_75,-0.1470199862077801,0.43817906574992505,0.1470199862077801
rs1030,GENE_76,-0.1505166173338097,0.42724120459459813,0.1505166173338097
rs1030,GENE_77,0.06608991947234455,0.7286006237737028,0.06608991947234455
rs1030,GENE_78,-0.11080350546605465,0.5599555704659261,0.11080350546605465
rs1030,GENE_79,-0.3096791707420303,0.09584609284009131,0.3096791707420303
rs1030,GENE_80,0.057539822724357426,0.7626388938019212,0.057539822724357426
rs1030,GENE_81,0.15671898609839477,0.4082145614046827,0.15671898609839477
rs1030,GENE_82,0.024707466556304628,0.8968848106542661,0.024707466556304628
rs1030,GENE_83,-0.018310411320972098,0.9234914954404638,0.018310411320972098
rs1030,GENE_84,0.052690947042808155,0.7821416759771453,0.052690947042808155
rs1030,GENE_85,-0.18300547706473544,0.33305531893136914,0.18300547706473544
rs1030,GENE_86,0.08883934212441444,0.6406129486262488,0.08883934212441444
rs1030,GENE_87,0.09777854155375125,0.6072288240396085,0.09777854155375125
rs1030,GENE_88,0.1378310758916819,0.4676356609781098,0.1378310758916819
rs1030,GENE_89,0.04697408998203082,0.8053021531076328,0.04697408998203082
rs1030,GENE_90,0.1592543201337335,0.40057674625236916,0.1592543201337335
rs1030,GENE_91,-0.327387947182963,0.07739275058742771,0.327387947182963
rs1030,GENE_92,-0.13870263206701072,0.4647980229178844,0.13870263206701072
rs1030,GENE_93,-0.018385757325805944,0.923177588081604,0.018385757325805944
rs1030,GENE_94,-0.3779091891268443,0.039493997192281916,0.3779091891268443
rs1030,GENE_95,0.006405973027548493,0.9731990522003943,0.006405973027548493
rs1030,GENE_96,-0.24287970217401708,0.19592565194959938,0.24287970217401708
rs1030,GENE_97,-0.22509566248444338,0.23172206901148265,0.22509566248444338
rs1030,GENE_98,-0.20535565169659714,0.2763127288856823,0.20535565169659714
rs1030,GENE_99,-0.02650330539621145,0.8894339693135939,0.02650330539621145
rs1030,GENE_100,-0.06887537567293264,0.7176164842892919,0.06887537567293264
rs1031,GENE_1,-0.04540100471619868,0.8117044583455774,0.04540100471619868
rs1031,GENE_2,-0.10812085221288648,0.5695528401845505,0.10812085221288648
rs1031,GENE_3,-0.27091765923594996,0.1475984528395782,0.27091765923594996
rs1031,GENE_4,-0.0486057309130032,0.7986745489797389,0.0486057309130032
rs1031,GENE_5,0.30915955155838715,0.09643376984435632,0.30915955155838715
rs1031,GENE_6,0.00205378246808601,0.9914061300926041,0.00205378246808601
rs1031,GENE_7,-0.19687748029404903,0.2970540451858481,0.19687748029404903
rs1031,GENE_8,0.23664173751149767,0.2080160470413626,0.23664173751149767
rs1031,GENE_9,0.23680096646345897,0.20770121497797192,0.23680096646345897
rs1031,GENE_10,0.009026347516127145,0.9622426933104326,0.009026347516127145
rs1031,GENE_11,-0.001673375328775007,0.9929978668824504,0.001673375328775007
rs1031,GENE_12,0.34413523935838725,0.06258191266584491,0.34413523935838725
rs1031,GENE_13,-0.30304407966822783,0.10355651157257548,0.30304407966822783
rs1031,GENE_14,-0.09135995802244952,0.6311259914545314,0.09135995802244952
rs1031,GENE_15,-0.008390666992208837,0.9649000680456603,0.008390666992208837
rs1031,GENE_16,-0.22049042410602704,0.2416638078119089,0.22049042410602704
rs1031,GENE_17,0.2583341408403517,0.16809233454976122,0.2583341408403517
rs1031,GENE_18,0.048385871117992224,0.7995668149491516,0.048385871117992224
rs1031,GENE_19,-0.24067414002042642,0.20014349434713974,0.24067414002042642
rs1031,GENE_20,-0.03305552785618248,0.8623319219210039,0.03305552785618248
rs1031,GENE_21,0.08890937892259115,0.6403485878190874,0.08890937892259115
rs1031,GENE_22,0.17979011749157434,0.3417643281376114,0.17979011749157434
rs1031,GENE_23,-0.29151878563140166,0.11804384344277642,0.29151878563140166
rs1031,GENE_24,-0.021271086110680952,0.9111656381854705,0.021271086110680952
rs1031,GENE_25,0.1378147634735304,0.4676888577872981,0.1378147634735304
rs1031,GENE_26,0.12754539937549078,0.5017989290130659,0.12754539937549078
rs1031,GENE_27,-0.2733379918289802,0.14387336636817946,0.2733379918289802
rs1031,GENE_28,-0.17041760244972232,0.3679262691425559,0.17041760244972232
rs1031,GENE_29,-0.05764589677636009,0.7622137915173662,0.05764589677636009
rs1031,GENE_30,-0.07711374080732121,0.6854582073475272,0.07711374080732121
rs1031,GENE_31,0.05409415152486018,0.7764839167968473,0.05409415152486018
rs1031,GENE_32,0.25924139514661776,0.1665506063967726,0.25924139514661776
rs1031,GENE_33,-0.05063176563832797,0.7904640405408772,0.05063176563832797
rs1031,GENE_34,0.1266289252541526,0.504902282324717,0.1266289252541526
rs1031,GENE_35,-0.3311177356279693,0.07388115692565787,0.3311177356279693
rs1031,GENE_36,-0.04122936363271417,0.8287393231855394,0.04122936363271417
rs1031,GENE_37,0.3778919063532906,0.03950375305552239,0.3778919063532906
rs1031,GENE_38,0.13242695410852623,0.48543135089897915,0.13242695410852623
rs1031,GENE_39,-0.3146386263474835,0.09037258342746536,0.3146386263474835
rs1031,GENE_40,0.12847686235810796,0.498654629813766,0.12847686235810796
rs1031,GENE_41,0.09280887681676674,0.6256983972610071,0.09280887681676674
rs1031,GENE_42,-0.22546406915722553,0.23093879882042667,0.22546406915722553
rs1031,GENE_43,0.10002759754211173,0.5989466879488692,0.10002759754211173
rs1031,GENE_44,-0.020165925684107952,0.9157644220469395,0.020165925684107952
rs1031,GENE_45,-0.07790345444746254,0.6824026419320527,0.07790345444746254
rs1031,GENE_46,-0.05201458212932959,0.784872713967203,0.05201458212932959
rs1031,GENE_47,-0.22912717179046216,0.2232473764449686,0.22912717179046216
rs1031,GENE_48,-0.0007498112575973942,0.9968624318376611,0.0007498112575973942
rs1031,GENE_49,0.036346744549102014,0.848774061264944,0.036346744549102014
rs1031,GENE_50,-0.14591307547384577,0.4416730405036552,0.14591307547384577
rs1031,GENE_51,0.01489901577998344,0.9377151777980803,0.01489901577998344
rs1031,GENE_52,0.09824377532877979,0.6055116418733896,0.09824377532877979
rs1031,GENE_53,-0.49211724940261703,0.005739117555739298,0.49211724940261703
rs1031,GENE_54,0.009047397482401067,0.9621547034580087,0.009047397482401067
rs1031,GENE_55,0.13402736534606224,0.48012540683859134,0.13402736534606224
rs1031,GENE_56,0.07240221914546552,0.70378779611962,0.07240221914546552
rs1031,GENE_57,0.06249970431918535,0.742836035647892,0.06249970431918535
rs1031,GENE_58,-0.11592322409625673,0.5418482761767088,0.11592322409625673
rs1031,GENE_59,0.24269142931824506,0.19628327548248237,0.24269142931824506
rs1031,GENE_60,0.09047840860170175,0.6344374900713904,0.09047840860170175
rs1031,GENE_61,0.12628492869607344,0.5060695816066121,0.12628492869607344
rs1031,GENE_62,0.07881572037972975,0.6788790154242398,0.07881572037972975
rs1031,GENE_63,0.20074683950121672,0.28746903491857734,0.20074683950121672
rs1031,GENE_64,0.08187368437516501,0.6671163049532983,0.08187368437516501
rs1031,GENE_65,-0.2739511854976972,0.1429405273186376,0.2739511854976972
rs1031,GENE_66,0.03274925878489657,0.8635955814268255,0.03274925878489657
rs1031,GENE_67,-0.03551160644358802,0.8522104897689851,0.03551160644358802
rs1031,GENE_68,-0.22406437496945183,0.23392416483349018,0.22406437496945183
rs1031,GENE_69,0.11011674427573352,0.562405405920391,0.11011674427573352
rs1031,GENE_70,-0.04189909563030674,0.8259991309412429,0.04189909563030674
rs1031,GENE_71,-0.302340592302618,0.10440054722749383,0.302340592302618
rs1031,GENE_72,-0.2629486583635885,0.16035513763238043,0.2629486583635885
rs1031,GENE_73,0.020806848400242033,0.9130970859801394,0.020806848400242033
rs1031,GENE_74,-0.2743613118727852,0.14231906349538406,0.2743613118727852
rs1031,GENE_75,0.02557980711636919,0.8932644023820571,0.02557980711636919
rs1031,GENE_76,-0.13988989484059888,0.46094711206840594,0.13988989484059888
rs1031,GENE_77,0.17845814081720865,0.3454120350113886,0.17845814081720865
rs1031,GENE_78,0.19858562698615043,0.29279809012089875,0.19858562698615043
rs1031,GENE_79,-0.0475274722978357,0.8030528486845651,0.0475274722978357
rs1031,GENE_80,-0.025007815774389576,0.8956380614890593,0.025007815774389576
rs1031,GENE_81,0.1813475413072523,0.3375288917831306,0.1813475413072523
rs1031,GENE_82,-0.013776209554800793,0.9424009996826592,0.013776209554800793
rs1031,GENE_83,-0.11603634608777331,0.5414513313731023,0.11603634608777331
rs1031,GENE_84,-0.38734557453328894,0.03444873690126275,0.38734557453328894
rs1031,GENE_85,-0.040776696938537485,0.8305925163576456,0.040776696938537485
rs1031,GENE_86,0.04258452892248716,0.8231967704316556,0.04258452892248716
rs1031,GENE_87,0.16580430211786823,0.38122451691620657,0.16580430211786823
rs1031,GENE_88,-0.062495836081741904,0.7428514193113958,0.062495836081741904
rs1031,GENE_89,0.4449481428040848,0.013749031010033783,0.4449481428040848
rs1031,GENE_90,0.013013030636098523,0.9455870697422514,0.013013030636098523
rs1031,GENE_91,0.18375048073299852,0.33105692983284174,0.18375048073299852
rs1031,GENE_92,-0.16471821144417695,0.3843953149889068,0.16471821144417695
rs1031,GENE_93,-0.046536806380138025,0.8070806359521181,0.046536806380138025
rs1031,GENE_94,0.08088914837539732,0.6708951332711477,0.08088914837539732
rs1031,GENE_95,0.03967870355112521,0.8350913256802889,0.03967870355112521
rs1031,GENE_96,-0.13229231664820432,0.4858790867206741,0.13229231664820432
rs1031,GENE_97,-0.09153408563459721,0.6304727137777685,0.09153408563459721
rs1031,GENE_98,-0.04838604648432655,0.7995661031540762,0.04838604648432655
rs1031,GENE_99,-0.49836349305035654,0.005064947164938344,0.49836349305035654
rs1031,GENE_100,0.20248833236419478,0.28322021731505487,0.20248833236419478
rs1032,GENE_1,0.36179842905176546,0.049463111833521575,0.36179842905176546
rs1032,GENE_2,-0.22277762742428642,0.23669133764345285,0.22277762742428642
rs1032,GENE_3,-0.0016799485985618168,0.9929703621226398,0.0016799485985618168
rs1032,GENE_4,0.14458058386855463,0.4458989868730683,0.14458058386855463
rs1032,GENE_5,0.024260813053358296,0.8987393129942863,0.024260813053358296
rs1032,GENE_6,-0.05453992489214564,0.7746888750028205,0.05453992489214564
rs1032,GENE_7,-0.02604515824309483,0.8913339461477219,0.02604515824309483
rs1032,GENE_8,0.30638326108891484,0.09961995540022577,0.30638326108891484
rs1032,GENE_9,-0.00932380353867664,0.9609993539033372,0.00932380353867664
rs1032,GENE_10,0.11229925944576376,0.5546368659641713,0.11229925944576376
rs1032,GENE_11,-0.19236634441558242,0.3084807589091889,0.19236634441558242
rs1032,GENE_12,0.22518730274127977,0.23152706609710447,0.22518730274127977
rs1032,GENE_13,-0.2072983864353218,0.27169485184814324,0.2072983864353218
rs1032,GENE_14,-0.18026315979814098,0.3404744982122488,0.18026315979814098
rs1032,GENE_15,0.2780354797215662,0.13683883609533967,0.2780354797215662
rs1032,GENE_16,-0.21164341751016252,0.26154852615457813,0.21164341751016252
rs1032,GENE_17,0.15014516311875364,0.42839596393679563,0.15014516311875364
rs1032,GENE_18,0.007985152259218737,0.9665954607563044,0.007985152259218737
rs1032,GENE_19,0.057802502669878617,0.7615863018478588,0.057802502669878617
rs1032,GENE_20,0.3276745010412293,0.07711848715629355,0.3276745010412293
rs1032,GENE_21,-0.1770292495377311,0.3493511190300658,0.1770292495377311
rs1032,GENE_22,0.08415647616820267,0.6583853131001808,0.08415647616820267
rs1032,GENE_23,-0.03581877530021591,0.8509462387535962,0.03581877530021591
rs1032,GENE_24,-0.36713115603334406,0.04596399660364857,0.36713115603334406
rs1032,GENE_25,0.35889188679838135,0.0514572864880751,0.35889188679838135
rs1032,GENE_26,0.019594203863518008,0.9181445215755552,0.019594203863518008
rs1032,GENE_27,0.004267424047954336,0.9821444266484765,0.004267424047954336
rs1032,GENE_28,0.19409306437885562,0.30407495153464126,0.19409306437885562
rs1032,GENE_29,-0.04098718770465797,0.8297306670338209,0.04098718770465797
rs1032,GENE_30,-0.16802158654611668,0.37479855856338373,0.16802158654611668
rs1032,GENE_31,0.16333274822347976,0.38846217120546456,0.16333274822347976
rs1032,GENE_32,-0.26419301257628586,0.15831300305427307,0.26419301257628586
rs1032,GENE_33,0.09631030755936043,0.6126615091975384,0.09631030755936043
rs1032,GENE_34,0.06322516868768017,0.7399526456072759,0.06322516868768017
rs1032,GENE_35,0.05568603513740256,0.7700789577905582,0.05568603513740256
rs1032,GENE_36,-0.1623795742876217,0.39127441756248366,0.1623795742876217
rs1032,GENE_37,0.0956761707992806,0.6150141696312849,0.0956761707992806
rs1032,GENE_38,0.16450677611645856,0.38501436008197604,0.16450677611645856
rs1032,GENE_39,0.061326813348702554,0.7475049494717436,0.061326813348702554
rs1032,GENE_40,0.12285258711845012,0.5177897538375416,0.12285258711845012
rs1032,GENE_41,0.0005779102766568354,0.9975817451929586,0.0005779102766568354
rs1032,GENE_42,0.04458180258345319,0.8150432785053068,0.04458180258345319
rs1032,GENE_43,-0.32339579618864556,0.08129226939926754,0.32339579618864556
rs1032,GENE_44,0.06871822459320301,0.7182347490435393,0.06871822459320301
rs1032,GENE_45,-0.05670803277089112,0.7659747119775654,0.05670803277089112
rs1032,GENE_46,0.09028780730388997,0.6351543879947457,0.09028780730388997
rs1032,GENE_47,0.00397559488785567,0.983365312358408,0.00397559488785567
rs1032,GENE_48,-0.050841647048813686,0.7896147350720846,0.050841647048813686
rs1032,GENE_49,-0.24771108909057052,0.18690241579299385,0.24771108909057052
rs1032,GENE_50,0.1969160001781221,0.2969576418216879,0.1969160001781221
rs1032,GENE_51,0.19989844039956167,0.2895535682839645,0.19989844039956167
rs1032,GENE_52,-0.1990532545197543,0.2916397484528668,0.1990532545197543
rs1032,GENE_53,-0.04333050720697458,0.8201492960679059,0.04333050720697458
rs1032,GENE_54,0.24121210596713097,0.19910897724882717,0.24121210596713097
rs1032,GENE_55,-0.2857263681884957,0.12586836946512206,0.2857263681884957
rs1032,GENE_56,0.17967351790692856,0.3420827100105476,0.17967351790692856
rs1032,GENE_57,-0.07819177965738879,0.6812882742447993,0.07819177965738879
rs1032,GENE_58,0.238549103694849,0.20426621678131268,0.238549103694849
rs1032,GENE_59,-0.17900452908221579,0.34391288646984614,0.17900452908221579
rs1032,GENE_60,0.14148959291664792,0.4557852359622202,0.14148959291664792
rs1032,GENE_61,0.2244048247308685,0.23319566234473618,0.2244048247308685
rs1032,GENE_62,-0.021461704189707376,0.9103727201349839,0.021461704189707376
rs1032,GENE_63,-0.13256117230815115,0.48498521955186885,0.13256117230815115
rs1032,GENE_64,0.1753602771265055,0.35398601919025763,0.1753602771265055
rs1032,GENE_65,0.008502307641818594,0.9644333422396116,0.008502307641818594
rs1032,GENE_66,0.3444445734004708,0.06233087864124915,0.3444445734004708
rs1032,GENE_67,0.45920345089152254,0.010690829488513739,0.45920345089152254
rs1032,GENE_68,0.058321266129783646,0.7595087768363973,0.058321266129783646
rs1032,GENE_69,0.18815569549717184,0.31939076001932964,0.18815569549717184
rs1032,GENE_70,-0.14047896844242094,0.4590427168109025,0.14047896844242094
rs1032,GENE_71,0.36667238622138554,0.04625704994580328,0.36667238622138554
rs1032,GENE_72,0.07755793780414036,0.6837389152090226,0.07755793780414036
rs1032,GENE_73,-0.18002238309009583,0.34113064784097685,0.18002238309009583
rs1032,GENE_74,-0.08750607589872653,0.6456536837307916,0.08750607589872653
rs1032,GENE_75,-0.19894911147938463,0.2918974647274478,0.19894911147938463
rs1032,GENE_76,-0.0815363504260977,0.668410161115597,0.0815363504260977
rs1032,GENE_77,-0.08798634036136842,0.6438361396515793,0.08798634036136842
rs1032,GENE_78,-0.08387327516991877,0.6594661113544342,0.08387327516991877
rs1032,GENE_79,-0.037036518470063534,0.8459378220241418,0.037036518470063534
rs1032,GENE_80,0.14568133107045386,0.44240644779394095,0.14568133107045386
rs1032,GENE_81,0.11767652854737841,0.5357114072765325,0.11767652854737841
rs1032,GENE_82,-0.02669370975967334,0.8886445215053468,0.02669370975967334
rs1032,GENE_83,0.22275544130808084,0.23673924023643922,0.22275544130808084
rs1032,GENE_84,0.13093017879850707,0.4904207152188321,0.13093017879850707
rs1032,GENE_85,-0.022262161032974268,0.9070439725889108,0.022262161032974268
rs1032,GENE_86,-0.2375166338697159,0.20629021086474295,0.2375166338697159
rs1032,GENE_87,-0.2514039834493298,0.18020402035198949,0.2514039834493298
rs1032,GENE_88,0.22749735471278842,0.22664782791761803,0.22749735471278842
rs1032,GENE_89,0.11946540442815512,0.5294843465452309,0.11946540442815512
rs1032,GENE_90,0.17260914262367527,0.361705889885431,0.17260914262367527
rs1032,GENE_91,0.031744592721756566,0.8677431119457568,0.031744592721756566
rs1032,GENE_92,-0.03262400603071848,0.8641124667854643,0.03262400603071848
rs1032,GENE_93,-0.04840915933938308,0.799472291677252,0.04840915933938308
rs1032,GENE_94,0.13578860162765832,0.4743210047867374,0.13578860162765832
rs1032,GENE_95,-0.11810493324934423,0.5342169652506903,0.11810493324934423
rs1032,GENE_96,0.30877917228584234,0.0968656939355131,0.30877917228584234
rs1032,GENE_97,-0.12188671762243006,0.5211115926714648,0.12188671762243006
rs1032,GENE_98,-0.12549089113142872,0.5087691405217017,0.12549089113142872
rs1032,GENE_99,-0.0003438282891007034,0.998561255572199,0.0003438282891007034
rs1032,GENE_100,0.0870378089611737,0.6474277516740806,0.0870378089611737
rs1033,GENE_1,-0.024301863656210454,0.8985688492038185,0.024301863656210454
rs1033,GENE_2,0.00029143424657985585,0.9987804974980107,0.00029143424657985585
rs1033,GENE_3,-0.06746250704347365,0.7231812370858346,0.06746250704347365
rs1033,GENE_4,-0.028122427965616866,0.882724201886981,0.028122427965616866
rs1033,GENE_5,-0.09523628034245589,0.6166483754687396,0.09523628034245589
rs1033,GENE_6,0.0676170530566874,0.7225718587454687,0.0676170530566874
rs1033,GENE_7,-0.36285044651989445,0.048756613781624415,0.36285044651989445
rs1033,GENE_8,-0.14896512292191713,0.4320757820496546,0.14896512292191713
rs1033,GENE_9,0.2774576821437782,0.1376902965852301,0.2774576821437782
rs1033,GENE_10,-0.12404731591130917,0.5136951961355777,0.12404731591130917
rs1033,GENE_11,0.19723702833244183,0.29615497682678654,0.19723702833244183
rs1033,GENE_12,0.11525598256467479,0.5441924135866352,0.11525598256467479
rs1033,GENE_13,-0.24888496155283,0.1847546087893766,0.24888496155283
rs1033,GENE_14,-0.41880412507442577,0.021253515342593364,0.41880412507442577
rs1033,GENE_15,-0.22871067181979873,0.22411306141393442,0.22871067181979873
rs1033,GENE_16,0.1588035508050846,0.40192874379533494,0.1588035508050846
rs1033,GENE_17,0.2712805640626052,0.14703551854496905,0.2712805640626052
rs1033,GENE_18,-0.08311985815869379,0.6623446942022837,0.08311985815869379
rs1033,GENE_19,-0.30318690099779994,0.10338578398722871,0.30318690099779994
rs1033,GENE_20,0.14118159206406883,0.45677669061625414,0.14118159206406883
rs1033,GENE_21,0.09752794267271452,0.6081546375697037,0.09752794267271452
rs1033,GENE_22,0.24357396934808517,0.19461079557497346,0.24357396934808517
rs1033,GENE_23,-0.38590459361800905,0.03518360606719193,0.38590459361800905
rs1033,GENE_24,0.1458958586251843,0.44172750445551473,0.1458958586251843
rs1033,GENE_25,-0.04816791182969271,0.8004516122250043,0.04816791182969271
rs1033,GENE_26,-0.12697635575127666,0.5037246934860815,0.12697635575127666
rs1033,GENE_27,0.20422320558532822,0.2790277465335995,0.20422320558532822
rs1033,GENE_28,-0.21641635709333068,0.25069201578899203,0.21641635709333068
rs1033,GENE_29,0.025331377001419693,0.894295231962687,0.025331377001419693
rs1033,GENE_30,-0.18151771966272853,0.33706803003631136,0.18151771966272853
rs1033,GENE_31,0.10596463979812652,0.5773201029597415,0.10596463979812652
rs1033,GENE_32,0.128342995284003,0.4991059089834028,0.128342995284003
rs1033,GENE_33,-0.4039113326563482,0.026856993086252987,0.4039113326563482
rs1033,GENE_34,0.10900801472543784,0.5663707911684669,0.10900801472543784
rs1033,GENE_35,-0.3945704157297038,0.030948773489569006,0.3945704157297038
rs1033,GENE_36,-0.024673353954879344,0.8970264272895244,0.024673353954879344
rs1033,GENE_37,-0.09393662039716857,0.621487124774407,0.09393662039716857
rs1033,GENE_38,-0.207883142991007,0.27031472681575763,0.207883142991007
rs1033,GENE_39,-0.17377628325812505,0.3584187152945956,0.17377628325812505
rs1033,GENE_40,0.22471592248332625,0.232531299010614,0.22471592248332625
rs1033,GENE_41,0.07861685163981033,0.6796465836020368,0.07861685163981033
rs1033,GENE_42,0.11485800766777739,0.5455928347724646,0.11485800766777739
rs1033,GENE_43,-0.0368860039370148,0.8465565538568132,0.0368860039370148
rs1033,GENE_44,-0.0693698770419271,0.7156721559643233,0.0693698770419271
rs1033,GENE_45,0.09655468566062093,0.6117558661392853,0.09655468566062093
rs1033,GENE_46,-0.13978635661862043,0.46128226788385224,0.13978635661862043
rs1033,GENE_47,-0.154306941182125,0.41555645432657246,0.154306941182125
rs1033,GENE_48,0.17803624032345072,0.34657231077812073,0.17803624032345072
rs1033,GENE_49,-0.06637931764449151,0.7274569158180328,0.06637931764449151
rs1033,GENE_50,0.03763191029769445,0.8434911819331661,0.03763191029769445
rs1033,GENE_51,0.14608043988631356,0.44114378767051976,0.14608043988631356
rs1033,GENE_52,-0.07386609802119037,0.6980747440814309,0.07386609802119037
rs1033,GENE_53,-0.5363490691349825,0.0022485223781474376,0.5363490691349825
rs1033,GENE_54,0.16433627991091335,0.3855139619721847,0.16433627991091335
rs1033,GENE_55,0.17182824801498045,0.36391516581264766,0.17182824801498045
rs1033,GENE_56,0.3202032880972199,0.08451772852633528,0.3202032880972199
rs1033,GENE_57,-0.10977160691929673,0.5636384346032065,0.10977160691929673
rs1033,GENE_58,-0.0819061382549355,0.6669918762165127,0.0819061382549355
rs1033,GENE_59,-0.17571880213252064,0.35298727637575616,0.17571880213252064
rs1033,GENE_60,0.16829574163746713,0.3740084461383646,0.16829574163746713
rs1033,GENE_61,-0.1561865772962061,0.4098288172916216,0.1561865772962061
rs1033,GENE_62,-0.016255405779951947,0.9320572700007401,0.016255405779951947
rs1033,GENE_63,0.3190297396313936,0.08572766933870174,0.3190297396313936
rs1033,GENE_64,0.19255298120282588,0.30800263275010226,0.19255298120282588
rs1033,GENE_65,0.2194474404387414,0.2439541935312074,0.2194474404387414
rs1033,GENE_66,0.017298263457369817,0.9277093905486165,0.017298263457369817
rs1033,GENE_67,0.042984615700642013,0.8215620174880356,0.042984615700642013
rs1033,GENE_68,0.10876783036452706,0.5672314811714494,0.10876783036452706
rs1033,GENE_69,0.3464049933707152,0.06075818992547629,0.3464049933707152
rs1033,GENE_70,-0.08503860139399197,0.6550231313839199,0.08503860139399197
rs1033,GENE_71,-0.1506061095252228,0.42696325197422763,0.1506061095252228
rs1033,GENE_72,-0.24904511457876835,0.18446292446097354,0.24904511457876835
rs1033,GENE_73,0.04745598211873719,0.8033433447859628,0.04745598211873719
rs1033,GENE_74,-0.3342233860535748,0.07105220788677682,0.3342233860535748
rs1033,GENE_75,-0.10103890872947412,0.5952383920795361,0.10103890872947412
rs1033,GENE_76,-0.044408019884142697,0.8157519747348078,0.044408019884142697
rs1033,GENE_77,-0.44334121370038254,0.014135476761946512,0.44334121370038254
rs1033,GENE_78,0.15858184338337633,0.4025946615041982,0.15858184338337633
rs1033,GENE_79,0.10391884242055202,0.5847329037009316,0.10391884242055202
rs1033,GENE_80,-0.3757487149024372,0.04072861722761423,0.3757487149024372
rs1033,GENE_81,0.1502852014846194,0.4279604178399287,0.1502852014846194
rs1033,GENE_82,-0.2070710511280158,0.27223263080661586,0.2070710511280158
rs1033,GENE_83,0.19384701036268065,0.3047003441024552,0.19384701036268065
rs1033,GENE_84,-0.289644912092091,0.12053457414674718,0.289644912092091
rs1033,GENE_85,0.021279237052290845,0.9111317308245508,0.021279237052290845
rs1033,GENE_86,-0.12160924320029086,0.5220678022679527,0.12160924320029086
rs1033,GENE_87,-0.04366530317676642,0.8187824171862146,0.04366530317676642
rs1033,GENE_88,0.1506629491408722,0.42678676630038476,0.1506629491408722
rs1033,GENE_89,0.1320465582683654,0.48669689851668385,0.1320465582683654
rs1033,GENE_90,0.18441452169798828,0.3292819074053712,0.18441452169798828
rs1033,GENE_91,-0.07455909063899956,0.6953758223567965,0.07455909063899956
rs1033,GENE_92,0.21691130172007658,0.24958349711195157,0.21691130172007658
rs1033,GENE_93,0.1745523703366608,0.35624278279981547,0.1745523703366608
rs1033,GENE_94,0.2322117364522093,0.21690656313608664,0.2322117364522093
rs1033,GENE_95,0.029002315570019484,0.8790811839020426,0.029002315570019484
rs1033,GENE_96,0.07797719662630653,0.6821175683594554,0.07797719662630653
rs1033,GENE_97,0.13052383502530907,0.49177970819729144,0.13052383502530907
rs1033,GENE_98,-0.2598756089732718,0.16547884933408205,0.2598756089732718
rs1033,GENE_99,-0.44174015959871155,0.014529472706862438,0.44174015959871155
rs1033,GENE_100,-0.16398785286204184,0.3865361149282109,0.16398785286204184
rs1034,GENE_1,-0.07582393750234392,0.6904591778316687,0.07582393750234392
rs1034,GENE_2,-0.005942201444629104,0.9751387366523316,0.005942201444629104
rs1034,GENE_3,-0.22641598741169505,0.22892316371053867,0.22641598741169505
rs1034,GENE_4,0.34004453205215773,0.06597649452540696,0.34004453205215773
rs1034,GENE_5,0.10380641507138649,0.5851414857578453,0.10380641507138649
rs1034,GENE_6,0.024084086524370205,0.8994732252518005,0.024084086524370205
rs1034,GENE_7,0.21296429309358678,0.2585138176815379,0.21296429309358678
rs1034,GENE_8,0.09496506885155942,0.6176568301167779,0.09496506885155942
rs1034,GENE_9,0.1997547196691071,0.2899076434624155,0.1997547196691071
rs1034,GENE_10,0.019069531755826787,0.9203293621881926,0.019069531755826787
rs1034,GENE_11,-0.045725938890980825,0.8103810175369706,0.045725938890980825
rs1034,GENE_12,0.008760495360874327,0.9633540049431117,0.008760495360874327
rs1034,GENE_13,0.20759760777032277,0.2709880698599917,0.20759760777032277
rs1034,GENE_14,0.18356827503609718,0.33154499766780143,0.18356827503609718
rs1034,GENE_15,-0.3097587445672932,0.0957563364675901,0.3097587445672932
rs1034,GENE_16,0.12277443084828848,0.5180581649088487,0.12277443084828848
rs1034,GENE_17,0.08177199585461463,0.6675062365302687,0.08177199585461463
rs1034,GENE_18,0.14638315101856797,0.440187403871981,0.14638315101856797
rs1034,GENE_19,-0.23853010935037197,0.20430332844435378,0.23853010935037197
rs1034,GENE_20,0.22845083999001245,0.22465426284457307,0.22845083999001245
rs1034,GENE_21,0.1724908018790339,0.36204018292151263,0.1724908018790339
rs1034,GENE_22,-0.17838619857280344,0.34560971889295933,0.17838619857280344
rs1034,GENE_23,0.16030688119125167,0.39742986430770955,0.16030688119125167
rs1034,GENE_24,0.1287300935367363,0.4978015235836298,0.1287300935367363
rs1034,GENE_25,0.320479371981397,0.08423498971500416,0.320479371981397
rs1034,GENE_26,0.22091106551019069,0.2407441432986401,0.22091106551019069
rs1034,GENE_27,0.0672817257047384,0.7238942724884586,0.0672817257047384
rs1034,GENE_28,-0.1858327591651124,0.32551043425664816,0.1858327591651124
rs1034,GENE_29,0.04039502348959631,0.8321557597806307,0.04039502348959631
rs1034,GENE_30,0.0849670606696942,0.6552955606020118,0.0849670606696942
rs1034,GENE_31,0.43435592928196226,0.016466966046908886,0.43435592928196226
rs1034,GENE_32,-0.06728746749973132,0.72387162228899,0.06728746749973132
rs1034,GENE_33,-0.03717572265928448,0.8453656644228372,0.03717572265928448
rs1034,GENE_34,0.18412395115387994,0.33005790184162725,0.18412395115387994
rs1034,GENE_35,-0.2391770955020915,0.2030418386360989,0.2391770955020915
rs1034,GENE_36,0.016622799258147223,0.930525309060137,0.016622799258147223
rs1034,GENE_37,0.2662581893749228,0.15496499030363567,0.2662581893749228
rs1034,GENE_38,0.07941069741474048,0.6765844808276802,0.07941069741474048
rs1034,GENE_39,-0.2568806413568211,0.1705833778226144,0.2568806413568211
rs1034,GENE_40,0.23132030254422248,0.21872632299357547,0.23132030254422248
rs1034,GENE_41,0.02656832732017576,0.8891643660301402,0.02656832732017576
rs1034,GENE_42,0.1590452716700756,0.4012034262085048,0.1590452716700756
rs1034,GENE_43,-0.09690743825307908,0.6104495860864906,0.09690743825307908
rs1034,GENE_44,0.18021286392173644,0.34061149819635617,0.18021286392173644
rs1034,GENE_45,0.1260179551725079,0.5069764391479789,0.1260179551725079
rs1034,GENE_46,-0.3652360304713232,0.04718418984190832,0.3652360304713232
rs1034,GENE_47,-0.24472700184159113,0.19244063715905146,0.24472700184159113
rs1034,GENE_48,-0.10741290662526674,0.5720978490442621,0.10741290662526674
rs1034,GENE_49,-0.11377932350250615,0.549397056854246,0.11377932350250615
rs1034,GENE_50,0.16834401459715043,0.37386942484198415,0.16834401459715043
rs1034,GENE_51,-0.11356719186486545,0.55014663872864,0.11356719186486545
rs1034,GENE_52,-0.0601174302027745,0.7523283121405803,0.0601174302027745
rs1034,GENE_53,0.05205574343130897,0.7847064402264996,0.05205574343130897
rs1034,GENE_54,0.040382261690238695,0.8322080399455145,0.040382261690238695
rs1034,GENE_55,0.27482328301723946,0.1416213901917089,0.27482328301723946
rs1034,GENE_56,0.26561933430225976,0.1559952095402325,0.26561933430225976
rs1034,GENE_57,0.10296535311463617,0.5882020320517348,0.10296535311463617
rs1034,GENE_58,-0.03558741768188905,0.8518984310434724,0.03558741768188905
rs1034,GENE_59,-0.2485584810216909,0.18535022166061627,0.2485584810216909
rs1034,GENE_60,0.17369178160714738,0.3586561104084973,0.17369178160714738
rs1034,GENE_61,-0.1507791526640247,0.4264260822064415,0.1507791526640247
rs1034,GENE_62,0.22053975941719525,0.24155582332025943,0.22053975941719525
rs1034,GENE_63,-0.37001358931746003,0.044156399612070234,0.37001358931746003
rs1034,GENE_64,0.023223654118544452,0.9030475905011593,0.023223654118544452
rs1034,GENE_65,0.016662805504340232,0.9303585052144833,0.016662805504340232
rs1034,GENE_66,-0.013805385096565306,0.9422792164943855,0.013805385096565306
rs1034,GENE_67,-0.4045611155694546,0.026589632808626744,0.4045611155694546
rs1034,GENE_68,0.0008863419147798852,0.9962911259965547,0.0008863419147798852
rs1034,GENE_69,-0.06782784330073956,0.7217409763317273,0.06782784330073956
rs1034,GENE_70,0.09578062061805732,0.6146264002738127,0.09578062061805732
rs1034,GENE_71,0.06278201550009568,0.7417135696345378,0.06278201550009568
rs1034,GENE_72,0.2673051729311518,0.15328719623348064,0.2673051729311518
rs1034,GENE_73,-0.08960424745071384,0.6377280795324551,0.08960424745071384
rs1034,GENE_74,-0.14852563226021953,0.4334506920179268,0.14852563226021953
rs1034,GENE_75,0.046253603465409764,0.808232958673519,0.046253603465409764
rs1034,GENE_76,-0.11144665349977449,0.5576657579789233,0.11144665349977449
rs1034,GENE_77,0.14153342282111514,0.45564424059910963,0.14153342282111514
rs1034,GENE_78,0.29265683279955634,0.1165499080321247,0.29265683279955634
rs1034,GENE_79,0.004301774481131078,0.9820007219914241,0.004301774481131078
rs1034,GENE_80,0.2087332993696822,0.2683163316452446,0.2087332993696822
rs1034,GENE_81,-0.2600325234157755,0.16521443849302553,0.2600325234157755
rs1034,GENE_82,0.10480068947376917,0.5815324651931021,0.10480068947376917
rs1034,GENE_83,-0.004668635930173556,0.9804659965021031,0.004668635930173556
rs1034,GENE_84,0.12451217447495348,0.5121063560082117,0.12451217447495348
rs1034,GENE_85,0.10704551067919552,0.5734206185536144,0.10704551067919552
rs1034,GENE_86,-0.11519842457581864,0.5443948480194826,0.11519842457581864
rs1034,GENE_87,0.17718765686510643,0.34891310747352733,0.17718765686510643
rs1034,GENE_88,-0.15884694248677372,0.4017984861975898,0.15884694248677372
rs1034,GENE_89,0.023097883433985684,0.9035702180922475,0.023097883433985684
rs1034,GENE_90,-0.34162472427736834,0.06464861131846555,0.34162472427736834
rs1034,GENE_91,0.022327641983044703,0.9067717336690457,0.022327641983044703
rs1034,GENE_92,-0.0993612437037244,0.6013954835479307,0.0993612437037244
rs1034,GENE_93,0.07006676760467959,0.7129350136601819,0.07006676760467959
rs1034,GENE_94,-0.2128024658717314,0.25888436998040815,0.2128024658717314
rs1034,GENE_95,0.12505887022454365,0.5102409102747266,0.12505887022454365
rs1034,GENE_96,-0.19445483551981202,0.30315690662880207,0.19445483551981202
rs1034,GENE_97,0.12907571864178058,0.49663833924959977,0.12907571864178058
rs1034,GENE_98,-0.17931292838545662,0.34306845471137687,0.17931292838545662
rs1034,GENE_99,0.07632643818130046,0.6885092926303805,0.07632643818130046
rs1034,GENE_100,0.0322579648147276,0.8656233374932993,0.0322579648147276
rs1035,GENE_1,-0.31814208839317404,0.08665159992919062,0.31814208839317404
rs1035,GENE_2,0.15779549855912578,0.40496155224796315,0.15779549855912578
rs1035,GENE_3,-0.20271164783453188,0.2826783066399784,0.20271164783453188
rs1035,GENE_4,-0.43376393779839273,0.016631157038440376,0.43376393779839273
rs1035,GENE_5,-0.1821910820298599,0.3352482430632376,0.1821910820298599
rs1035,GENE_6,0.13524544124462323,0.4761071695483039,0.13524544124462323
rs1035,GENE_7,0.24581591955886223,0.19040664088321319,0.24581591955886223
rs1035,GENE_8,-0.04318143021593057,0.82075810244709,0.04318143021593057
rs1035,GENE_9,-0.2807632417441561,0.1328709178942379,0.2807632417441561
rs1035,GENE_10,-0.04382615331237358,0.8181258956434306,0.04382615331237358
rs1035,GENE_11,0.20393929166156993,0.2797111038519211,0.20393929166156993
rs1035,GENE_12,-0.2744903695221395,0.14212390883862144,0.2744903695221395
rs1035,GENE_13,0.018929381029279505,0.9209130749923179,0.018929381029279505
rs1035,GENE_14,0.3242551137721456,0.08044042404657373,0.3242551137721456
rs1035,GENE_15,-0.10712353421902783,0.5731395886007584,0.10712353421902783
rs1035,GENE_16,0.1454504494357518,0.4431377790146256,0.1454504494357518
rs1035,GENE_17,-0.2880960041887181,0.1226225390586788,0.2880960041887181
rs1035,GENE_18,0.061979008951813734,0.7449076692272026,0.061979008951813734
rs1035,GENE_19,-0.14518941186648038,0.4439654169816708,0.14518941186648038
rs1035,GENE_20,0.07442366712843113,0.6959029558136082,0.07442366712843113
rs1035,GENE_21,0.026222615560564513,0.890597944370301,0.026222615560564513
rs1035,GENE_22,0.2830082022430113,0.1296689935131764,0.2830082022430113
rs1035,GENE_23,0.21651197912643766,0.25047760006853254,0.21651197912643766
rs1035,GENE_24,0.3874095159679016,0.03441641751578846,0.3874095159679016
rs1035,GENE_25,-0.1668356456500951,0.37822764706030104,0.1668356456500951
rs1035,GENE_26,0.1673883707015557,0.3766272042142735,0.1673883707015557
rs1035,GENE_27,-0.20585947435142457,0.2751103154806726,0.20585947435142457
rs1035,GENE_28,0.2765620003032011,0.1390178213636803,0.2765620003032011
rs1035,GENE_29,-0.062171895753980584,0.744140047382156,0.062171895753980584
rs1035,GENE_30,0.07941163401969727,0.6765808710318109,0.07941163401969727
rs1035,GENE_31,-0.1291817462393644,0.49628178332051487,0.1291817462393644
rs1035,GENE_32,-0.06888301673973593,0.7175864272100835,0.06888301673973593
rs1035,GENE_33,-0.08992924059507444,0.6365039209803686,0.08992924059507444
rs1035,GENE_34,-0.07069250430491622,0.7104803115104201,0.07069250430491622
rs1035,GENE_35,0.2207569607067009,0.24108079772791438,0.2207569607067009
rs1035,GENE_36,-0.0027742674123565777,0.9883914999627135,0.0027742674123565777
rs1035,GENE_37,0.009077367095519475,0.9620294298128779,0.009077367095519475
rs1035,GENE_38,-0.0787938469216778,0.6789634244149052,0.0787938469216778
rs1035,GENE_39,0.3246374772215476,0.08006359548883199,0.3246374772215476
rs1035,GENE_40,-0.09902277439070319,0.6026409637624784,0.09902277439070319
rs1035,GENE_41,-0.24889334503628674,0.18473933207923987,0.24889334503628674
rs1035,GENE_42,-0.03124883683344043,0.869791000668748,0.03124883683344043
rs1035,GENE_43,-0.26496425195648293,0.15705668733238132,0.26496425195648293
rs1035,GENE_44,-0.053433136463332406,0.7791477705008674,0.053433136463332406
rs1035,GENE_45,0.011915755814997549,0.9501693316651926,0.011915755814997549
rs1035,GENE_46,-0.0675241250857517,0.7229382558721905,0.0675241250857517
rs1035,GENE_47,-0.15583754306206188,0.41088902790518717,0.15583754306206188
rs1035,GENE_48,0.33934561523562534,0.06657054696834212,0.33934561523562534
rs1035,GENE_49,-0.21118030892543127,0.2626180043106226,0.21118030892543127
rs1035,GENE_50,0.3402199106855856,0.06582807931325542,0.3402199106855856
rs1035,GENE_51,0.07773871963943911,0.6830396308207636,0.07773871963943911
rs1035,GENE_52,-0.2469196976407709,0.18836020561593003,0.2469196976407709
rs1035,GENE_53,0.16855132562119263,0.37327273350435425,0.16855132562119263
rs1035,GENE_54,0.253429056344576,0.17660325748898345,0.253429056344576
rs1035,GENE_55,0.0026726571559461433,0.9888166458054432,0.0026726571559461433
rs1035,GENE_56,-0.05799323015991209,0.7608222936470981,0.05799323015991209
rs1035,GENE_57,-0.04558138970769812,0.8109696961610973,0.04558138970769812
rs1035,GENE_58,-0.1353586364965659,0.4757346435701453,0.1353586364965659
rs1035,GENE_59,-0.17852355270433926,0.34523235448345896,0.17852355270433926
rs1035,GENE_60,-0.1364491094634421,0.47215364483345357,0.1364491094634421
rs1035,GENE_61,-0.07300807737011304,0.7014213865997364,0.07300807737011304
rs1035,GENE_62,-0.11424033625242978,0.5477696798198295,0.11424033625242978
rs1035,GENE_63,0.14563842248002148,0.4425423138922661,0.14563842248002148
rs1035,GENE_64,0.22913896104710338,0.22322290571956774,0.22913896104710338
rs1035,GENE_65,-0.2224892403810001,0.2373145063853684,0.2224892403810001
rs1035,GENE_66,0.16993229470581878,0.36931221049315277,0.16993229470581878
rs1035,GENE_67,-0.0004196826251106343,0.9982438446575643,0.0004196826251106343
rs1035,GENE_68,-0.2098141407223549,0.2657895685712769,0.2098141407223549
rs1035,GENE_69,-0.08401750414723769,0.6589155968550071,0.08401750414723769
rs1035,GENE_70,0.02961504813911734,0.8765456978890692,0.02961504813911734
rs1035,GENE_71,0.37710670193584883,0.039949031834389616,0.37710670193584883
rs1035,GENE_72,0.13121802489272233,0.48945918710239966,0.13121802489272233
rs1035,GENE_73,0.28235789877410805,0.1305906188623917,0.28235789877410805
rs1035,GENE_74,0.17519751363517547,0.35443998574798247,0.17519751363517547
rs1035,GENE_75,0.4083202639191747,0.025085196988043214,0.4083202639191747
rs1035,GENE_76,0.01361633644381202,0.9430683571073751,0.01361633644381202
rs1035,GENE_77,0.07717358500259305,0.685226486672682,0.07717358500259305
rs1035,GENE_78,-0.17434018500337609,0.356836908132962,0.17434018500337609
rs1035,GENE_79,-0.250986989013061,0.1809518276157315,0.250986989013061
rs1035,GENE_80,0.1584190734140906,0.40308395311064255,0.1584190734140906
rs1035,GENE_81,-0.1882741804499201,0.31908053680494053,0.1882741804499201
rs1035,GENE_82,-0.16109126672559024,0.39509394862868336,0.16109126672559024
rs1035,GENE_83,-0.1607371510970365,0.396147538921461,0.1607371510970365
rs1035,GENE_84,0.06424559716256992,0.7359027557759505,0.06424559716256992
rs1035,GENE_85,-0.04230295874985007,0.8243477004356147,0.04230295874985007
rs1035,GENE_86,0.15329600730735676,0.4186553604119847,0.15329600730735676
rs1035,GENE_87,-0.020199062141093207,0.9156264954120963,0.020199062141093207
rs1035,GENE_88,0.18794644906612476,0.31993907489660933,0.18794644906612476
rs1035,GENE_89,0.22800473290331688,0.22558551257932527,0.22800473290331688
rs1035,GENE_90,0.031183194116602444,0.8700622224822006,0.031183194116602444
rs1035,GENE_91,-0.26252422530725794,0.1610559678344165,0.26252422530725794
rs1035,GENE_92,0.3052745349403142,0.10091431209795328,0.3052745349403142
rs1035,GENE_93,0.07089937966284428,0.7096693829366306,0.07089937966284428
rs1035,GENE_94,0.049925092123302546,0.7933253879469785,0.049925092123302546
rs1035,GENE_95,-0.13358094545161753,0.48160243774090544,0.13358094545161753
rs1035,GENE_96,0.20369120043970132,0.2803091183631661,0.20369120043970132
rs1035,GENE_97,-0.0029370085834136014,0.9877105837809165,0.0029370085834136014
rs1035,GENE_98,-0.26637836379401125,0.15477174373481448,0.26637836379401125
rs1035,GENE_99,-0.10469337760061027,0.581921512137888,0.10469337760061027
rs1035,GENE_100,-0.20276034051257485,0.2825602343502835,0.20276034051257485
rs1036,GENE_1,-0.2561580369985944,0.1718314742061406,0.2561580369985944
rs1036,GENE_2,0.13039067017155123,0.4922254854907746,0.13039067017155123
rs1036,GENE_3,0.01113403324018789,0.9534347940945079,0.01113403324018789
rs1036,GENE_4,-0.15449206752959693,0.41499036080743923,0.15449206752959693
rs1036,GENE_5,-0.24047927157939522,0.20051914293957987,0.24047927157939522
rs1036,GENE_6,-0.3110740782598426,0.09428188409570347,0.3110740782598426
rs1036,GENE_7,-0.2295969677316271,0.22227363413314763,0.2295969677316271
rs1036,GENE_8,-0.09287773214824731,0.6254409415543084,0.09287773214824731
rs1036,GENE_9,-0.2212692682004027,0.2399628302176976,0.2212692682004027
rs1036,GENE_10,0.05050267724501149,0.7909865261573963,0.05050267724501149
rs1036,GENE_11,0.22719161002742916,0.22728960204477647,0.22719161002742916
rs1036,GENE_12,-0.3888851930212196,0.033677307854896296,0.3888851930212196
rs1036,GENE_13,-0.12951291735700135,0.49516893302831616,0.12951291735700135
rs1036,GENE_14,-0.09229968778360836,0.6276036344199447,0.09229968778360836
rs1036,GENE_15,0.08440262358792348,0.6574464724764308,0.08440262358792348
rs1036,GENE_16,0.1322332814199072,0.48607547448891114,0.1322332814199072
rs1036,GENE_17,-0.2775582142671476,0.13754187261954343,0.2775582142671476
rs1036,GENE_18,-0.2260206817808434,0.22975875984143151,0.2260206817808434
rs1036,GENE_19,0.2760165771930606,0.13983076339577577,0.2760165771930606
rs1036,GENE_20,0.08917747303896602,0.6393370389631108,0.08917747303896602
rs1036,GENE_21,-0.02831004757983701,0.881947197013896,0.02831004757983701
rs1036,GENE_22,-0.06241362048427995,0.743178406957488,0.06241362048427995
rs1036,GENE_23,-0.14629589007840707,0.44046298018967683,0.14629589007840707
rs1036,GENE_24,0.025547814743395427,0.8933971411927708,0.025547814743395427
rs1036,GENE_25,-0.4468491128082619,0.013303292683605729,0.4468491128082619
rs1036,GENE_26,0.0718164046478606,0.7060784988983312,0.0718164046478606
rs1036,GENE_27,-0.19609245838372782,0.2990230207169628,0.19609245838372782
rs1036,GENE_28,0.26945303177693586,0.1498861904883574,0.26945303177693586
rs1036,GENE_29,-0.10607788862254576,0.576910979276445,0.10607788862254576
rs1036,GENE_30,0.3671957522569526,0.04592285271807787,0.3671957522569526
rs1036,GENE_31,-0.10998914684314567,0.5628611136839324,0.10998914684314567
rs1036,GENE_32,0.04497452811677218,0.8134422479696231,0.04497452811677218
rs1036,GENE_33,-0.09938055316575793,0.6013244628055192,0.09938055316575793
rs1036,GENE_34,-0.29733872282979057,0.11055128401054909,0.29733872282979057
rs1036,GENE_35,0.28908185942418313,0.12129051768384046,0.28908185942418313
rs1036,GENE_36,-0.26184467915989257,0.16218259334643326,0.26184467915989257
rs1036,GENE_37,-0.41988475241682915,0.020887580262896777,0.41988475241682915
rs1036,GENE_38,-0.3040916105104009,0.10230920903067524,0.3040916105104009
rs1036,GENE_39,0.3365957231218639,0.06894835096545043,0.3365957231218639
rs1036,GENE_40,-0.16067990212239322,0.39631802063366417,0.16067990212239322
rs1036,GENE_41,-0.3034209524201723,0.1031064579236773,0.3034209524201723
rs1036,GENE_42,0.05706449784622553,0.7645446350176205,0.05706449784622553
rs1036,GENE_43,-0.09293431738226977,0.6252293970639567,0.09293431738226977
rs1036,GENE_44,0.16373189057886536,0.3872880063541305,0.16373189057886536
rs1036,GENE_45,0.1580449581299872,0.4042098310173499,0.1580449581299872
rs1036,GENE_46,0.2629128915274149,0.16041411216628626,0.2629128915274149
rs1036,GENE_47,0.047366471125773885,0.8037071036013173,0.047366471125773885
rs1036,GENE_48,0.02265447403033492,0.905413075501508,0.02265447403033492
rs1036,GENE_49,0.08696127105618429,0.6477179022757721,0.08696127105618429
rs1036,GENE_50,-0.13839003456248586,0.4658147443535591,0.13839003456248586
rs1036,GENE_51,0.05264506617527085,0.7823268546894534,0.05264506617527085
rs1036,GENE_52,-0.2327708964852859,0.215770371450023,0.2327708964852859
rs1036,GENE_53,-0.05149201277399416,0.7869844712143174,0.05149201277399416
rs1036,GENE_54,-0.1048859312355565,0.5812235128724728,0.1048859312355565
rs1036,GENE_55,0.08297001440744069,0.6629177669817964,0.08297001440744069
rs1036,GENE_56,0.17663728348210622,0.3504363606226499,0.17663728348210622
rs1036,GENE_57,0.1768543875852545,0.3498350121956531,0.1768543875852545
rs1036,GENE_58,0.3644874586963929,0.04767319863044535,0.3644874586963929
rs1036,GENE_59,-0.059537823597823905,0.7546432046632174,0.059537823597823905
rs1036,GENE_60,-0.04266269801172123,0.8228773146105736,0.04266269801172123
rs1036,GENE_61,0.04296395270257215,0.8216464285398637,0.04296395270257215
rs1036,GENE_62,-0.028296647197291854,0.8820026895914524,0.028296647197291854
rs1036,GENE_63,0.059532486067402524,0.7546645319601976,0.059532486067402524
rs1036,GENE_64,-0.010737540147331017,0.9550913366235227,0.010737540147331017
rs1036,GENE_65,-0.16446190985601636,0.38514579457244397,0.16446190985601636
rs1036,GENE_66,0.11085400761573425,0.5597756109023002,0.11085400761573425
rs1036,GENE_67,0.020252899754546617,0.9154024077511691,0.020252899754546617
rs1036,GENE_68,-0.13626183640623507,0.47276762959624397,0.13626183640623507
rs1036,GENE_69,0.014517559619613039,0.939306892840513,0.014517559619613039
rs1036,GENE_70,-0.2406010254632554,0.2002843805759725,0.2406010254632554
rs1036,GENE_71,-0.07203971743652493,0.7052049836166844,0.07203971743652493
rs1036,GENE_72,-0.29948738687543747,0.10787679484814314,0.29948738687543747
rs1036,GENE_73,0.2794059823112714,0.1348345849591648,0.2794059823112714
rs1036,GENE_74,0.20448547534518396,0.27839743938571443,0.20448547534518396
rs1036,GENE_75,-0.2912483119374505,0.11840097776693245,0.2912483119374505
rs1036,GENE_76,0.13645810314238146,0.47212416902889776,0.13645810314238146
rs1036,GENE_77,-0.20396373889211,0.2796522191245601,0.20396373889211
rs1036,GENE_78,0.08088539330408853,0.6709095610621161,0.08088539330408853
rs1036,GENE_79,-0.0346671081451883,0.8556881323214606,0.0346671081451883
rs1036,GENE_80,-0.2020384442599836,0.2843139613173282,0.2020384442599836
rs1036,GENE_81,0.16839034909977374,0.37373601453869126,0.16839034909977374
rs1036,GENE_82,0.09333010644204706,0.6237505519755211,0.09333010644204706
rs1036,GENE_83,-0.2950347633233149,0.11347372620794317,0.2950347633233149
rs1036,GENE_84,-0.23401568243128718,0.2132555809359035,0.23401568243128718
rs1036,GENE_85,-0.05447661015272823,0.7749437619020181,0.05447661015272823
rs1036,GENE_86,0.008163336224241792,0.9658504838812363,0.008163336224241792
rs1036,GENE_87,0.20226241778157117,0.28376911156709117,0.20226241778157117
rs1036,GENE_88,0.2239474090434585,0.23417480273959185,0.2239474090434585
rs1036,GENE_89,-0.11381993859973182,0.5492535949080541,0.11381993859973182
rs1036,GENE_90,0.1721032796899222,0.3631361490246696,0.1721032796899222
rs1036,GENE_91,0.19874032042853285,0.2924145824283011,0.19874032042853285
rs1036,GENE_92,0.1723460260031151,0.3624493995906506,0.1723460260031151
rs1036,GENE_93,0.037986998814649404,0.8420326966677589,0.037986998814649404
rs1036,GENE_94,-0.012342072784947793,0.9483888226206286,0.012342072784947793
rs1036,GENE_95,-0.10906299230098464,0.5661738647981759,0.10906299230098464
rs1036,GENE_96,0.07514165028754959,0.6931098093508915,0.07514165028754959
rs1036,GENE_97,0.07586177912108501,0.6903122707861771,0.07586177912108501
rs1036,GENE_98,0.07220852410563534,0.7045449193295866,0.07220852410563534
rs1036,GENE_99,-0.10433176494791266,0.5832333431080406,0.10433176494791266
rs1036,GENE_100,-0.26889417755775874,0.15076581894181248,0.26889417755775874
rs1037,GENE_1,0.12167317883007568,0.5218473969683142,0.12167317883007568
rs1037,GENE_2,-0.28906698287905874,0.1213105380520105,0.28906698287905874
rs1037,GENE_3,0.17242681487160075,0.3622210118268777,0.17242681487160075
rs1037,GENE_4,0.16644582814925155,0.3793587596484539,0.16644582814925155
rs1037,GENE_5,0.17613058043906613,0.35184226694950416,0.17613058043906613
rs1037,GENE_6,0.12819133337990207,0.49961742398088244,0.12819133337990207
rs1037,GENE_7,0.17389898210122423,0.3580741770634403,0.17389898210122423
rs1037,GENE_8,0.15869840074417696,0.40224449333068585,0.15869840074417696
rs1037,GENE_9,0.02071015645466276,0.9134994314971319,0.02071015645466276
rs1037,GENE_10,-0.13328036695863013,0.48259825061885997,0.13328036695863013
rs1037,GENE_11,-0.20814268415493076,0.26970362394232855,0.20814268415493076
rs1037,GENE_12,0.21537465914929976,0.253035687169752,0.21537465914929976
rs1037,GENE_13,-0.08811661070257927,0.6433434825028156,0.08811661070257927
rs1037,GENE_14,0.10558109134896727,0.5787066719867136,0.10558109134896727
rs1037,GENE_15,0.019975807165638036,0.9165558144073048,0.019975807165638036
rs1037,GENE_16,-0.0396950448964361,0.8350243324965801,0.0396950448964361
rs1037,GENE_17,0.03142961472702303,0.8690441396046199,0.03142961472702303
rs1037,GENE_18,0.06492787486563356,0.7331987804583703,0.06492787486563356
rs1037,GENE_19,-0.22982789852272278,0.22179604108138606,0.22982789852272278
rs1037,GENE_20,-0.1885671817924442,0.3183141868820928,0.1885671817924442
rs1037,GENE_21,-0.09951323576975005,0.6008365492801998,0.09951323576975005
rs1037,GENE_22,0.35556052743380656,0.05382055985515837,0.35556052743380656
rs1037,GENE_23,0.0715815663779959,0.7069974925279993,0.0715815663779959
rs1037,GENE_24,-0.4297827199800991,0.017771002371479883,0.4297827199800991
rs1037,GENE_25,0.15556148420795168,0.4117286609965155,0.15556148420795168
rs1037,GENE_26,-0.1347073134737108,0.4778802150081463,0.1347073134737108
rs1037,GENE_27,0.16507494229217776,0.38335217607914607,0.16507494229217776
rs1037,GENE_28,0.14017880681611114,0.4600125775830481,0.14017880681611114
rs1037,GENE_29,-0.035419213414235116,0.8525908330143369,0.035419213414235116
rs1037,GENE_30,-0.10065303067055115,0.5966521686472807,0.10065303067055115
rs1037,GENE_31,-0.008480061176052708,0.9645263450808026,0.008480061176052708
rs1037,GENE_32,0.2760168253220564,0.13983039278028073,0.2760168253220564
rs1037,GENE_33,-0.03738824640001463,0.8444922972892652,0.03738824640001463
rs1037,GENE_34,-0.07474409738751746,0.6946559120082914,0.07474409738751746
rs1037,GENE_35,0.08875822274823252,0.6409191955984584,0.08875822274823252
rs1037,GENE_36,0.06615308520334495,0.7283509425883026,0.06615308520334495
rs1037,GENE_37,0.2816570744195543,0.13158921051072617,0.2816570744195543
rs1037,GENE_38,0.06440177584781853,0.73528352042425,0.06440177584781853
rs1037,GENE_39,0.3349706125297886,0.07038425041854554,0.3349706125297886
rs1037,GENE_40,0.052709781836846575,0.782065660677481,0.052709781836846575
rs1037,GENE_41,0.06417382569074613,0.7361873780552497,0.06417382569074613
rs1037,GENE_42,-0.22485177116247693,0.23224158658689376,0.22485177116247693
rs1037,GENE_43,-0.19419777791772344,0.3038090469956532,0.19419777791772344
rs1037,GENE_44,-0.3872968796580544,0.03447336629834781,0.3872968796580544
rs1037,GENE_45,-0.3786554866577946,0.03907456346961099,0.3786554866577946
rs1037,GENE_46,-0.1850670084589543,0.32754345937530605,0.1850670084589543
rs1037,GENE_47,0.2097305553888055,0.2659844178225088,0.2097305553888055
rs1037,GENE_48,-0.0033566840192011844,0.9859546835770622,0.0033566840192011844
rs1037,GENE_49,-0.16913321480805266,0.3716008956513694,0.16913321480805266
rs1037,GENE_50,0.1275286846673143,0.501855442573787,0.1275286846673143
rs1037,GENE_51,0.06490462496156926,0.7332908722597254,0.06490462496156926
rs1037,GENE_52,0.01777221230664547,0.9257340709753985,0.01777221230664547
rs1037,GENE_53,0.37139441869391177,0.04331079435594409,0.37139441869391177
rs1037,GENE_54,0.09542540557966431,0.6159455490829772,0.09542540557966431
rs1037,GENE_55,-0.08117503532186421,0.6697970312724297,0.08117503532186421
rs1037,GENE_56,-0.19683252854973202,0.29716657051428846,0.19683252854973202
rs1037,GENE_57,-0.09658373589392713,0.6116482458757481,0.09658373589392713
rs1037,GENE_58,-0.2833205445356865,0.12922803524588278,0.2833205445356865
rs1037,GENE_59,-0.07512889334603136,0.6931594030022921,0.07512889334603136
rs1037,GENE_60,0.10130572704794309,0.5942616715682759,0.10130572704794309
rs1037,GENE_61,0.08943694874382549,0.6383586117158863,0.08943694874382549
rs1037,GENE_62,0.051111828789555384,0.788521766354638,0.051111828789555384
rs1037,GENE_63,0.011909426916386875,0.9501957660467161,0.011909426916386875
rs1037,GENE_64,-0.1908143490414874,0.31247461732487986,0.1908143490414874
rs1037,GENE_65,0.2267351068170938,0.22825010319282724,0.2267351068170938
rs1037,GENE_66,0.2523421250828843,0.1785295648411974,0.2523421250828843
rs1037,GENE_67,0.22729424427237138,0.22707403100827564,0.22729424427237138
rs1037,GENE_68,0.20525864706385905,0.2765446264826608,0.20525864706385905
rs1037,GENE_69,-0.06387362326914833,0.7373782536693748,0.06387362326914833
rs1037,GENE_70,-0.0290687500344421,0.8788062211187007,0.0290687500344421
rs1037,GENE_71,0.18238500746823308,0.3347252638353555,0.18238500746823308
rs1037,GENE_72,0.06423201484966402,0.7359566161774592,0.06423201484966402
rs1037,GENE_73,-0.13737508965237194,0.4691238818045796,0.13737508965237194
rs1037,GENE_74,0.09257686763347596,0.6265662160578632,0.09257686763347596
rs1037,GENE_75,0.1334749379792266,0.4819535185153532,0.1334749379792266
rs1037,GENE_76,0.0003360572535018012,0.9985937733243758,0.0003360572535018012
rs1037,GENE_77,0.1675281303714817,0.37622314959667313,0.1675281303714817
rs1037,GENE_78,0.003178690782922267,0.9866993906356709,0.003178690782922267
rs1037,GENE_79,0.21937172724092077,0.24412101829014163,0.21937172724092077
rs1037,GENE_80,0.07220537937398466,0.7045572138725557,0.07220537937398466
rs1037,GENE_81,-0.16697029996777277,0.3778373845311349,0.16697029996777277
rs1037,GENE_82,0.22770986021825151,0.22620248805641063,0.22770986021825151
rs1037,GENE_83,0.2829893608398594,0.12969562867272427,0.2829893608398594
rs1037,GENE_84,0.30652410032011834,0.09945643600357348,0.30652410032011834
rs1037,GENE_85,-0.23064259883969282,0.22011669311100598,0.23064259883969282
rs1037,GENE_86,-0.24964177559621994,0.18337907079482396,0.24964177559621994
rs1037,GENE_87,-0.13548612157456835,0.4753152706943679,0.13548612157456835
rs1037,GENE_88,0.08003278094096286,0.6741884415733469,0.08003278094096286
rs1037,GENE_89,0.37351671186100766,0.042036379653575776,0.37351671186100766
rs1037,GENE_90,-0.11120469366900203,0.5585267066858365,0.11120469366900203
rs1037,GENE_91,-0.0009058246204868543,0.9962096017098307,0.0009058246204868543
rs1037,GENE_92,5.5438597389186194e-05,0.9997680178874011,5.5438597389186194e-05
rs1037,GENE_93,-0.0915386267141327,0.6304556805786303,0.0915386267141327
rs1037,GENE_94,-0.009820850306526312,0.958921944652725,0.009820850306526312
rs1037,GENE_95,0.12466257045253434,0.5115928368988347,0.12466257045253434
rs1037,GENE_96,0.19744669787844693,0.2956314827607009,0.19744669787844693
rs1037,GENE_97,-0.04904570052293149,0.7968897495425414,0.04904570052293149
rs1037,GENE_98,-0.25254192105063356,0.1781743740914917,0.25254192105063356
rs1037,GENE_99,0.21170428087890178,0.2614081834162106,0.21170428087890178
rs1037,GENE_100,0.1776927810394752,0.3475185937848989,0.1776927810394752
rs1038,GENE_1,-0.012361371556481843,0.9483082271726064,0.012361371556481843
rs1038,GENE_2,0.2536586056386311,0.17619831988256462,0.2536586056386311
rs1038,GENE_3,0.18501153490952735,0.32769104047421543,0.18501153490952735
rs1038,GENE_4,-0.2620976913486587,0.161762467326307,0.2620976913486587
rs1038,GENE_5,0.027829454902726616,0.8839377289513298,0.027829454902726616
rs1038,GENE_6,-0.16606350624709,0.380470030604644,0.16606350624709
rs1038,GENE_7,-0.037061397815347424,0.8458355571971822,0.037061397815347424
rs1038,GENE_8,0.10519677690123304,0.5800974917435358,0.10519677690123304
rs1038,GENE_9,-0.008957441477204913,0.9625307268402171,0.008957441477204913
rs1038,GENE_10,0.05746518515673244,0.762938051834935,0.05746518515673244
rs1038,GENE_11,0.2072738293625577,0.2717529103212111,0.2072738293625577
rs1038,GENE_12,0.1841839308176257,0.32989762923569343,0.1841839308176257
rs1038,GENE_13,0.11380353523138129,0.5493115333080852,0.11380353523138129
rs1038,GENE_14,0.12377769094331048,0.5146178571264667,0.12377769094331048
rs1038,GENE_15,0.2827002012388973,0.13010490300500072,0.2827002012388973
rs1038,GENE_16,0.31229091317202523,0.09293322205395245,0.31229091317202523
rs1038,GENE_17,-0.28511739290258187,0.12671264145414565,0.28511739290258187
rs1038,GENE_18,0.11166885655300059,0.5568756466001772,0.11166885655300059
rs1038,GENE_19,0.033341848576475895,0.861150869936629,0.033341848576475895
rs1038,GENE_20,-0.3272002153262967,0.07757283725701418,0.3272002153262967
rs1038,GENE_21,-0.2165453067912071,0.2504028970471155,0.2165453067912071
rs1038,GENE_22,-0.11516312824751306,0.5445190045340862,0.11516312824751306
rs1038,GENE_23,0.01777855047765963,0.9257076577119866,0.01777855047765963
rs1038,GENE_24,0.06699046867099098,0.7250435209875451,0.06699046867099098
rs1038,GENE_25,0.08818198896380154,0.643096290433839,0.08818198896380154
rs1038,GENE_26,-0.06148549377112256,0.7468727755789738,0.06148549377112256
rs1038,GENE_27,0.20960694572913224,0.26627273975989574,0.20960694572913224
rs1038,GENE_28,-0.19518179460072288,0.3013174180831904,0.19518179460072288
rs1038,GENE_29,0.1992883773435021,0.2910584364287013,0.1992883773435021
rs1038,GENE_30,0.11711582474257629,0.5376703623916707,0.11711582474257629
rs1038,GENE_31,-0.029351952414170955,0.8776342421901819,0.029351952414170955
rs1038,GENE_32,-0.06359962083372828,0.7384657168953142,0.06359962083372828
rs1038,GENE_33,0.07776378382650995,0.6829427000136733,0.07776378382650995
rs1038,GENE_34,-0.2155828755968246,0.252566080419279,0.2155828755968246
rs1038,GENE_35,-0.25237357999363513,0.17847361233013992,0.25237357999363513
rs1038,GENE_36,0.22638876063537972,0.22898064995473924,0.22638876063537972
rs1038,GENE_37,0.13181866081037247,0.4874559022526444,0.13181866081037247
rs1038,GENE_38,-0.02601413510756755,0.8914626232805608,0.02601413510756755
rs1038,GENE_39,-0.36079716887972196,0.05014303656863558,0.36079716887972196
rs1038,GENE_40,-0.05987875127964455,0.7532813188528525,0.05987875127964455
rs1038,GENE_41,0.06803138232187449,0.7209389708273423,0.06803138232187449
rs1038,GENE_42,-0.1777128135776558,0.34746335844852205,0.1777128135776558
rs1038,GENE_43,0.24479564007925123,0.1923119834206259,0.24479564007925123
rs1038,GENE_44,-0.1033781667457618,0.5866989676692286,0.1033781667457618
rs1038,GENE_45,0.022066607689612827,0.9078570525315751,0.022066607689612827
rs1038,GENE_46,0.2018412702857269,0.2847941705676858,0.2018412702857269
rs1038,GENE_47,0.26555409275368785,0.156100693919147,0.26555409275368785
rs1038,GENE_48,-0.2416715226255492,0.19822844036813864,0.2416715226255492
rs1038,GENE_49,0.113009969944652,0.5521178859208719,0.113009969944652
rs1038,GENE_50,0.04999346513711753,0.7930484274767521,0.04999346513711753
rs1038,GENE_51,-0.18799686508850866,0.31980691024222213,0.18799686508850866
rs1038,GENE_52,0.20125392337255088,0.28622770165071315,0.20125392337255088
rs1038,GENE_53,0.0037573173716647077,0.9842785143477844,0.0037573173716647077
rs1038,GENE_54,0.3049825911440483,0.10125723176705428,0.3049825911440483
rs1038,GENE_55,0.04293494299680821,0.8217649402789625,0.04293494299680821
rs1038,GENE_56,-0.010958103657466862,0.9541698023342043,0.010958103657466862
rs1038,GENE_57,0.28897439264118596,0.12143519788635897,0.28897439264118596
rs1038,GENE_58,-0.1897598313062937,0.31520656473603514,0.1897598313062937
rs1038,GENE_59,0.32832858060224324,0.07649526568581672,0.32832858060224324
rs1038,GENE_60,-0.16436304898042198,0.38543549629420926,0.16436304898042198
rs1038,GENE_61,-0.28856952347767395,0.12198141010592492,0.28856952347767395
rs1038,GENE_62,0.010078940596840873,0.9578433582556244,0.010078940596840873
rs1038,GENE_63,-0.1192148988346224,0.530354254499363,0.1192148988346224
rs1038,GENE_64,-0.3014722694693069,0.10544945756380336,0.3014722694693069
rs1038,GENE_65,0.17931422425452573,0.3430649091214109,0.17931422425452573
rs1038,GENE_66,0.05389035122028459,0.7773049572096086,0.05389035122028459
rs1038,GENE_67,0.05039629895334043,0.7914171593243033,0.05039629895334043
rs1038,GENE_68,0.17534177081483585,0.35403761796935246,0.17534177081483585
rs1038,GENE_69,-0.14682162913943067,0.4388040744972067,0.14682162913943067
rs1038,GENE_70,0.1652587514133727,0.38281532873562246,0.1652587514133727
rs1038,GENE_71,-0.13666884240162322,0.47143376842711077,0.13666884240162322
rs1038,GENE_72,-0.008445488164673075,0.9646708807770804,0.008445488164673075
rs1038,GENE_73,0.5151417314884926,0.003578757497237038,0.5151417314884926
rs1038,GENE_74,-0.16929271424475853,0.3711434023392802,0.16929271424475853
rs1038,GENE_75,-0.19265418550675611,0.3077435614464114,0.19265418550675611
rs1038,GENE_76,0.24038878657704818,0.20069373645357644,0.24038878657704818
rs1038,GENE_77,0.38878229551906723,0.03372842566968647,0.38878229551906723
rs1038,GENE_78,0.1245571343346475,0.5119528163185769,0.1245571343346475
rs1038,GENE_79,-0.04628033338337176,0.8081241806158626,0.04628033338337176
rs1038,GENE_80,-0.052225302359052386,0.7840215939854164,0.052225302359052386
rs1038,GENE_81,-0.03625040446517423,0.8491703443313391,0.03625040446517423
rs1038,GENE_82,-0.04216606064691019,0.8249074063964861,0.04216606064691019
rs1038,GENE_83,0.22632866955139405,0.22910755981928602,0.22632866955139405
rs1038,GENE_84,0.2185071243050058,0.24603143444424908,0.2185071243050058
rs1038,GENE_85,-0.06864766484461625,0.718512402411256,0.06864766484461625
rs1038,GENE_86,0.2148243710427906,0.2542795606427474,0.2148243710427906
rs1038,GENE_87,0.1067503464509676,0.5744843174086641,0.1067503464509676
rs1038,GENE_88,-0.027306785747488616,0.8861033205011508,0.027306785747488616
rs1038,GENE_89,0.2599611960300688,0.16533459240359294,0.2599611960300688
rs1038,GENE_90,0.08452455317482958,0.6569816050493774,0.08452455317482958
rs1038,GENE_91,-0.1288900473963461,0.4972630364001625,0.1288900473963461
rs1038,GENE_92,-0.04285918431078611,0.8220744511552203,0.04285918431078611
rs1038,GENE_93,-0.013590101531291572,0.9431778729748448,0.013590101531291572
rs1038,GENE_94,-0.3122261018967306,0.09300468368937562,0.3122261018967306
rs1038,GENE_95,0.13159750798316752,0.4881930202890536,0.13159750798316752
rs1038,GENE_96,-0.18080418516215724,0.33900292029175727,0.18080418516215724
rs1038,GENE_97,-0.27722060195879783,0.1380407798983823,0.27722060195879783
rs1038,GENE_98,-0.09488384941921962,0.6179589637236601,0.09488384941921962
rs1038,GENE_99,0.016152504796560985,0.9324863904212316,0.016152504796560985
rs1038,GENE_100,0.22826575903547128,0.22504030417924506,0.22826575903547128
rs1039,GENE_1,-0.09752778638151315,0.6081552151580706,0.09752778638151315
rs1039,GENE_2,-0.25104702180659216,0.18084403524051468,0.25104702180659216
rs1039,GENE_3,-0.19223497527489922,0.30881757845851776,0.19223497527489922
rs1039,GENE_4,0.16070508478717957,0.39624302402322187,0.16070508478717957
rs1039,GENE_5,-0.013072776485796429,0.9453376163143218,0.013072776485796429
rs1039,GENE_6,-0.11155838478364666,0.5572683985401451,0.11155838478364666
rs1039,GENE_7,0.0322480599224995,0.8656642273752919,0.0322480599224995
rs1039,GENE_8,-0.14558223505856097,0.44272026029093015,0.14558223505856097
rs1039,GENE_9,0.02748226910433524,0.8853761443442792,0.02748226910433524
rs1039,GENE_10,-0.04391991277194876,0.8177432651684947,0.04391991277194876
rs1039,GENE_11,0.010668244691309243,0.9553808710755786,0.010668244691309243
rs1039,GENE_12,0.1977789037974972,0.294803244844972,0.1977789037974972
rs1039,GENE_13,0.19650621279844205,0.29798422688096515,0.19650621279844205
rs1039,GENE_14,-0.06832115591539414,0.7197976755082799,0.06832115591539414
rs1039,GENE_15,-0.3832259700726336,0.036583216199648605,0.3832259700726336
rs1039,GENE_16,-0.16602744964825517,0.3805749314938783,0.16602744964825517
rs1039,GENE_17,0.2558482246373579,0.17236856144668444,0.2558482246373579
rs1039,GENE_18,0.1617775252100209,0.39305670774221146,0.1617775252100209
rs1039,GENE_19,-0.010969886858754505,0.9541205726730869,0.010969886858754505
rs1039,GENE_20,-0.14421313149218176,0.44706816493458984,0.14421313149218176
rs1039,GENE_21,0.1057711539634857,0.5780193902570806,0.1057711539634857
rs1039,GENE_22,-0.006851300801214545,0.9713366482561984,0.006851300801214545
rs1039,GENE_23,-0.09499619036018717,0.6175410753306804,0.09499619036018717
rs1039,GENE_24,-0.07691482482955268,0.68622862404432,0.07691482482955268
rs1039,GENE_25,0.2773761193407867,0.1378108002793776,0.2773761193407867
rs1039,GENE_26,-0.1242804353813379,0.5128981140782926,0.1242804353813379
rs1039,GENE_27,-0.21846005682607986,0.24613571766318787,0.21846005682607986
rs1039,GENE_28,-0.10836066740339607,0.5686918830645015,0.10836066740339607
rs1039,GENE_29,0.019873259067117267,0.9169827163316037,0.019873259067117267
rs1039,GENE_30,-0.23440718906067223,0.21246878668721364,0.23440718906067223
rs1039,GENE_31,0.09346490128478423,0.623247224785616,0.09346490128478423
rs1039,GENE_32,0.10847001830638531,0.5682994992038338,0.10847001830638531
rs1039,GENE_33,0.024174029721697805,0.8990996977648128,0.024174029721697805
rs1039,GENE_34,0.20882841393555987,0.26809335161006403,0.20882841393555987
rs1039,GENE_35,0.008310520171188024,0.9652351375150612,0.008310520171188024
rs1039,GENE_36,0.20791864871810997,0.27023107383646794,0.20791864871810997
rs1039,GENE_37,0.23582160555926113,0.2096428156661077,0.23582160555926113
rs1039,GENE_38,0.1986632494806102,0.2926056127147427,0.1986632494806102
rs1039,GENE_39,-0.05263821028395893,0.7823545265961529,0.05263821028395893
rs1039,GENE_40,0.055012459918422386,0.7727873116681969,0.055012459918422386
rs1039,GENE_41,0.4977046957380496,0.005132702406860941,0.4977046957380496
rs1039,GENE_42,0.2811423134678528,0.1323262388532533,0.2811423134678528
rs1039,GENE_43,-0.13566002216677986,0.47474351938252823,0.13566002216677986
rs1039,GENE_44,-0.24450871887320438,0.19285017851780925,0.24450871887320438
rs1039,GENE_45,-0.14156902456678228,0.455529731280185,0.14156902456678228
rs1039,GENE_46,-0.059292860232409914,0.7556221925451522,0.059292860232409914
rs1039,GENE_47,-0.2808284155156747,0.13277715468697426,0.2808284155156747
rs1039,GENE_48,-0.12712161476031344,0.5032327558997051,0.12712161476031344
rs1039,GENE_49,-0.12926574605785868,0.4959993953772685,0.12926574605785868
rs1039,GENE_50,0.12588729104922364,0.5074205739497406,0.12588729104922364
rs1039,GENE_51,-0.24446769649803118,0.19292721199538543,0.24446769649803118
rs1039,GENE_52,0.08427361738446663,0.6579384565452623,0.08427361738446663
rs1039,GENE_53,0.02410296993302911,0.8993948020953151,0.02410296993302911
rs1039,GENE_54,0.09591468339369502,0.6141288421543935,0.09591468339369502
rs1039,GENE_55,-0.15647499063636022,0.4089539073037452,0.15647499063636022
rs1039,GENE_56,-0.18358359429448542,0.3315039456013641,0.18358359429448542
rs1039,GENE_57,-0.3544475875638119,0.054628881355338804,0.3544475875638119
rs1039,GENE_58,-0.1335694561685588,0.4816404821583739,0.1335694561685588
rs1039,GENE_59,-0.21641814651483507,0.2506880022119906,0.21641814651483507
rs1039,GENE_60,-0.20245356252539837,0.28330465169370167,0.20245356252539837
rs1039,GENE_61,-0.15516698350634636,0.41293020325380736,0.15516698350634636
rs1039,GENE_62,0.16032113231020065,0.39738735412185855,0.16032113231020065
rs1039,GENE_63,-0.18661813477180894,0.3234333836531034,0.18661813477180894
rs1039,GENE_64,-0.3874657674900652,0.0343880052622152,0.3874657674900652
rs1039,GENE_65,-0.22087109622422232,0.2408314293654166,0.22087109622422232
rs1039,GENE_66,0.04041197319012506,0.8320863244867,0.04041197319012506
rs1039,GENE_67,-0.3072843481913816,0.09857725335129702,0.3072843481913816
rs1039,GENE_68,-0.17968491715051818,0.34205157581404716,0.17968491715051818
rs1039,GENE_69,-0.21119568734560162,0.26258244446359447,0.21119568734560162
rs1039,GENE_70,0.27993804376067305,0.13406229444220727,0.27993804376067305
rs1039,GENE_71,-0.04556122362445818,0.8110518308647632,0.04556122362445818
rs1039,GENE_72,0.15670572120173887,0.40825473684070007,0.15670572120173887
rs1039,GENE_73,-0.2672551906284189,0.15336699498421047,0.2672551906284189
rs1039,GENE_74,0.04075873921388648,0.8306660527580609,0.04075873921388648
rs1039,GENE_75,-0.2636020351542231,0.15928053461870378,0.2636020351542231
rs1039,GENE_76,0.10394436007082877,0.5846401852418504,0.10394436007082877
rs1039,GENE_77,-0.08663817244614382,0.6489433069096023,0.08663817244614382
rs1039,GENE_78,-0.012063449678106684,0.9495524625010245,0.012063449678106684
rs1039,GENE_79,-0.062053228148492574,0.7446122744548751,0.062053228148492574
rs1039,GENE_80,-0.018607960564569294,0.9222519085229296,0.018607960564569294
rs1039,GENE_81,-0.12607531044394465,0.5067815463097152,0.12607531044394465
rs1039,GENE_82,0.1078351076030855,0.5705794548154375,0.1078351076030855
rs1039,GENE_83,-0.21909561834556493,0.24473003187627,0.21909561834556493
rs1039,GENE_84,0.0061176112794673184,0.9744050832915394,0.0061176112794673184
rs1039,GENE_85,0.1731620385152673,0.3601464749654027,0.1731620385152673
rs1039,GENE_86,-0.041730309624042575,0.8266895273083665,0.041730309624042575
rs1039,GENE_87,-0.18570946597959612,0.3258372456461242,0.18570946597959612
rs1039,GENE_88,0.2802901681808944,0.13355296475235504,0.2802901681808944
rs1039,GENE_89,-0.0009051111245322147,0.9962125872928861,0.0009051111245322147
rs1039,GENE_90,0.07759251032330475,0.6836051649798067,0.07759251032330475
rs1039,GENE_91,0.05151741131704592,0.7868817986788353,0.05151741131704592
rs1039,GENE_92,-0.13356839020483985,0.48164401195816436,0.13356839020483985
rs1039,GENE_93,-0.05837380251628232,0.7592984722124871,0.05837380251628232
rs1039,GENE_94,-0.1330531198158031,0.4833518190480696,0.1330531198158031
rs1039,GENE_95,0.10569794702964797,0.5782840694496584,0.10569794702964797
rs1039,GENE_96,-0.3006748873628908,0.10641961523549187,0.3006748873628908
rs1039,GENE_97,0.08388688859657394,0.6594141421557349,0.08388688859657394
rs1039,GENE_98,0.08197859558524175,0.666714104803313,0.08197859558524175
rs1039,GENE_99,0.09348580358334851,0.6231691899874927,0.09348580358334851
rs1039,GENE_100,0.29718432827385227,0.11074535059935015,0.29718432827385227
rs1040,GENE_1,-0.043566418818394265,0.8191860805489748,0.043566418818394265
rs1040,GENE_2,-0.19019748100139747,0.3140709470731395,0.19019748100139747
rs1040,GENE_3,0.08432876308817777,0.6577281331678076,0.08432876308817777
rs1040,GENE_4,0.095942627488455,0.6140251520901987,0.095942627488455
rs1040,GENE_5,-0.2176904108612404,0.24784510858011374,0.2176904108612404
rs1040,GENE_6,-0.06803261962504407,0.7209340963635302,0.06803261962504407
rs1040,GENE_7,-0.1599313681987745,0.3985509294088395,0.1599313681987745
rs1040,GENE_8,-0.13938557266724716,0.46258082801743994,0.13938557266724716
rs1040,GENE_9,-0.25661427489581373,0.17104270197121024,0.25661427489581373
rs1040,GENE_10,0.08100196608244116,0.6704617169011883,0.08100196608244116
rs1040,GENE_11,0.049439852464194994,0.795291667932279,0.049439852464194994
rs1040,GENE_12,-0.11428212660116184,0.5476222711481171,0.11428212660116184
rs1040,GENE_13,0.09632097533559819,0.6126219636992152,0.09632097533559819
rs1040,GENE_14,-0.3014119927192063,0.1055225624432565,0.3014119927192063
rs1040,GENE_15,-0.26879087090621534,0.15092882847797193,0.26879087090621534
rs1040,GENE_16,-0.08810336870508499,0.64339355440548,0.08810336870508499
rs1040,GENE_17,-0.17325846130998723,0.35987492852909236,0.17325846130998723
rs1040,GENE_18,-0.09527547704052455,0.616502685560312,0.09527547704052455
rs1040,GENE_19,-0.21656034150604778,0.2503692019708031,0.21656034150604778
rs1040,GENE_20,0.2596775405658131,0.16581303674609438,0.2596775405658131
rs1040,GENE_21,0.2375929493633339,0.2061401370331909,0.2375929493633339
rs1040,GENE_22,0.06534274145783901,0.73155612429399,0.06534274145783901
rs1040,GENE_23,-0.27251838412850005,0.14512709737755675,0.27251838412850005
rs1040,GENE_24,0.040299897094700235,0.8325454727624058,0.040299897094700235
rs1040,GENE_25,-0.10808292022625318,0.5696890731072932,0.10808292022625318
rs1040,GENE_26,0.17672004106111358,0.3502070605006357,0.17672004106111358
rs1040,GENE_27,-0.19945132103840243,0.2906560107215489,0.19945132103840243
rs1040,GENE_28,-0.010182728469396564,0.9574096383115073,0.010182728469396564
rs1040,GENE_29,-0.12244156573395552,0.5192020804506687,0.12244156573395552
rs1040,GENE_30,-0.13255384954538618,0.4850095544569962,0.13255384954538618
rs1040,GENE_31,0.1571858097138647,0.40680210942637385,0.1571858097138647
rs1040,GENE_32,0.04673254041230963,0.8062844459511854,0.04673254041230963
rs1040,GENE_33,-0.11447359618163094,0.5469471304854134,0.11447359618163094
rs1040,GENE_34,-0.28700483193764276,0.12410941671994356,0.28700483193764276
rs1040,GENE_35,0.018297888914734863,0.92354366752068,0.018297888914734863
rs1040,GENE_36,-0.2213243511139827,0.2398428331948602,0.2213243511139827
rs1040,GENE_37,-0.0694648242749273,0.7152990322265884,0.0694648242749273
rs1040,GENE_38,-0.15542747018943845,0.41213661132125123,0.15542747018943845
rs1040,GENE_39,0.26408934180250865,0.1584824249926147,0.26408934180250865
rs1040,GENE_40,-0.13894346042766703,0.46401552662618134,0.13894346042766703
rs1040,GENE_41,-0.19009963448162154,0.3143246191144014,0.19009963448162154
rs1040,GENE_42,0.15430463719421902,0.41556350235219947,0.15430463719421902
rs1040,GENE_43,-0.24695911268988116,0.18828741374429844,0.24695911268988116
rs1040,GENE_44,0.02826402912624764,0.8821377671901702,0.02826402912624764
rs1040,GENE_45,0.13976926953049865,0.46133759158543436,0.13976926953049865
rs1040,GENE_46,-0.22370654618215097,0.2346914968133053,0.22370654618215097
rs1040,GENE_47,-0.033324967326423184,0.8612204957393758,0.033324967326423184
rs1040,GENE_48,0.2099286351636202,0.26552281661773797,0.2099286351636202
rs1040,GENE_49,-0.0708134820669336,0.7100060543522604,0.0708134820669336
rs1040,GENE_50,0.02138670041822648,0.9106847048808797,0.02138670041822648
rs1040,GENE_51,0.034088415134310816,0.8580727238510113,0.034088415134310816
rs1040,GENE_52,-0.2712765557665403,0.14704172768670037,0.2712765557665403
rs1040,GENE_53,-0.20576330877095622,0.27533956128418247,0.20576330877095622
rs1040,GENE_54,-0.20574240165573598,0.27538941733566685,0.20574240165573598
rs1040,GENE_55,-0.12445796382258104,0.5122915177064253,0.12445796382258104
rs1040,GENE_56,0.038525325729463024,0.8398225590361965,0.038525325729463024
rs1040,GENE_57,0.04906127272914728,0.7968265970054498,0.04906127272914728
rs1040,GENE_58,-0.027799014032830416,0.8840638332373695,0.027799014032830416
rs1040,GENE_59,-0.29247709298540486,0.11678491765005257,0.29247709298540486
rs1040,GENE_60,-0.07628483666025418,0.6886706475773873,0.07628483666025418
rs1040,GENE_61,0.2133235787645199,0.2576923672943107,0.2133235787645199
rs1040,GENE_62,-0.31016825448757995,0.09529542958139801,0.31016825448757995
rs1040,GENE_63,0.20228610572307665,0.28371152613890216,0.20228610572307665
rs1040,GENE_64,0.3791935532136305,0.03877438318540974,0.3791935532136305
rs1040,GENE_65,-0.13684810772849498,0.4708468937480189,0.13684810772849498
rs1040,GENE_66,-0.17466528560640557,0.35592685707751237,0.17466528560640557
rs1040,GENE_67,-0.008038256095965457,0.9663734337685653,0.008038256095965457
rs1040,GENE_68,-0.21797684179458132,0.24720802775964731,0.21797684179458132
rs1040,GENE_69,0.07942078240343185,0.6765456123546476,0.07942078240343185
rs1040,GENE_70,-0.15364346088062292,0.4175888329439336,0.15364346088062292
rs1040,GENE_71,0.08443930393318046,0.6573066122044617,0.08443930393318046
rs1040,GENE_72,-0.2599311403632445,0.16538524101710594,0.2599311403632445
rs1040,GENE_73,-0.4093102203666148,0.02470081327046187,0.4093102203666148
rs1040,GENE_74,0.007375886689131658,0.9691429694440398,0.007375886689131658
rs1040,GENE_75,0.13354450133300774,0.481723120330595,0.13354450133300774
rs1040,GENE_76,-0.11081814625810764,0.5599033966795006,0.11081814625810764
rs1040,GENE_77,-0.2797391996862591,0.13435053855512008,0.2797391996862591
rs1040,GENE_78,-0.27468383013794884,0.1418317310717469,0.27468383013794884
rs1040,GENE_79,-0.18243922977796945,0.3345791257494453,0.18243922977796945
rs1040,GENE_80,0.11466077551787036,0.546287494384067,0.11466077551787036
rs1040,GENE_81,0.15538774664395907,0.4122575767633577,0.15538774664395907
rs1040,GENE_82,0.03069631716160231,0.8720743440619287,0.03069631716160231
rs1040,GENE_83,-0.2439435206022544,0.19391341209550844,0.2439435206022544
rs1040,GENE_84,-0.26198117051715736,0.16195585327142067,0.26198117051715736
rs1040,GENE_85,0.03573248819379921,0.8513013443139485,0.03573248819379921
rs1040,GENE_86,-0.15529173337195545,0.4125500368453031,0.15529173337195545
rs1040,GENE_87,0.21316351748383375,0.2580581107014314,0.21316351748383375
rs1040,GENE_88,0.05687104755788987,0.7653206306565704,0.05687104755788987
rs1040,GENE_89,-0.14026215725670904,0.459743152951027,0.14026215725670904
rs1040,GENE_90,-0.11027665842535934,0.5618345185600839,0.11027665842535934
rs1040,GENE_91,-0.08103603246704982,0.6703308630553824,0.08103603246704982
rs1040,GENE_92,0.30983731692013544,0.09566777212813438,0.30983731692013544
rs1040,GENE_93,0.10578743289932435,0.5779605411927992,0.10578743289932435
rs1040,GENE_94,-0.055880786887521204,0.769296379842864,0.055880786887521204
rs1040,GENE_95,-0.03668070307667304,0.8474006442505387,0.03668070307667304
rs1040,GENE_96,0.1680067346967061,0.37484138928206573,0.1680067346967061
rs1040,GENE_97,0.09704179604047393,0.6099523529282909,0.09704179604047393
rs1040,GENE_98,0.0218211995329213,0.9088775499681382,0.0218211995329213
rs1040,GENE_99,-0.17272184776762295,0.36138768657135084,0.17272184776762295
rs1040,GENE_100,-0.05755781383419179,0.7625667878748922,0.05755781383419179
rs1041,GENE_1,-0.0826782710672016,0.6640340652934569,0.0826782710672016
rs1041,GENE_2,0.1826904959902199,0.33390242929343755,0.1826904959902199
rs1041,GENE_3,0.1395896007291084,0.46191952613453224,0.1395896007291084
rs1041,GENE_4,-0.25391441894451655,0.17574782239980621,0.25391441894451655
rs1041,GENE_5,-0.1131871713658247,0.5514906568198646,0.1131871713658247
rs1041,GENE_6,0.3079262776301133,0.09783947632253548,0.3079262776301133
rs1041,GENE_7,-0.2579226423683666,0.1687949356709446,0.2579226423683666
rs1041,GENE_8,-0.28666038682326545,0.12458152141689156,0.28666038682326545
rs1041,GENE_9,0.004637056148518611,0.9805981045166724,0.004637056148518611
rs1041,GENE_10,-0.1019222303561051,0.5920075410537982,0.1019222303561051
rs1041,GENE_11,0.1840306197623974,0.3303073888689586,0.1840306197623974
rs1041,GENE_12,-0.016536683323495196,0.9308843744983601,0.016536683323495196
rs1041,GENE_13,0.004034719086997516,0.9831179594772712,0.004034719086997516
rs1041,GENE_14,-0.05771962882091852,0.7619183429741562,0.05771962882091852
rs1041,GENE_15,0.009665528079237554,0.9595710869181058,0.009665528079237554
rs1041,GENE_16,0.11698916257652119,0.5381133578197506,0.11698916257652119
rs1041,GENE_17,0.03267017103080252,0.8639219494956387,0.03267017103080252
rs1041,GENE_18,-0.34781203578751635,0.0596487124186295,0.34781203578751635
rs1041,GENE_19,-0.025853240703931878,0.8921300210997499,0.025853240703931878
rs1041,GENE_20,0.1793316247681641,0.34301730222203947,0.1793316247681641
rs1041,GENE_21,0.19796269194648558,0.29434566620752584,0.19796269194648558
rs1041,GENE_22,0.06526930976375803,0.7318467911815502,0.06526930976375803
rs1041,GENE_23,-0.2040567613735324,0.27942823369659986,0.2040567613735324
rs1041,GENE_24,0.3433071083038916,0.06325785608642484,0.3433071083038916
rs1041,GENE_25,-0.060672028324244474,0.7501152704599594,0.060672028324244474
rs1041,GENE_26,0.28552393839113144,0.12614855353205054,0.28552393839113144
rs1041,GENE_27,-0.0424154794220261,0.8238877244542131,0.0424154794220261
rs1041,GENE_28,0.2326758500892301,0.2159632157099678,0.2326758500892301
rs1041,GENE_29,-0.44776454692168133,0.013092986011328028,0.44776454692168133
rs1041,GENE_30,0.07376645663975563,0.6984631042299021,0.07376645663975563
rs1041,GENE_31,-0.2995802555756884,0.1077623006468644,0.2995802555756884
rs1041,GENE_32,0.07543827873706382,0.6919569929083242,0.07543827873706382
rs1041,GENE_33,0.04706083206512793,0.8049494758978604,0.04706083206512793
rs1041,GENE_34,0.06724801514270841,0.7240272583265198,0.06724801514270841
rs1041,GENE_35,0.19550605196183754,0.30049919190954105,0.19550605196183754
rs1041,GENE_36,-0.28968668388416396,0.12047863134783995,0.28968668388416396
rs1041,GENE_37,0.09416449629134042,0.6206375957201964,0.09416449629134042
rs1041,GENE_38,-0.28426082566874583,0.1279072114020589,0.28426082566874583
rs1041,GENE_39,-0.014108172423604452,0.9410154115368994,0.014108172423604452
rs1041,GENE_40,-0.16258731835387924,0.3906604955683207,0.16258731835387924
rs1041,GENE_41,-0.14419965126533804,0.4471110883010217,0.14419965126533804
rs1041,GENE_42,-0.3073881013710035,0.09845772505923935,0.3073881013710035
rs1041,GENE_43,-0.24798589672400964,0.1863980512591571,0.24798589672400964
rs1041,GENE_44,0.09989661580911036,0.5994276975425576,0.09989661580911036
rs1041,GENE_45,-0.2803311202625264,0.13349382167509663,0.2803311202625264
rs1041,GENE_46,-0.20721223191534682,0.27189857594348665,0.20721223191534682
rs1041,GENE_47,0.22836698864866586,0.22482910428589417,0.22836698864866586
rs1041,GENE_48,0.08863709233818556,0.6413766023059618,0.08863709233818556
rs1041,GENE_49,-0.4039274615980161,0.02685033021723104,0.4039274615980161
rs1041,GENE_50,0.15044137845010191,0.42747496513857947,0.15044137845010191
rs1041,GENE_51,-0.09556620964493032,0.6154225096769754,0.09556620964493032
rs1041,GENE_52,-0.2541948073925566,0.175254980426964,0.2541948073925566
rs1041,GENE_53,0.027973316954712474,0.8833418039660087,0.027973316954712474
rs1041,GENE_54,-0.07534066985147003,0.6923362656313405,0.07534066985147003
rs1041,GENE_55,0.31576371050122654,0.08916464186349149,0.31576371050122654
rs1041,GENE_56,0.24017951706099783,0.20109792983556066,0.24017951706099783
rs1041,GENE_57,0.20454489519300575,0.27825476432781526,0.20454489519300575
rs1041,GENE_58,0.045827176147614626,0.809968787696334,0.045827176147614626
rs1041,GENE_59,-0.19732113896444425,0.29594490256729866,0.19732113896444425
rs1041,GENE_60,-0.06860542750478878,0.7186786236094872,0.06860542750478878
rs1041,GENE_61,-0.11499771672879561,0.5451010245718547,0.11499771672879561
rs1041,GENE_62,-0.07776179331533013,0.6829503977429988,0.07776179331533013
rs1041,GENE_63,0.026523362536543436,0.8893508042135221,0.026523362536543436
rs1041,GENE_64,0.11604344565008558,0.5414264236033643,0.11604344565008558
rs1041,GENE_65,-0.07720915315201156,0.6850887777102075,0.07720915315201156
rs1041,GENE_66,0.06496225738599956,0.7330625995286886,0.06496225738599956
rs1041,GENE_67,-0.10257058378718299,0.5896409680607725,0.10257058378718299
rs1041,GENE_68,0.0061804660818727646,0.9741421974128858,0.0061804660818727646
rs1041,GENE_69,0.014817539861777218,0.9380551355691614,0.014817539861777218
rs1041,GENE_70,-0.35707271719153233,0.052737417468181856,0.35707271719153233
rs1041,GENE_71,-0.49145339716145137,0.005815064699528797,0.49145339716145137
rs1041,GENE_72,-0.23394883707379593,0.21339011559750476,0.23394883707379593
rs1041,GENE_73,0.292399960284206,0.1168858763538799,0.292399960284206
rs1041,GENE_74,0.13799350109139807,0.46710614530435923,0.13799350109139807
rs1041,GENE_75,0.00960570033760431,0.9598211333531514,0.00960570033760431
rs1041,GENE_76,0.02698058133774313,0.8874553021146901,0.02698058133774313
rs1041,GENE_77,0.1086677011794884,0.5675904645026257,0.1086677011794884
rs1041,GENE_78,0.012280705745453892,0.9486451067049959,0.012280705745453892
rs1041,GENE_79,-0.08811404221715301,0.6433531945849734,0.08811404221715301
rs1041,GENE_80,-0.12369728309873969,0.5148931715787312,0.12369728309873969
rs1041,GENE_81,-0.24950768788246874,0.18362225600013438,0.24950768788246874
rs1041,GENE_82,-0.22286031862477196,0.23651285408047384,0.22286031862477196
rs1041,GENE_83,-0.07771665051474563,0.6831249829042424,0.07771665051474563
rs1041,GENE_84,-0.3649785125064883,0.04735196305792109,0.3649785125064883
rs1041,GENE_85,0.0919128514696244,0.629052634389577,0.0919128514696244
rs1041,GENE_86,-0.03023296460826886,0.8739899732174962,0.03023296460826886
rs1041,GENE_87,0.13259491261887896,0.48487310228898695,0.13259491261887896
rs1041,GENE_88,-0.09956546330522068,0.6006445394327145,0.09956546330522068
rs1041,GENE_89,0.3204268750200249,0.08428869632676798,0.3204268750200249
rs1041,GENE_90,-0.13839368166886198,0.46580287543419496,0.13839368166886198
rs1041,GENE_91,-0.09864414931939487,0.6040355061567161,0.09864414931939487
rs1041,GENE_92,-0.14892878816525826,0.43218936167584127,0.14892878816525826
rs1041,GENE_93,0.08462263397323393,0.6566077542881441,0.08462263397323393
rs1041,GENE_94,0.015736155846879544,0.9342228480432655,0.015736155846879544
rs1041,GENE_95,0.004622591304093096,0.9806586156123367,0.004622591304093096
rs1041,GENE_96,-0.3031372490972397,0.10344511351581206,0.3031372490972397
rs1041,GENE_97,0.3432250748251987,0.06332512320207735,0.3432250748251987
rs1041,GENE_98,-0.25372709490061385,0.17607762787075848,0.25372709490061385
rs1041,GENE_99,-0.29790764846682793,0.10983836215779867,0.29790764846682793
rs1041,GENE_100,0.18107340910890832,0.3382720763656976,0.18107340910890832
rs1042,GENE_1,0.13739806660452655,0.4690488317997686,0.13739806660452655
rs1042,GENE_2,0.20056642517079462,0.28791151314333596,0.20056642517079462
rs1042,GENE_3,0.23595915263681208,0.2093693790354373,0.23595915263681208
rs1042,GENE_4,0.25515471318067257,0.17357512440846926,0.25515471318067257
rs1042,GENE_5,0.238661296112817,0.20404710675433524,0.238661296112817
rs1042,GENE_6,0.10236834642159379,0.5903787178372942,0.10236834642159379
rs1042,GENE_7,-0.19503274266594411,0.30169400350226466,0.19503274266594411
rs1042,GENE_8,0.20577633438652362,0.27530850275668256,0.20577633438652362
rs1042,GENE_9,0.20048103937131648,0.28812107882238575,0.20048103937131648
rs1042,GENE_10,0.33763762436144024,0.06803979179123343,0.33763762436144024
rs1042,GENE_11,0.020202807110043852,0.9156109075668659,0.020202807110043852
rs1042,GENE_12,0.133294757262377,0.4825505516269947,0.133294757262377
rs1042,GENE_13,-0.045245930851011855,0.8123362460774907,0.045245930851011855
rs1042,GENE_14,-0.12568174437194896,0.508119629467572,0.12568174437194896
rs1042,GENE_15,0.3068113852702953,0.09912351537942952,0.3068113852702953
rs1042,GENE_16,-0.06810631430252202,0.720643789086447,0.06810631430252202
rs1042,GENE_17,0.04088932954305465,0.8301313208708522,0.04088932954305465
rs1042,GENE_18,-0.006885708977227982,0.9711927559525074,0.006885708977227982
rs1042,GENE_19,0.07852202923774132,0.6800126776060725,0.07852202923774132
rs1042,GENE_20,-0.0931988427582278,0.6242408533721332,0.0931988427582278
rs1042,GENE_21,0.08249608735023951,0.6647315131058554,0.08249608735023951
rs1042,GENE_22,-0.24345529725569537,0.1948351111803117,0.24345529725569537
rs1042,GENE_23,-0.035668537797221816,0.8515645438764993,0.035668537797221816
rs1042,GENE_24,0.32247502355710317,0.0822126959129025,0.32247502355710317
rs1042,GENE_25,0.2535537360321514,0.1763832344015105,0.2535537360321514
rs1042,GENE_26,0.2277729332044265,0.22607042201010233,0.2277729332044265
rs1042,GENE_27,0.10057209405759317,0.5969488866998112,0.10057209405759317
rs1042,GENE_28,-0.1932827234843489,0.3061376303770985,0.1932827234843489
rs1042,GENE_29,0.21689755172439637,0.2496142489409827,0.21689755172439637
rs1042,GENE_30,0.1725182174778774,0.3619627221079808,0.1725182174778774
rs1042,GENE_31,0.14128298679995657,0.4564501745728723,0.14128298679995657
rs1042,GENE_32,-0.2164123875251977,0.25070091946995754,0.2164123875251977
rs1042,GENE_33,0.3121225719365138,0.09311892343432514,0.3121225719365138
rs1042,GENE_34,-0.13308471993638357,0.48324699456955017,0.13308471993638357
rs1042,GENE_35,-0.16358755765518757,0.3877123570010651,0.16358755765518757
rs1042,GENE_36,-0.15211069621986473,0.42230511703953183,0.15211069621986473
rs1042,GENE_37,0.27884769293069045,0.13564843406464644,0.27884769293069045
rs1042,GENE_38,0.16564589250416245,0.38168603958288627,0.16564589250416245
rs1042,GENE_39,-0.32105394382255975,0.08364888782232187,0.32105394382255975
rs1042,GENE_40,0.3378198411159656,0.06788185540041657,0.3378198411159656
rs1042,GENE_41,-0.16022862352940262,0.3976633481499596,0.16022862352940262
rs1042,GENE_42,0.2829024196106934,0.1298185851891126,0.2829024196106934
rs1042,GENE_43,-0.11504787980954762,0.5449244889866376,0.11504787980954762
rs1042,GENE_44,-0.02080829669163763,0.9130910596446953,0.02080829669163763
rs1042,GENE_45,0.15484645731975752,0.41390788324384103,0.15484645731975752
rs1042,GENE_46,-0.19551571427694187,0.30047483166392935,0.19551571427694187
rs1042,GENE_47,0.19869332292015343,0.29253106239415055,0.19869332292015343
rs1042,GENE_48,0.19193957904189793,0.3095757888347149,0.19193957904189793
rs1042,GENE_49,-0.2466088353283153,0.1889349950381587,0.2466088353283153
rs1042,GENE_50,-0.10002379533350245,0.598960648624259,0.10002379533350245
rs1042,GENE_51,-0.040531077134558696,0.8315984441950854,0.040531077134558696
rs1042,GENE_52,-0.16162982502891465,0.3934946645949976,0.16162982502891465
rs1042,GENE_53,-0.19908802947110854,0.29155372525582124,0.19908802947110854
rs1042,GENE_54,-0.1758236357598482,0.3526955600797398,0.1758236357598482
rs1042,GENE_55,0.3215801577387893,0.08311485670103028,0.3215801577387893
rs1042,GENE_56,0.11674711940277367,0.5389603745834233,0.11674711940277367
rs1042,GENE_57,-0.012030219270914192,0.9496912526098229,0.012030219270914192
rs1042,GENE_58,0.1217889409650165,0.5214484452876943,0.1217889409650165
rs1042,GENE_59,-0.13392199640114325,0.4804738213310263,0.13392199640114325
rs1042,GENE_60,0.19204673188098773,0.3093006192870846,0.19204673188098773
rs1042,GENE_61,0.18870151962980564,0.3179632053670839,0.18870151962980564
rs1042,GENE_62,0.06665279132196472,0.7263766689228222,0.06665279132196472
rs1042,GENE_63,-0.1366904638296773,0.47136296448148435,0.1366904638296773
rs1042,GENE_64,0.3263905498909634,0.07835322781085347,0.3263905498909634
rs1042,GENE_65,-0.0060177558178918815,0.9748227272704793,0.0060177558178918815
rs1042,GENE_66,-0.25908749187145785,0.1668114292537314,0.25908749187145785
rs1042,GENE_67,0.010253297970668882,0.9571147416761007,0.010253297970668882
rs1042,GENE_68,-0.008774032023725316,0.9632974175222144,0.008774032023725316
rs1042,GENE_69,-0.2640286546025028,0.15858166204287621,0.2640286546025028
rs1042,GENE_70,0.013550809007739351,0.9433418988548218,0.013550809007739351
rs1042,GENE_71,-0.10817262912343238,0.5693669068717555,0.10817262912343238
rs1042,GENE_72,-0.1726774163523321,0.3615131111066628,0.1726774163523321
rs1042,GENE_73,0.06947554340893103,0.7152569121995535,0.06947554340893103
rs1042,GENE_74,-0.2531628411237498,0.1770736961889159,0.2531628411237498
rs1042,GENE_75,0.06028882508230713,0.751644179840951,0.06028882508230713
rs1042,GENE_76,-0.21781158067873083,0.247575469779515,0.21781158067873083
rs1042,GENE_77,-0.07823160497063787,0.6811344022837771,0.07823160497063787
rs1042,GENE_78,0.1209678118630268,0.5242815090580821,0.1209678118630268
rs1042,GENE_79,0.13802333482790619,0.46700891975392456,0.13802333482790619
rs1042,GENE_80,0.18717922543715146,0.3219545021999058,0.18717922543715146
rs1042,GENE_81,-0.15310142082004538,0.4192533154085291,0.15310142082004538
rs1042,GENE_82,-0.06257865423859167,0.7425220795022547,0.06257865423859167
rs1042,GENE_83,0.05487394593299167,0.7733445830433895,0.05487394593299167
rs1042,GENE_84,0.0084383008024781,0.9647009283525231,0.0084383008024781
rs1042,GENE_85,0.18248393881692282,0.3344586567432828,0.18248393881692282
rs1042,GENE_86,0.05099139103275827,0.7890089258578717,0.05099139103275827
rs1042,GENE_87,-0.20728182181387825,0.27173401347764026,0.20728182181387825
rs1042,GENE_88,-0.17329985651866872,0.35975838839922303,0.17329985651866872
rs1042,GENE_89,-0.11271237030132397,0.5531720256009127,0.11271237030132397
rs1042,GENE_90,-0.19732208208757263,0.2959425475627002,0.19732208208757263
rs1042,GENE_91,-0.05994412590522534,0.7530202530415211,0.05994412590522534
rs1042,GENE_92,-0.1750723651506988,0.3547892758495883,0.1750723651506988
rs1042,GENE_93,0.2845771175229007,0.12746515038259307,0.2845771175229007
rs1042,GENE_94,-0.15240156344421724,0.42140786397613256,0.15240156344421724
rs1042,GENE_95,0.20764259878287422,0.27088190098532994,0.20764259878287422
rs1042,GENE_96,-0.05500499461263001,0.7728173433685323,0.05500499461263001
rs1042,GENE_97,0.0761432180290564,0.689220027529521,0.0761432180290564
rs1042,GENE_98,0.14003399203079495,0.46048088008061333,0.14003399203079495
rs1042,GENE_99,-0.039966015946600375,0.8339136214889376,0.039966015946600375
rs1042,GENE_100,0.191727912146964,0.3101198005833716,0.191727912146964
rs1043,GENE_1,0.08037436880200312,0.6728740949581111,0.08037436880200312
rs1043,GENE_2,-0.19558445738397803,0.3003015551792613,0.19558445738397803
rs1043,GENE_3,-0.07449714236921814,0.6956169375734433,0.07449714236921814
rs1043,GENE_4,-0.24850473978275706,0.18544839268310087,0.24850473978275706
rs1043,GENE_5,0.04201627865813475,0.8255198843453644,0.04201627865813475
rs1043,GENE_6,0.344833436652995,0.0620164216963149,0.344833436652995
rs1043,GENE_7,0.1727560291025025,0.3612912143326264,0.1727560291025025
rs1043,GENE_8,-0.08418229625215658,0.6582868077595393,0.08418229625215658
rs1043,GENE_9,0.09304959060729874,0.6247985371708088,0.09304959060729874
rs1043,GENE_10,-0.2359147619104637,0.20945759885886941,0.2359147619104637
rs1043,GENE_11,0.2009313709529003,0.28701690809188063,0.2009313709529003
rs1043,GENE_12,0.0075585579489552916,0.9683791377718349,0.0075585579489552916
rs1043,GENE_13,-0.2838981584434314,0.12841547373547554,0.2838981584434314
rs1043,GENE_14,0.23484734768394416,0.21158658766088248,0.23484734768394416
rs1043,GENE_15,-0.20348342256326302,0.2808105902623661,0.20348342256326302
rs1043,GENE_16,0.36951008054076256,0.04446799899558246,0.36951008054076256
rs1043,GENE_17,0.22439600400675186,0.2332145179284574,0.22439600400675186
rs1043,GENE_18,-0.10416066995792295,0.5838544823630708,0.10416066995792295
rs1043,GENE_19,-0.24161218757033806,0.19834201274541793,0.24161218757033806
rs1043,GENE_20,-0.02311792096219599,0.9034869514828948,0.02311792096219599
rs1043,GENE_21,0.08367696830580837,0.6602156846200021,0.08367696830580837
rs1043,GENE_22,0.15117067959925148,0.4252120594520717,0.15117067959925148
rs1043,GENE_23,0.06470532414401664,0.7340804423836818,0.06470532414401664
rs1043,GENE_24,-0.1313301550905191,0.48908488449546844,0.1313301550905191
rs1043,GENE_25,-0.17424015633832338,0.35711719592654173,0.17424015633832338
rs1043,GENE_26,-0.1777652637999787,0.34731876345462626,0.1777652637999787
rs1043,GENE_27,0.11595987227460386,0.5417196627753242,0.11595987227460386
rs1043,GENE_28,0.21000868540242307,0.26533641716183104,0.21000868540242307
rs1043,GENE_29,0.1951099127783787,0.30149899330465596,0.1951099127783787
rs1043,GENE_30,-0.2639959223551771,0.15863520498922393,0.2639959223551771
rs1043,GENE_31,-0.22114580138385256,0.24023194548400884,0.22114580138385256
rs1043,GENE_32,-0.13561107829125765,0.47490440121799854,0.13561107829125765
rs1043,GENE_33,0.06965052791237826,0.7145694397807402,0.06965052791237826
rs1043,GENE_34,0.21010607147480298,0.2651097655736903,0.21010607147480298
rs1043,GENE_35,0.12555214743400947,0.5085606284831079,0.12555214743400947
rs1043,GENE_36,-0.03465639001795828,0.8557322867221864,0.03465639001795828
rs1043,GENE_37,0.16979542778103862,0.36970362883581226,0.16979542778103862
rs1043,GENE_38,-0.0403684065196803,0.8322648000244757,0.0403684065196803
rs1043,GENE_39,-0.044203329788461074,0.8165868958967646,0.044203329788461074
rs1043,GENE_40,0.1215223820901091,0.522367311038232,0.1215223820901091
rs1043,GENE_41,-0.09631306404258361,0.6126512907986763,0.09631306404258361
rs1043,GENE_42,0.14601632627764288,0.44134649214034094,0.14601632627764288
rs1043,GENE_43,0.06081321832736238,0.7495521822125021,0.06081321832736238
rs1043,GENE_44,-0.023785202611087734,0.9007146189419427,0.023785202611087734
rs1043,GENE_45,0.2825694908373019,0.13029022009761673,0.2825694908373019
rs1043,GENE_46,0.18662828074987295,0.3234066045405814,0.18662828074987295
rs1043,GENE_47,0.049407422470452225,0.7954231241772046,0.049407422470452225
rs1043,GENE_48,0.25603052823399486,0.1720523784576924,0.25603052823399486
rs1043,GENE_49,0.014167166217174388,0.9407691934071444,0.014167166217174388
rs1043,GENE_50,0.29215911040546366,0.11720154075748147,0.29215911040546366
rs1043,GENE_51,-0.45596177199343535,0.011330584836066252,0.45596177199343535
rs1043,GENE_52,0.21374307565091677,0.2567354212843213,0.21374307565091677
rs1043,GENE_53,0.1546289761187633,0.4145719885161756,0.1546289761187633
rs1043,GENE_54,0.16321653002859787,0.3888044373141148,0.16321653002859787
rs1043,GENE_55,-0.251517992032786,0.17999994401700015,0.251517992032786
rs1043,GENE_56,0.07573504161586028,0.6908043288353175,0.07573504161586028
rs1043,GENE_57,0.14322335443500114,0.4502256698881812,0.14322335443500114
rs1043,GENE_58,-0.14708083012059586,0.4379874480120377,0.14708083012059586
rs1043,GENE_59,0.24196078989467956,0.19767540182857055,0.24196078989467956
rs1043,GENE_60,-0.1483082746274134,0.43413156010954024,0.1483082746274134
rs1043,GENE_61,-0.2675482317485402,0.15289956848309783,0.2675482317485402
rs1043,GENE_62,-0.19736636097088997,0.2958319953090148,0.19736636097088997
rs1043,GENE_63,0.22246215874608935,0.23737308267106766,0.22246215874608935
rs1043,GENE_64,0.15837802361556017,0.40320740323937,0.15837802361556017
rs1043,GENE_65,0.17533110383998624,0.3540673613700163,0.17533110383998624
rs1043,GENE_66,0.017055957048189813,0.9287194363790068,0.017055957048189813
rs1043,GENE_67,-0.2742389571579227,0.1425042618045728,0.2742389571579227
rs1043,GENE_68,0.18059113187114015,0.3395819597879796,0.18059113187114015
rs1043,GENE_69,0.12637985478327365,0.5057473305457034,0.12637985478327365
rs1043,GENE_70,0.09471534487869801,0.6185859898625065,0.09471534487869801
rs1043,GENE_71,-0.013403512172805178,0.943956806806299,0.013403512172805178
rs1043,GENE_72,0.18330189853253723,0.33225932161305594,0.18330189853253723
rs1043,GENE_73,-0.06916740627134566,0.716468040177222,0.06916740627134566
rs1043,GENE_74,0.1505239614302368,0.4272183909095905,0.1505239614302368
rs1043,GENE_75,0.26570140795431463,0.15586258314830762,0.26570140795431463
rs1043,GENE_76,-0.5390027018591369,0.002116978252381475,0.5390027018591369
rs1043,GENE_77,0.2584895423537573,0.16782753935520292,0.2584895423537573
rs1043,GENE_78,-0.0930431156246275,0.6248227356796567,0.0930431156246275
rs1043,GENE_79,-0.3989608513390733,0.028966733579685024,0.3989608513390733
rs1043,GENE_80,-0.1719007536236376,0.36370970061318303,0.1719007536236376
rs1043,GENE_81,0.0307114344985984,0.8720118566446899,0.0307114344985984
rs1043,GENE_82,-0.18682976489164077,0.3228750938193975,0.18682976489164077
rs1043,GENE_83,0.21050651786101812,0.26417911157887786,0.21050651786101812
rs1043,GENE_84,0.20388307080862944,0.279846550212187,0.20388307080862944
rs1043,GENE_85,-0.013422247594912985,0.9438785918248096,0.013422247594912985
rs1043,GENE_86,-0.23105548063431713,0.21926891744795546,0.23105548063431713
rs1043,GENE_87,0.1277870537321638,0.5009822351894986,0.1277870537321638
rs1043,GENE_88,0.17576419743264543,0.35286093900617077,0.17576419743264543
rs1043,GENE_89,0.1405938029992699,0.4586719582488083,0.1405938029992699
rs1043,GENE_90,0.2918801676642408,0.11756792064145362,0.2918801676642408
rs1043,GENE_91,-0.2926965830678362,0.11649798203836902,0.2926965830678362
rs1043,GENE_92,-0.2191682961601863,0.244569628731387,0.2191682961601863
rs1043,GENE_93,-0.21868734187230154,0.24563241310824066,0.21868734187230154
rs1043,GENE_94,-0.04687179376924227,0.8057181186384237,0.04687179376924227
rs1043,GENE_95,-0.3067629005750899,0.09917964291165085,0.3067629005750899
rs1043,GENE_96,-0.47767627160992615,0.00759578141917778,0.47767627160992615
rs1043,GENE_97,-0.16470963385837067,0.38442041743054056,0.16470963385837067
rs1043,GENE_98,-0.03206155007732205,0.8664342501974494,0.03206155007732205
rs1043,GENE_99,-0.09652092738260908,0.6118809379025447,0.09652092738260908
rs1043,GENE_100,0.03412278380379995,0.8579310681734148,0.03412278380379995
rs1044,GENE_1,0.053574572889997805,0.7785775822561397,0.053574572889997805
rs1044,GENE_2,-0.08056046944991413,0.6721584221659351,0.08056046944991413
rs1044,GENE_3,-0.07491133971805478,0.6940053516639348,0.07491133971805478
rs1044,GENE_4,-0.3622811710762717,0.049137918452443655,0.3622811710762717
rs1044,GENE_5,-0.09789542169436088,0.6067972250801359,0.09789542169436088
rs1044,GENE_6,0.015926973788687376,0.9334269705524155,0.015926973788687376
rs1044,GENE_7,0.13210420629489272,0.4865049996952064,0.13210420629489272
rs1044,GENE_8,0.10581543401421054,0.5778593221730762,0.10581543401421054
rs1044,GENE_9,-0.19099468774858946,0.31200889338091836,0.19099468774858946
rs1044,GENE_10,-0.16241717129799174,0.3911632704570293,0.16241717129799174
rs1044,GENE_11,0.20097329824062998,0.2869142439007447,0.20097329824062998
rs1044,GENE_12,0.16584429802242756,0.38110804101340323,0.16584429802242756
rs1044,GENE_13,-0.14600800138596443,0.4413728161911043,0.14600800138596443
rs1044,GENE_14,0.24895403060371965,0.18462877481773843,0.24895403060371965
rs1044,GENE_15,-0.22940714940696424,0.22266672239129823,0.22940714940696424
rs1044,GENE_16,0.2643378802523231,0.15807647304340428,0.2643378802523231
rs1044,GENE_17,0.1325483744577019,0.48502774960198664,0.1325483744577019
rs1044,GENE_18,-0.008609718632044776,0.9639843098529055,0.008609718632044776
rs1044,GENE_19,0.20194226909781243,0.28454812729510837,0.20194226909781243
rs1044,GENE_20,-0.06110434735808167,0.7483915117685054,0.06110434735808167
rs1044,GENE_21,-0.11391631060385138,0.5489132565389515,0.11391631060385138
rs1044,GENE_22,0.12158311880312091,0.5221578739205901,0.12158311880312091
rs1044,GENE_23,0.08249603911563462,0.6647316977971404,0.08249603911563462
rs1044,GENE_24,-0.2830963074129353,0.12954449685752145,0.2830963074129353
rs1044,GENE_25,-0.12731423927345414,0.5025807793577032,0.12731423927345414
rs1044,GENE_26,-0.048679149416297876,0.7983766469612816,0.048679149416297876
rs1044,GENE_27,0.07701939153805377,0.6858235907513971,0.07701939153805377
rs1044,GENE_28,0.030673996657492965,0.8721666071046132,0.030673996657492965
rs1044,GENE_29,0.04157692780739958,0.8273170247833245,0.04157692780739958
rs1044,GENE_30,-0.061531811293314934,0.7466882795014127,0.061531811293314934
rs1044,GENE_31,0.048402918088972936,0.7994976236705014,0.048402918088972936
rs1044,GENE_32,-0.24111912409886233,0.1992875183157752,0.24111912409886233
rs1044,GENE_33,0.030713010080968713,0.8720053440283267,0.030713010080968713
rs1044,GENE_34,-0.02599857762688569,0.891527153301063,0.02599857762688569
rs1044,GENE_35,0.13073031269008895,0.4910889170921468,0.13073031269008895
rs1044,GENE_36,-0.06451232190689213,0.7348453128485276,0.06451232190689213
rs1044,GENE_37,0.3155803671821591,0.08936064475728805,0.3155803671821591
rs1044,GENE_38,0.21168359574222986,0.26145587503713624,0.21168359574222986
rs1044,GENE_39,0.1603343719243759,0.39734786351311674,0.1603343719243759
rs1044,GENE_40,-0.4322312318760334,0.017062578805539297,0.4322312318760334
rs1044,GENE_41,-0.05825250994330801,0.7597840351690528,0.05825250994330801
rs1044,GENE_42,-0.1817946797450077,0.33631880963988736,0.1817946797450077
rs1044,GENE_43,-0.01290371089891929,0.9460435192264899,0.01290371089891929
rs1044,GENE_44,0.05337669266192359,0.7793753499997133,0.05337669266192359
rs1044,GENE_45,-0.1010157880670668,0.5953230606382321,0.1010157880670668
rs1044,GENE_46,0.41934031525037346,0.021071290258235967,0.41934031525037346
rs1044,GENE_47,-0.006325491956344487,0.9735356468653469,0.006325491956344487
rs1044,GENE_48,0.019017069387720645,0.9205478576114092,0.019017069387720645
rs1044,GENE_49,0.10197119042416335,0.5918286867507543,0.10197119042416335
rs1044,GENE_50,0.08166923312709058,0.6679003734554214,0.08166923312709058
rs1044,GENE_51,-0.1166855368315163,0.539175980154478,0.1166855368315163
rs1044,GENE_52,0.18221708217631186,0.3351780968591648,0.18221708217631186
rs1044,GENE_53,0.1290803618203939,0.49662272218932985,0.1290803618203939
rs1044,GENE_54,0.02480333227888815,0.8964868458873249,0.02480333227888815
rs1044,GENE_55,-0.25297381124393514,0.17740827305825096,0.25297381124393514
rs1044,GENE_56,-0.07948199843732202,0.676309697617138,0.07948199843732202
rs1044,GENE_57,0.127854148807623,0.5007555991701153,0.127854148807623
rs1044,GENE_58,0.20340851883018007,0.28099151152154894,0.20340851883018007
rs1044,GENE_59,0.12930818982455708,0.4958567400868193,0.12930818982455708
rs1044,GENE_60,-0.22405291274225417,0.23394871847457838,0.22405291274225417
rs1044,GENE_61,0.2154839632542431,0.2527890934884559,0.2154839632542431
rs1044,GENE_62,-0.381178667244399,0.037682890598860694,0.381178667244399
rs1044,GENE_63,0.26773240554087263,0.15260631968616303,0.26773240554087263
rs1044,GENE_64,-0.28161228742169914,0.1316532162816202,0.28161228742169914
rs1044,GENE_65,0.20482424191743043,0.27758464570221647,0.20482424191743043
rs1044,GENE_66,0.2529351173886057,0.1774768147767843,0.2529351173886057
rs1044,GENE_67,0.06237808268975751,0.7433197613360741,0.06237808268975751
rs1044,GENE_68,0.16630727205500698,0.37976127368772405,0.16630727205500698
rs1044,GENE_69,0.21732392003405496,0.24866184144221265,0.21732392003405496
rs1044,GENE_70,-0.13421342033219094,0.4795105127767421,0.13421342033219094
rs1044,GENE_71,0.2433425670261239,0.19504836134987513,0.2433425670261239
rs1044,GENE_72,0.21910213685831362,0.24471564238267354,0.21910213685831362
rs1044,GENE_73,0.05006184529371607,0.7927714627518866,0.05006184529371607
rs1044,GENE_74,0.1102824278286256,0.5618139269620556,0.1102824278286256
rs1044,GENE_75,-0.023986236530956075,0.8998796129865602,0.023986236530956075
rs1044,GENE_76,0.021333715443015443,0.910905108367389,0.021333715443015443
rs1044,GENE_77,0.2505009740947742,0.18182615594107424,0.2505009740947742
rs1044,GENE_78,-0.2328638264154808,0.2155819347514823,0.2328638264154808
rs1044,GENE_79,-0.1373260176076474,0.46928418766942986,0.1373260176076474
rs1044,GENE_80,-0.08238658718539112,0.6651508410019569,0.08238658718539112
rs1044,GENE_81,-0.04378769388317612,0.8182828596543988,0.04378769388317612
rs1044,GENE_82,-0.06997477631561863,0.7132961239894977,0.06997477631561863
rs1044,GENE_83,0.18736672074630387,0.3214612473464182,0.18736672074630387
rs1044,GENE_84,0.36250415610114234,0.04898828080807885,0.36250415610114234
rs1044,GENE_85,-0.21052483594400648,0.2641365905889085,0.21052483594400648
rs1044,GENE_86,-0.14371390810859758,0.4486592556995627,0.14371390810859758
rs1044,GENE_87,0.21075569608599717,0.26360108708647506,0.21075569608599717
rs1044,GENE_88,0.20739052060801924,0.2714770973994301,0.20739052060801924
rs1044,GENE_89,0.1401301757497714,0.460169812771737,0.1401301757497714
rs1044,GENE_90,0.19326180864476494,0.30619098373480047,0.19326180864476494
rs1044,GENE_91,-0.056523830095643025,0.7667139974819281,0.056523830095643025
rs1044,GENE_92,0.08703515665204195,0.647437805572008,0.08703515665204195
rs1044,GENE_93,-0.45800345005348486,0.010924021574980559,0.45800345005348486
rs1044,GENE_94,0.20786800666902155,0.27035039372553615,0.20786800666902155
rs1044,GENE_95,-0.22251537923318643,0.23725797844917823,0.22251537923318643
rs1044,GENE_96,0.0589789718204607,0.7568771792561002,0.0589789718204607
rs1044,GENE_97,-0.12618946364295294,0.506393765280647,0.12618946364295294
rs1044,GENE_98,0.10924542781509933,0.5655206144116045,0.10924542781509933
rs1044,GENE_99,0.17438745849229556,0.3567044898821302,0.17438745849229556
rs1044,GENE_100,0.3793069530860479,0.03871135570251277,0.3793069530860479
rs1045,GENE_1,-0.19002969219008492,0.3145060260635758,0.19002969219008492
rs1045,GENE_2,0.03706770846577271,0.8458096180956196,0.03706770846577271
rs1045,GENE_3,0.19973530257235322,0.2899555011845696,0.19973530257235322
rs1045,GENE_4,-0.06689873191536014,0.7254056193401387,0.06689873191536014
rs1045,GENE_5,0.18448670994284125,0.32908929571537227,0.18448670994284125
rs1045,GENE_6,0.2473946343660342,0.18748439605227718,0.2473946343660342
rs1045,GENE_7,-0.008689057908925662,0.9636526383835192,0.008689057908925662
rs1045,GENE_8,-0.21360752065787253,0.25704439063830425,0.21360752065787253
rs1045,GENE_9,0.24566535055934408,0.19068699458148008,0.24566535055934408
rs1045,GENE_10,-0.32743074133823885,0.07735174426428208,0.32743074133823885
rs1045,GENE_11,-0.03759291552248106,0.843651379501392,0.03759291552248106
rs1045,GENE_12,-0.3726684463552769,0.04254210789971362,0.3726684463552769
rs1045,GENE_13,-0.1596827089773185,0.3992942718965886,0.1596827089773185
rs1045,GENE_14,0.19188057029784417,0.30972738912092407,0.19188057029784417
rs1045,GENE_15,0.09048245779541547,0.6344222635801826,0.09048245779541547
rs1045,GENE_16,-0.07888576739739564,0.6786087317946435,0.07888576739739564
rs1045,GENE_17,0.3296576726136244,0.07524083910153571,0.3296576726136244
rs1045,GENE_18,0.05633759106039529,0.7674616599240933,0.05633759106039529
rs1045,GENE_19,-0.2179816490168146,0.247197344774033,0.2179816490168146
rs1045,GENE_20,-0.00141635888333107,0.9940733155315765,0.00141635888333107
rs1045,GENE_21,-0.04470856090151644,0.814526440691611,0.04470856090151644
rs1045,GENE_22,0.25075072608129506,0.1813764893128837,0.25075072608129506
rs1045,GENE_23,-0.02323200856546221,0.9030128758306969,0.02323200856546221
rs1045,GENE_24,0.1633755121360462,0.3883362738519458,0.1633755121360462
rs1045,GENE_25,-0.17494753158177928,0.3551378915746671,0.17494753158177928
rs1045,GENE_26,-0.22548249514168642,0.23089967004717793,0.22548249514168642
rs1045,GENE_27,0.0024967956844002288,0.9895524719936422,0.0024967956844002288
rs1045,GENE_28,-0.1486708925529675,0.4329959928976467,0.1486708925529675
rs1045,GENE_29,-0.19748494232541408,0.2955360588329985,0.19748494232541408
rs1045,GENE_30,-0.1605687203877268,0.3966492282849403,0.1605687203877268
rs1045,GENE_31,-0.3730306943583518,0.04232554738818142,0.3730306943583518
rs1045,GENE_32,0.014839043790222932,0.9379654095199006,0.014839043790222932
rs1045,GENE_33,-0.34020350860508014,0.06584194863945828,0.34020350860508014
rs1045,GENE_34,0.2720198345664098,0.14589357244720208,0.2720198345664098
rs1045,GENE_35,-0.2360095563988132,0.20926924005739422,0.2360095563988132
rs1045,GENE_36,0.31942181517751456,0.0853219729170548,0.31942181517751456
rs1045,GENE_37,-0.18572933503231284,0.3257845654227172,0.18572933503231284
rs1045,GENE_38,-0.07150036704103126,0.7073153442597286,0.07150036704103126
rs1045,GENE_39,-0.16056387135562084,0.3966636770246213,0.16056387135562084
rs1045,GENE_40,0.1285668313727953,0.498351450607469,0.1285668313727953
rs1045,GENE_41,0.06081791607444193,0.7495334490151558,0.06081791607444193
rs1045,GENE_42,-0.35154904224319683,0.056779027371808385,0.35154904224319683
rs1045,GENE_43,0.03876971675458138,0.8388195879592029,0.03876971675458138
rs1045,GENE_44,-0.05776699226034752,0.7617285722475569,0.05776699226034752
rs1045,GENE_45,-0.3281144675204305,0.07669884858753628,0.3281144675204305
rs1045,GENE_46,-0.0641850552394248,0.736142843063405,0.0641850552394248
rs1045,GENE_47,0.23526118357877818,0.21075943221058518,0.23526118357877818
rs1045,GENE_48,0.22682260113732505,0.2280658002857245,0.22682260113732505
rs1045,GENE_49,-0.2515735499906302,0.17990055364094415,0.2515735499906302
rs1045,GENE_50,0.1569567690809958,0.4074947649893686,0.1569567690809958
rs1045,GENE_51,0.3140182394202261,0.09104395942082505,0.3140182394202261
rs1045,GENE_52,0.07871333737009381,0.6792741410367403,0.07871333737009381
rs1045,GENE_53,-0.05450674075913093,0.7748224619008923,0.05450674075913093
rs1045,GENE_54,0.024758754458587412,0.896671897523949,0.024758754458587412
rs1045,GENE_55,0.09025958810947801,0.6352605547650245,0.09025958810947801
rs1045,GENE_56,0.23785040796048143,0.20563439965891037,0.23785040796048143
rs1045,GENE_57,-0.07761157360853578,0.6835314191243774,0.07761157360853578
rs1045,GENE_58,-0.08198235291470038,0.6666997019348817,0.08198235291470038
rs1045,GENE_59,-0.14733088469524908,0.437200421432739,0.14733088469524908
rs1045,GENE_60,0.20032876235555164,0.288495059455646,0.20032876235555164
rs1045,GENE_61,-0.09060272220783878,0.6339700908576057,0.09060272220783878
rs1045,GENE_62,0.11147903996683377,0.5575505658268439,0.11147903996683377
rs1045,GENE_63,0.20910967679287495,0.267434682589112,0.20910967679287495
rs1045,GENE_64,0.15450850120479923,0.41494012948623066,0.15450850120479923
rs1045,GENE_65,0.0015249164940209941,0.9936190703483208,0.0015249164940209941
rs1045,GENE_66,0.046656107658719644,0.8065953299697455,0.046656107658719644
rs1045,GENE_67,0.12109237630206147,0.5238512570074952,0.12109237630206147
rs1045,GENE_68,0.04734267587241823,0.8038038105917239,0.04734267587241823
rs1045,GENE_69,0.38587760561002854,0.03519748901108298,0.38587760561002854
rs1045,GENE_70,0.16056329732521743,0.3966653874922071,0.16056329732521743
rs1045,GENE_71,0.15389122902630775,0.41682922057083927,0.15389122902630775
rs1045,GENE_72,0.0352181552638821,0.8534186167318105,0.0352181552638821
rs1045,GENE_73,-0.021365457781988697,0.9107730678513356,0.021365457781988697
rs1045,GENE_74,-0.243832520953654,0.19412269807326,0.243832520953654
rs1045,GENE_75,0.16444870815296847,0.3851844735381238,0.16444870815296847
rs1045,GENE_76,-0.10079426227337504,0.5961345579253509,0.10079426227337504
rs1045,GENE_77,0.06705822134768646,0.7247761285974181,0.06705822134768646
rs1045,GENE_78,0.11752189837054276,0.5362513058475372,0.11752189837054276
rs1045,GENE_79,0.39302877239953005,0.03167028941372431,0.39302877239953005
rs1045,GENE_80,-0.30209569414003096,0.10469558134177608,0.30209569414003096
rs1045,GENE_81,0.08751036167241623,0.6456374555018566,0.08751036167241623
rs1045,GENE_82,-0.12119180384476946,0.5235079519718299,0.12119180384476946
rs1045,GENE_83,-0.016604101452411077,0.9306032695236155,0.016604101452411077
rs1045,GENE_84,-0.08347788396001157,0.6609761926840679,0.08347788396001157
rs1045,GENE_85,0.044280130694167474,0.8162736055395912,0.044280130694167474
rs1045,GENE_86,0.05365310610422138,0.7782610312807606,0.05365310610422138
rs1045,GENE_87,-0.19172037878662873,0.3101391732981592,0.19172037878662873
rs1045,GENE_88,0.21726969214339387,0.24878284040121562,0.21726969214339387
rs1045,GENE_89,-0.15560092958095761,0.4116086290011741,0.15560092958095761
rs1045,GENE_90,0.08825282685576562,0.6428284979115946,0.08825282685576562
rs1045,GENE_91,-0.04412982976006858,0.8168867470870627,0.04412982976006858
rs1045,GENE_92,0.14841807175863528,0.43378754998187263,0.14841807175863528
rs1045,GENE_93,-0.01815687744842828,0.9241311847711625,0.01815687744842828
rs1045,GENE_94,0.3522459171789781,0.056256107877309655,0.3522459171789781
rs1045,GENE_95,0.0979783183421079,0.6064911942648812,0.0979783183421079
rs1045,GENE_96,0.18243934488326158,0.3345788155630105,0.18243934488326158
rs1045,GENE_97,0.013883596521272242,0.9419527563067052,0.013883596521272242
rs1045,GENE_98,-0.4987552803835066,0.0050250163324435364,0.4987552803835066
rs1045,GENE_99,-0.008310187828916618,0.9652365269490832,0.008310187828916618
rs1045,GENE_100,-0.17592726056242766,0.35240734927195394,0.17592726056242766
rs1046,GENE_1,0.16874688027393395,0.3727103909931797,0.16874688027393395
rs1046,GENE_2,-0.034106301453686934,0.8579990021368423,0.034106301453686934
rs1046,GENE_3,0.24499908518765545,0.19193100228123092,0.24499908518765545
rs1046,GENE_4,-0.367947810026368,0.045445991352298445,0.367947810026368
rs1046,GENE_5,0.004432973477289985,0.9814518575625749,0.004432973477289985
rs1046,GENE_6,-0.03380769794457508,0.8592299036388238,0.03380769794457508
rs1046,GENE_7,0.011165716816432952,0.9533024286765817,0.011165716816432952
rs1046,GENE_8,0.32228813416716956,0.08240048609355094,0.32228813416716956
rs1046,GENE_9,-0.10675959983971178,0.574450957086453,0.10675959983971178
rs1046,GENE_10,-0.01789136239720037,0.925237545956458,0.01789136239720037
rs1046,GENE_11,0.28788009179120627,0.12291570154593902,0.28788009179120627
rs1046,GENE_12,0.0576902758377109,0.7620359581386471,0.0576902758377109
rs1046,GENE_13,-0.11154075202566156,0.5573310987506953,0.11154075202566156
rs1046,GENE_14,0.009358871586300678,0.9608527784728956,0.009358871586300678
rs1046,GENE_15,-0.0120924185364955,0.949431472355916,0.0120924185364955
rs1046,GENE_16,0.23015564479878453,0.22111941537471824,0.23015564479878453
rs1046,GENE_17,-0.10326097569480483,0.5871254920698747,0.10326097569480483
rs1046,GENE_18,-0.06493001862308088,0.7331902893164074,0.06493001862308088
rs1046,GENE_19,0.03716645551664531,0.8454037518766686,0.03716645551664531
rs1046,GENE_20,0.03765071051884727,0.8434139494209856,0.03765071051884727
rs1046,GENE_21,-0.01995878577975181,0.9166266719011472,0.01995878577975181
rs1046,GENE_22,-0.1607945112062431,0.39597676824853323,0.1607945112062431
rs1046,GENE_23,0.015181383935319506,0.9365370818115251,0.015181383935319506
rs1046,GENE_24,-0.10243960125327808,0.5901187386545164,0.10243960125327808
rs1046,GENE_25,-0.06770079933413486,0.7222417147800084,0.06770079933413486
rs1046,GENE_26,0.10295621401832383,0.5882353267464221,0.10295621401832383
rs1046,GENE_27,-0.07139558223268457,0.7077255916979888,0.07139558223268457
rs1046,GENE_28,-0.11972552197648925,0.5285817864559497,0.11972552197648925
rs1046,GENE_29,0.2928980714350232,0.1162350408142988,0.2928980714350232
rs1046,GENE_30,0.001006161015690793,0.9957897503149743,0.001006161015690793
rs1046,GENE_31,0.16257170798284462,0.3907066078600902,0.16257170798284462
rs1046,GENE_32,-0.29249134655674197,0.11676626829119853,0.29249134655674197
rs1046,GENE_33,0.08755769251623996,0.6454582462463737,0.08755769251623996
rs1046,GENE_34,-0.15484399926268924,0.41391538589318566,0.15484399926268924
rs1046,GENE_35,-0.011937554577132609,0.9500782835510908,0.011937554577132609
rs1046,GENE_36,-0.2668971501598111,0.15393949406529445,0.2668971501598111
rs1046,GENE_37,0.20787701482511134,0.27032916672917867,0.20787701482511134
rs1046,GENE_38,0.12184542969277672,0.5212538217509907,0.12184542969277672
rs1046,GENE_39,0.03337585325336674,0.8610106225834112,0.03337585325336674
rs1046,GENE_40,-0.26181227942068297,0.16223644917690525,0.26181227942068297
rs1046,GENE_41,-0.32675557419579127,0.0780006574914115,0.32675557419579127
rs1046,GENE_42,0.05789777117578893,0.7612046517407706,0.05789777117578893
rs1046,GENE_43,0.06590883505656964,0.7293165641430558,0.06590883505656964
rs1046,GENE_44,0.11598919774895163,0.5416167581022368,0.11598919774895163
rs1046,GENE_45,0.2946095034212832,0.11401937231223344,0.2946095034212832
rs1046,GENE_46,0.03004584088680602,0.8747637936487266,0.03004584088680602
rs1046,GENE_47,0.34299138244427474,0.06351705622255065,0.34299138244427474
rs1046,GENE_48,0.026688352288980772,0.8886667330361344,0.026688352288980772
rs1046,GENE_49,0.18447662041186763,0.32911621231443816,0.18447662041186763
rs1046,GENE_50,-0.26694170154308805,0.15386817384914248,0.26694170154308805
rs1046,GENE_51,0.0754927146717634,0.6917455063237703,0.0754927146717634
rs1046,GENE_52,-0.10400228500028161,0.5844297388279375,0.10400228500028161
rs1046,GENE_53,-0.003943374923555622,0.9835001089192963,0.003943374923555622
rs1046,GENE_54,-0.22536264838815928,0.23115425211691018,0.22536264838815928
rs1046,GENE_55,-0.19125617639520803,0.31133436857815405,0.19125617639520803
rs1046,GENE_56,0.045478452628148446,0.8113889705240059,0.045478452628148446
rs1046,GENE_57,0.41591867212180544,0.022256544723647475,0.41591867212180544
rs1046,GENE_58,0.15286198675166798,0.41998973595649175,0.15286198675166798
rs1046,GENE_59,0.20373945236316615,0.28019274467120353,0.20373945236316615
rs1046,GENE_60,-0.13228313744779768,0.4859096197675709,0.13228313744779768
rs1046,GENE_61,0.22368460069921497,0.2347386117144408,0.22368460069921497
rs1046,GENE_62,-0.21979287506402953,0.24319403105904455,0.21979287506402953
rs1046,GENE_63,-0.07481709789213895,0.6943719192454978,0.07481709789213895
rs1046,GENE_64,0.014324370822814285,0.9401131061038546,0.014324370822814285
rs1046,GENE_65,0.001721633792929402,0.9927959375091515,0.001721633792929402
rs1046,GENE_66,-0.09192404814785764,0.629010675189523,0.09192404814785764
rs1046,GENE_67,0.12615995866784274,0.5064939802189465,0.12615995866784274
rs1046,GENE_68,0.023467220528571704,0.902035587571266,0.023467220528571704
rs1046,GENE_69,-0.03917334752871491,0.8371636457479972,0.03917334752871491
rs1046,GENE_70,-0.1923278832191002,0.3085793464345662,0.1923278832191002
rs1046,GENE_71,0.2223715538743079,0.2375691268709016,0.2223715538743079
rs1046,GENE_72,-0.01921213315969725,0.9197354842212881,0.01921213315969725
rs1046,GENE_73,0.07524571476735867,0.692705296636149,0.07524571476735867
rs1046,GENE_74,0.008593032886329587,0.964054064023169,0.008593032886329587
rs1046,GENE_75,0.05921997863502345,0.7559135330958817,0.05921997863502345
rs1046,GENE_76,-0.19949887115458298,0.2905386418506435,0.19949887115458298
rs1046,GENE_77,0.13604496519883608,0.47347917229071024,0.13604496519883608
rs1046,GENE_78,0.05778299869854752,0.7616644424369795,0.05778299869854752
rs1046,GENE_79,-0.11119073618297255,0.5585763892498067,0.11119073618297255
rs1046,GENE_80,0.12338814465771794,0.5159523270632235,0.12338814465771794
rs1046,GENE_81,-0.26201972232424886,0.16189185180701499,0.26201972232424886
rs1046,GENE_82,-0.24663078073754896,0.18889437757225436,0.24663078073754896
rs1046,GENE_83,0.018219632300589296,0.9238697149561271,0.018219632300589296
rs1046,GENE_84,0.1254475269705964,0.5089167745991077,0.1254475269705964
rs1046,GENE_85,-0.145236442145733,0.4438162425943214,0.145236442145733
rs1046,GENE_86,-0.13831269161368087,0.46606648189101846,0.13831269161368087
rs1046,GENE_87,0.19959920368646636,0.29029108802971776,0.19959920368646636
rs1046,GENE_88,-0.22687483986961632,0.22795580949789493,0.22687483986961632
rs1046,GENE_89,0.05609213329953929,0.7684473702822908,0.05609213329953929
rs1046,GENE_90,-0.12475815282669488,0.5112666080468332,0.12475815282669488
rs1046,GENE_91,0.24553515141982502,0.19092965183597957,0.24553515141982502
rs1046,GENE_92,0.2988913977674592,0.10861373389706672,0.2988913977674592
rs1046,GENE_93,-0.23635486288503255,0.2085840889015856,0.23635486288503255
rs1046,GENE_94,0.21158440137976656,0.2616846564075493,0.21158440137976656
rs1046,GENE_95,0.021212246364368397,0.9114104120479462,0.021212246364368397
rs1046,GENE_96,0.2363843190357767,0.20852571373334822,0.2363843190357767
rs1046,GENE_97,-0.21846792431818293,0.246118284323912,0.21846792431818293
rs1046,GENE_98,0.13530611314503785,0.47590747931680427,0.13530611314503785
rs1046,GENE_99,-0.01144193384776795,0.9521485205328925,0.01144193384776795
rs1046,GENE_100,0.15080173171300662,0.4263560186025074,0.15080173171300662
rs1047,GENE_1,0.06418081806476796,0.736159647072073,0.06418081806476796
rs1047,GENE_2,0.10944696732784669,0.5647993561637408,0.10944696732784669
rs1047,GENE_3,0.12230826207257736,0.5196605337286849,0.12230826207257736
rs1047,GENE_4,0.08014395539051893,0.6737605660476791,0.08014395539051893
rs1047,GENE_5,0.18940968632948857,0.31611695803476203,0.18940968632948857
rs1047,GENE_6,0.43970576325452065,0.015043263687904953,0.43970576325452065
rs1047,GENE_7,0.31799144877423074,0.08680914758593854,0.31799144877423074
rs1047,GENE_8,-0.10557774203338975,0.5787187866354282,0.10557774203338975
rs1047,GENE_9,0.3317403601414235,0.07330714515872438,0.3317403601414235
rs1047,GENE_10,-0.10370354437073713,0.585515446984787,0.10370354437073713
rs1047,GENE_11,-0.20697536703771485,0.2724591845641486,0.20697536703771485
rs1047,GENE_12,0.2907899054492917,0.11900808689853286,0.2907899054492917
rs1047,GENE_13,0.097243037942122,0.6092079124255126,0.097243037942122
rs1047,GENE_14,0.21227202098773348,0.260101421551785,0.21227202098773348
rs1047,GENE_15,-0.15716840850075164,0.4068547101635192,0.15716840850075164
rs1047,GENE_16,-0.10515227348977804,0.5802586435734586,0.10515227348977804
rs1047,GENE_17,0.42463954496674994,0.019338533694948413,0.42463954496674994
rs1047,GENE_18,-0.16445611500226012,0.38516277232908525,0.16445611500226012
rs1047,GENE_19,-0.16143308109078328,0.3940784784245462,0.16143308109078328
rs1047,GENE_20,-0.13851020689805307,0.4654237464730085,0.13851020689805307
rs1047,GENE_21,0.05577076071171839,0.7697384747266379,0.05577076071171839
rs1047,GENE_22,0.11715879907422105,0.5375201008765088,0.11715879907422105
rs1047,GENE_23,0.36955466045734314,0.04444033991367834,0.36955466045734314
rs1047,GENE_24,0.21325514277711505,0.25784870335887994,0.21325514277711505
rs1047,GENE_25,0.24303851006829594,0.1956243480807413,0.24303851006829594
rs1047,GENE_26,-0.14727765639509466,0.4373678887033379,0.14727765639509466
rs1047,GENE_27,0.03758647780553932,0.8436778273916776,0.03758647780553932
rs1047,GENE_28,-0.2041928327499008,0.2791008001235427,0.2041928327499008
rs1047,GENE_29,0.23678253611011713,0.2077376392764149,0.23678253611011713
rs1047,GENE_30,-0.11756755005634832,0.5360918839019798,0.11756755005634832
rs1047,GENE_31,-0.007460702760203017,0.9687883114824053,0.007460702760203017
rs1047,GENE_32,0.027805924914458748,0.8840352039893764,0.027805924914458748
rs1047,GENE_33,-0.012671338055529478,0.947013815429876,0.012671338055529478
rs1047,GENE_34,0.30138534542563744,0.10555489293782308,0.30138534542563744
rs1047,GENE_35,-0.22159803291640376,0.23924721575086333,0.22159803291640376
rs1047,GENE_36,-0.13492947390493892,0.4771478183691947,0.13492947390493892
rs1047,GENE_37,0.23955699165298108,0.2023036229615039,0.23955699165298108
rs1047,GENE_38,-0.006932423883027707,0.9709973992859395,0.006932423883027707
rs1047,GENE_39,-0.30768483526740065,0.09811647807696723,0.30768483526740065
rs1047,GENE_40,0.3398906828814984,0.06610690473863141,0.3398906828814984
rs1047,GENE_41,-0.15130303774908607,0.42480208337133235,0.15130303774908607
rs1047,GENE_42,0.11336507128319041,0.5508612885007412,0.11336507128319041
rs1047,GENE_43,-0.0032064741193792963,0.986583147016504,0.0032064741193792963
rs1047,GENE_44,-0.11405046206091335,0.5484396636307741,0.11405046206091335
rs1047,GENE_45,-0.027291264120152457,0.8861676441208487,0.027291264120152457
rs1047,GENE_46,-0.072352873752751,0.7039806531246613,0.072352873752751
rs1047,GENE_47,0.022270926156333578,0.9070075307391249,0.022270926156333578
rs1047,GENE_48,0.2989919329282496,0.10848915923633999,0.2989919329282496
rs1047,GENE_49,0.01932813530224469,0.9192524127668781,0.01932813530224469
rs1047,GENE_50,0.26257754387491905,0.1609678075282049,0.26257754387491905
rs1047,GENE_51,-0.11075219567409378,0.5601384351345173,0.11075219567409378
rs1047,GENE_52,-0.019098419808004814,0.9202090515707153,0.019098419808004814
rs1047,GENE_53,0.06963887533942528,0.7146152131663142,0.06963887533942528
rs1047,GENE_54,0.28224917565331065,0.13074517120280554,0.28224917565331065
rs1047,GENE_55,0.1943293360724694,0.3034751815487632,0.1943293360724694
rs1047,GENE_56,0.17080754247598345,0.36681490013566703,0.17080754247598345
rs1047,GENE_57,-0.13623611724113704,0.47285198369250825,0.13623611724113704
rs1047,GENE_58,-0.1681816063352757,0.3743372646018357,0.1681816063352757
rs1047,GENE_59,0.16022213761304896,0.3976827025626968,0.16022213761304896
rs1047,GENE_60,0.15050511519681908,0.42727693615584883,0.15050511519681908
rs1047,GENE_61,-0.007751853376480704,0.9675709114938531,0.007751853376480704
rs1047,GENE_62,0.17017470158116021,0.3686195620984814,0.17017470158116021
rs1047,GENE_63,0.1199839822214439,0.52768571097033,0.1199839822214439
rs1047,GENE_64,-0.02984407548896758,0.8755982892502241,0.02984407548896758
rs1047,GENE_65,0.03611780196735689,0.8497158472790894,0.03611780196735689
rs1047,GENE_66,0.10397363826027255,0.5845338108152313,0.10397363826027255
rs1047,GENE_67,-0.22117894457476325,0.24015968497823667,0.22117894457476325
rs1047,GENE_68,-0.03762844241120088,0.8435054283883535,0.03762844241120088
rs1047,GENE_69,-0.1571151465706319,0.40701573523158424,0.1571151465706319
rs1047,GENE_70,-0.18474941156017016,0.3283889415821233,0.18474941156017016
rs1047,GENE_71,0.16461921070842653,0.38468509987880073,0.16461921070842653
rs1047,GENE_72,0.3105645825836066,0.09485095975364449,0.3105645825836066
rs1047,GENE_73,0.10986753441230923,0.563295603011137,0.10986753441230923
rs1047,GENE_74,-0.15757169550269967,0.40563663197881306,0.15757169550269967
rs1047,GENE_75,0.39997802329545207,0.028522593832458042,0.39997802329545207
rs1047,GENE_76,-0.09874087229560283,0.6036791282357088,0.09874087229560283
rs1047,GENE_77,-0.2632444991870724,0.15986793108090244,0.2632444991870724
rs1047,GENE_78,0.1464122470043834,0.4400955374453908,0.1464122470043834
rs1047,GENE_79,0.1355616586372105,0.4750668756695995,0.1355616586372105
rs1047,GENE_80,0.0665856793622037,0.7266417199823612,0.0665856793622037
rs1047,GENE_81,-0.18425656332291712,0.32970361055306774,0.18425656332291712
rs1047,GENE_82,-0.3159516990596471,0.08896401295795603,0.3159516990596471
rs1047,GENE_83,0.11285856648233347,0.5526540617039497,0.11285856648233347
rs1047,GENE_84,0.3865401655959002,0.03485793502475619,0.3865401655959002
rs1047,GENE_85,-0.06829903589641481,0.7198847761095886,0.06829903589641481
rs1047,GENE_86,-0.030778374375185987,0.8717351701648922,0.030778374375185987
rs1047,GENE_87,-0.16020195510781185,0.39774293195586635,0.16020195510781185
rs1047,GENE_88,0.035622819801886724,0.8517527142369459,0.035622819801886724
rs1047,GENE_89,0.11818676877966222,0.5339317176374059,0.11818676877966222
rs1047,GENE_90,0.18263116652400097,0.3340621368780268,0.18263116652400097
rs1047,GENE_91,-0.10788564642774354,0.5703978198041438,0.10788564642774354
rs1047,GENE_92,-0.27363035110035305,0.1434280574437263,0.27363035110035305
rs1047,GENE_93,0.006495941843482881,0.9728227824400842,0.006495941843482881
rs1047,GENE_94,-0.013117369207271341,0.9451514341763757,0.013117369207271341
rs1047,GENE_95,0.017856274820360223,0.925383760868385,0.017856274820360223
rs1047,GENE_96,-0.2038095431653699,0.2800237553792,0.2038095431653699
rs1047,GENE_97,-0.035764278958082804,0.8511705094291496,0.035764278958082804
rs1047,GENE_98,0.12419922403746969,0.5131757227365172,0.12419922403746969
rs1047,GENE_99,0.1754862385401562,0.35363493644538146,0.1754862385401562
rs1047,GENE_100,0.04749225117756504,0.8031959644051766,0.04749225117756504
rs1048,GENE_1,-0.1668350179985078,0.3782294667037865,0.1668350179985078
rs1048,GENE_2,0.1618020198349508,0.3929841038966889,0.1618020198349508
rs1048,GENE_3,0.13475868843612265,0.4777107954593323,0.13475868843612265
rs1048,GENE_4,0.03373264729699888,0.8595393279243875,0.03373264729699888
rs1048,GENE_5,-0.17372429681544654,0.35856475259476533,0.17372429681544654
rs1048,GENE_6,0.005134167746069037,0.9785185932055322,0.005134167746069037
rs1048,GENE_7,-0.09748753036430707,0.6083039926304659,0.09748753036430707
rs1048,GENE_8,0.12164967250578733,0.5219284250626319,0.12164967250578733
rs1048,GENE_9,-0.11628760097527947,0.5405701698232185,0.11628760097527947
rs1048,GENE_10,0.17880713763385564,0.3444540240370059,0.17880713763385564
rs1048,GENE_11,-0.06413668478381268,0.7363346802354869,0.06413668478381268
rs1048,GENE_12,0.021776832256306947,0.9090620606537034,0.021776832256306947
rs1048,GENE_13,0.12412100035482233,0.5134431884498185,0.12412100035482233
rs1048,GENE_14,0.04415543427885526,0.8167822878490058,0.04415543427885526
rs1048,GENE_15,0.3451473156100328,0.06176350718895855,0.3451473156100328
rs1048,GENE_16,-0.0685731591561652,0.7188056212310984,0.0685731591561652
rs1048,GENE_17,-0.11982020514599895,0.5282534371895271,0.11982020514599895
rs1048,GENE_18,-0.26457171826418097,0.1576952122195941,0.26457171826418097
rs1048,GENE_19,0.17314362366800537,0.3601983487900262,0.17314362366800537
rs1048,GENE_20,0.09411339601621242,0.6208280577278139,0.09411339601621242
rs1048,GENE_21,-0.03289722910816856,0.8629850177207535,0.03289722910816856
rs1048,GENE_22,-0.17882579883808006,0.34440284342547156,0.17882579883808006
rs1048,GENE_23,-0.04576216459452899,0.8102335037125754,0.04576216459452899
rs1048,GENE_24,0.10700753505189282,0.5735574238286522,0.10700753505189282
rs1048,GENE_25,-0.04294025489566268,0.8217432395860758,0.04294025489566268
rs1048,GENE_26,0.1697790090160961,0.3697506003421828,0.1697790090160961
rs1048,GENE_27,0.20387555754843467,0.27986465422668444,0.20387555754843467
rs1048,GENE_28,-0.2775772724474869,0.1375137485881294,0.2775772724474869
rs1048,GENE_29,-0.3316788416292902,0.07336370652394898,0.3316788416292902
rs1048,GENE_30,0.14779928569080067,0.43572824026272977,0.14779928569080067
rs1048,GENE_31,0.06955268184873226,0.7149538267050131,0.06955268184873226
rs1048,GENE_32,-0.12419120178715971,0.5132031495960157,0.12419120178715971
rs1048,GENE_33,0.09190133347005117,0.6290957989127547,0.09190133347005117
rs1048,GENE_34,-0.12368300634380959,0.5149420623915676,0.12368300634380959
rs1048,GENE_35,-0.26428299861987603,0.1581660502301658,0.26428299861987603
rs1048,GENE_36,-0.24299258832705703,0.19571144170839266,0.24299258832705703
rs1048,GENE_37,0.020608887371673133,0.9139208454396265,0.020608887371673133
rs1048,GENE_38,-0.1655075705970939,0.3820893020598957,0.1655075705970939
rs1048,GENE_39,-0.2255238809029265,0.23081180093133855,0.2255238809029265
rs1048,GENE_40,-0.09968789983934134,0.6001945152953543,0.09968789983934134
rs1048,GENE_41,-0.276002917858954,0.13985116663129962,0.276002917858954
rs1048,GENE_42,-0.11294313378549599,0.5523545477684816,0.11294313378549599
rs1048,GENE_43,-0.25367970580437066,0.1761611308872095,0.25367970580437066
rs1048,GENE_44,0.14912213690760542,0.4315851564849538,0.14912213690760542
rs1048,GENE_45,-0.06517650152398759,0.732214208872832,0.06517650152398759
rs1048,GENE_46,-0.17131043227606677,0.3653845372003679,0.17131043227606677
rs1048,GENE_47,0.13803620371521513,0.46696698444589413,0.13803620371521513
rs1048,GENE_48,-0.04230261361373387,0.8243491114137137,0.04230261361373387
rs1048,GENE_49,-0.2507353956818064,0.18140406847892596,0.2507353956818064
rs1048,GENE_50,-0.00803887203295161,0.9663708585522349,0.00803887203295161
rs1048,GENE_51,0.2858141470763294,0.12574701679450603,0.2858141470763294
rs1048,GENE_52,-0.30478234009800503,0.10149295500752492,0.30478234009800503
rs1048,GENE_53,-0.04769724735598719,0.8023630809409028,0.04769724735598719
rs1048,GENE_54,-0.21692562859854767,0.2495514577480733,0.21692562859854767
rs1048,GENE_55,0.13484008297339967,0.47744244374588063,0.13484008297339967
rs1048,GENE_56,0.011716921421279955,0.9509998426921894,0.011716921421279955
rs1048,GENE_57,0.048652568349933374,0.7984844987679264,0.048652568349933374
rs1048,GENE_58,0.20138902954749918,0.2858975422341145,0.20138902954749918
rs1048,GENE_59,-0.2622308032013046,0.16154174746684868,0.2622308032013046
rs1048,GENE_60,0.06035575521219264,0.7513770745142693,0.06035575521219264
rs1048,GENE_61,0.3159048225440475,0.08901400925186242,0.3159048225440475
rs1048,GENE_62,-0.1690659677476911,0.37179387988574325,0.1690659677476911
rs1048,GENE_63,-0.044190161272962124,0.8166406163926905,0.044190161272962124
rs1048,GENE_64,0.27414428648991646,0.14264767697898986,0.27414428648991646
rs1048,GENE_65,0.17155965686655708,0.36467689259389324,0.17155965686655708
rs1048,GENE_66,0.13398853835344093,0.4802537775881316,0.13398853835344093
rs1048,GENE_67,0.44554544211301933,0.013607653871841692,0.44554544211301933
rs1048,GENE_68,0.19112694959267762,0.31166760274987554,0.19112694959267762
rs1048,GENE_69,0.23880331006761826,0.203769987604122,0.23880331006761826
rs1048,GENE_70,-0.2238831384554917,0.23431260010894875,0.2238831384554917
rs1048,GENE_71,0.009174141129605616,0.9616249182772496,0.009174141129605616
rs1048,GENE_72,-0.04781731363318861,0.8018753595140502,0.04781731363318861
rs1048,GENE_73,0.015965289331273728,0.9332671688316778,0.015965289331273728
rs1048,GENE_74,-0.32749968387668066,0.07728571715625733,0.32749968387668066
rs1048,GENE_75,0.043095151979559765,0.8211104955082185,0.043095151979559765
rs1048,GENE_76,0.3184087654535043,0.08637322868945295,0.3184087654535043
rs1048,GENE_77,0.1350068428313451,0.47689289252257455,0.1350068428313451
rs1048,GENE_78,0.026736282680757728,0.8884680214262606,0.026736282680757728
rs1048,GENE_79,0.3042067024245914,0.1021728601455915,0.3042067024245914
rs1048,GENE_80,-0.016043718576265114,0.9329400737822215,0.016043718576265114
rs1048,GENE_81,-0.0788288635299238,0.6788282982495928,0.0788288635299238
rs1048,GENE_82,0.10182177170713752,0.5923745964245596,0.10182177170713752
rs1048,GENE_83,0.13481456975072664,0.47752655054683824,0.13481456975072664
rs1048,GENE_84,-0.14403122813547614,0.4476475633118068,0.14403122813547614
rs1048,GENE_85,-0.142356388665291,0.45300117374319304,0.142356388665291
rs1048,GENE_86,-0.1794104064279794,0.34280180963874024,0.1794104064279794
rs1048,GENE_87,0.015830095183557935,0.9338310311423904,0.015830095183557935
rs1048,GENE_88,-0.2539091331729742,0.17575712263264168,0.2539091331729742
rs1048,GENE_89,-0.08674871410880675,0.6485239581649707,0.08674871410880675
rs1048,GENE_90,-0.41784238922817746,0.02158361133057058,0.41784238922817746
rs1048,GENE_91,0.21744145911730892,0.24839970946466183,0.21744145911730892
rs1048,GENE_92,0.11418230157034243,0.5479744184913891,0.11418230157034243
rs1048,GENE_93,0.16020329537713152,0.3977389321125269,0.16020329537713152
rs1048,GENE_94,0.036406981514536293,0.8485263022777156,0.036406981514536293
rs1048,GENE_95,-0.0039521026399665805,0.9834635952978847,0.0039521026399665805
rs1048,GENE_96,0.324500334733854,0.0801985965512336,0.324500334733854
rs1048,GENE_97,0.10780560150372599,0.5706855108872516,0.10780560150372599
rs1048,GENE_98,-0.1196502520973055,0.5288428829487052,0.1196502520973055
rs1048,GENE_99,0.06474451309729645,0.7339251664681591,0.06474451309729645
rs1048,GENE_100,0.2263868581254947,0.2289846672511619,0.2263868581254947
rs1049,GENE_1,-0.11209131432821097,0.555374891587373,0.11209131432821097
rs1049,GENE_2,-0.07867374263610219,0.6794269709000812,0.07867374263610219
rs1049,GENE_3,0.2661303513262061,0.15517075040368203,0.2661303513262061
rs1049,GENE_4,0.22079285671510315,0.24100235201267659,0.22079285671510315
rs1049,GENE_5,-0.09106747707514652,0.632223910596885,0.09106747707514652
rs1049,GENE_6,-0.17431872198628012,0.35689703806921685,0.17431872198628012
rs1049,GENE_7,0.10261395821854181,0.5894827930739195,0.10261395821854181
rs1049,GENE_8,0.298288277872627,0.10936331542753118,0.298288277872627
rs1049,GENE_9,0.014339962438708649,0.9400480371890672,0.014339962438708649
rs1049,GENE_10,0.15239702597734023,0.4214218528112292,0.15239702597734023
rs1049,GENE_11,0.04394866853639154,0.8176259216907105,0.04394866853639154
rs1049,GENE_12,0.1159811985291469,0.5416448268816565,0.1159811985291469
rs1049,GENE_13,0.312619635053086,0.09257141081721178,0.312619635053086
rs1049,GENE_14,-0.12936168589802574,0.49567696701625996,0.12936168589802574
rs1049,GENE_15,0.3413350396046287,0.06489046885925497,0.3413350396046287
rs1049,GENE_16,-0.09653716084639877,0.6118207928615653,0.09653716084639877
rs1049,GENE_17,-0.02047320195518386,0.9144855129002114,0.02047320195518386
rs1049,GENE_18,0.38328023654175786,0.03655442326174389,0.38328023654175786
rs1049,GENE_19,0.03984829741128962,0.8343961117008147,0.03984829741128962
rs1049,GENE_20,0.2784746339521225,0.1361942574086238,0.2784746339521225
rs1049,GENE_21,-0.1517234287118129,0.42350138172258867,0.1517234287118129
rs1049,GENE_22,-0.3824316018423345,0.03700678910761436,0.3824316018423345
rs1049,GENE_23,0.03605489199804108,0.8499746714405809,0.03605489199804108
rs1049,GENE_24,-0.1319485075151095,0.4870233787720378,0.1319485075151095
rs1049,GENE_25,0.2255846550580873,0.23068280762091944,0.2255846550580873
rs1049,GENE_26,0.36369180635416787,0.0481973673620009,0.36369180635416787
rs1049,GENE_27,-0.20814498803483716,0.2696982033545455,0.20814498803483716
rs1049,GENE_28,-0.059938668476062405,0.75304204561659,0.059938668476062405
rs1049,GENE_29,0.05287942367905909,0.7813810923242551,0.05287942367905909
rs1049,GENE_30,0.21291306289758266,0.25863108707865534,0.21291306289758266
rs1049,GENE_31,0.3288136336938422,0.07603560795885975,0.3288136336938422
rs1049,GENE_32,0.0913568301855475,0.6311377287091652,0.0913568301855475
rs1049,GENE_33,0.07925983247550797,0.6771660253407784,0.07925983247550797
rs1049,GENE_34,0.06379174370791808,0.7377031660222277,0.06379174370791808
rs1049,GENE_35,-0.1551626987477099,0.41294326423704464,0.1551626987477099
rs1049,GENE_36,0.20957906122803113,0.26633780899411386,0.20957906122803113
rs1049,GENE_37,0.09750581172062091,0.6082364268189004,0.09750581172062091
rs1049,GENE_38,0.39460501237223794,0.03093273593778287,0.39460501237223794
rs1049,GENE_39,-0.1676365463454889,0.37590988595982183,0.1676365463454889
rs1049,GENE_40,-0.04500587990692309,0.8133144672859,0.04500587990692309
rs1049,GENE_41,0.2967241007364399,0.11132534301807333,0.2967241007364399
rs1049,GENE_42,-0.16362770778635605,0.3875942854337291,0.16362770778635605
rs1049,GENE_43,0.051018179966683286,0.7889005603655459,0.051018179966683286
rs1049,GENE_44,0.20808309880328305,0.2698438413933757,0.20808309880328305
rs1049,GENE_45,-0.25396399429018,0.1756606122336184,0.25396399429018
rs1049,GENE_46,-0.2715736814202227,0.1465819718819322,0.2715736814202227
rs1049,GENE_47,0.22682573855301424,0.2280591933201881,0.22682573855301424
rs1049,GENE_48,-0.400899706833286,0.028124949342126837,0.400899706833286
rs1049,GENE_49,-0.06760527371009727,0.7226182991185307,0.06760527371009727
rs1049,GENE_50,-0.11685396196118324,0.5385864070698014,0.11685396196118324
rs1049,GENE_51,0.12169009879029477,0.5217890763591237,0.12169009879029477
rs1049,GENE_52,0.025259291661906918,0.8945943726967901,0.025259291661906918
rs1049,GENE_53,0.0244313865777518,0.8980310306405207,0.0244313865777518
rs1049,GENE_54,0.038021751054763714,0.8418899832763445,0.038021751054763714
rs1049,GENE_55,-0.13259261531588068,0.48488073568388995,0.13259261531588068
rs1049,GENE_56,0.11233449320309351,0.5545118614787724,0.11233449320309351
rs1049,GENE_57,-0.035024038230374956,0.8542179677271835,0.035024038230374956
rs1049,GENE_58,0.17772668882896744,0.34742510357663564,0.17772668882896744
rs1049,GENE_59,-0.17076093579096902,0.36694762976652867,0.17076093579096902
rs1049,GENE_60,-0.01524145759622331,0.9362864594350601,0.01524145759622331
rs1049,GENE_61,0.04033541638362046,0.8323999530940259,0.04033541638362046
rs1049,GENE_62,0.08653757374703132,0.649325027671882,0.08653757374703132
rs1049,GENE_63,-0.4429790648719305,0.014223807663626657,0.4429790648719305
rs1049,GENE_64,-0.0868936761319736,0.6479741926508871,0.0868936761319736
rs1049,GENE_65,-0.18974438985160264,0.31524667888496866,0.18974438985160264
rs1049,GENE_66,0.009758453195929483,0.9591827194651842,0.009758453195929483
rs1049,GENE_67,0.13783896364315773,0.46760993918383814,0.13783896364315773
rs1049,GENE_68,-0.2138662578495589,0.2564548645732677,0.2138662578495589
rs1049,GENE_69,0.010858973382892054,0.9545839704891217,0.010858973382892054
rs1049,GENE_70,0.16295835141795212,0.3895654017968815,0.16295835141795212
rs1049,GENE_71,-0.02849876028819935,0.8811657735424637,0.02849876028819935
rs1049,GENE_72,0.08732671818841563,0.6463329707439427,0.08732671818841563
rs1049,GENE_73,-0.03739682259571215,0.8444570571656459,0.03739682259571215
rs1049,GENE_74,-0.14332218660857865,0.44990984801171785,0.14332218660857865
rs1049,GENE_75,-0.06986690065135316,0.7137196655504747,0.06986690065135316
rs1049,GENE_76,0.1345539888068555,0.4783860193523391,0.1345539888068555
rs1049,GENE_77,-0.06817265386088613,0.7203824885620266,0.06817265386088613
rs1049,GENE_78,0.022697180289152956,0.9052355625663597,0.022697180289152956
rs1049,GENE_79,-0.00035399782101492417,0.9985187013607607,0.00035399782101492417
rs1049,GENE_80,0.5031573394575546,0.004594519575014677,0.5031573394575546
rs1049,GENE_81,-0.053431770926045154,0.7791532760898684,0.053431770926045154
rs1049,GENE_82,0.32557336110121204,0.079146978490317,0.32557336110121204
rs1049,GENE_83,-0.15438912952289205,0.415305079330714,0.15438912952289205
rs1049,GENE_84,0.1503966968894678,0.42761382010598464,0.1503966968894678
rs1049,GENE_85,-0.30419683604012077,0.10218454344947006,0.30419683604012077
rs1049,GENE_86,0.09187887709361445,0.6291799592266948,0.09187887709361445
rs1049,GENE_87,-0.21863031620710863,0.2457586277267976,0.21863031620710863
rs1049,GENE_88,-0.1847262652221146,0.32845061225004724,0.1847262652221146
rs1049,GENE_89,-0.1640187351094672,0.38644545502498145,0.1640187351094672
rs1049,GENE_90,-0.35707455692356443,0.0527361102825505,0.35707455692356443
rs1049,GENE_91,0.022932417123535363,0.9042578570445126,0.022932417123535363
rs1049,GENE_92,0.06562750678502646,0.7304292738744611,0.06562750678502646
rs1049,GENE_93,-0.06710678896431943,0.7245844713952448,0.06710678896431943
rs1049,GENE_94,-0.21596828611417374,0.25169834974085553,0.21596828611417374
rs1049,GENE_95,0.19895013114847337,0.2918949407151377,0.19895013114847337
rs1049,GENE_96,-0.02093176673909867,0.9125773186097473,0.02093176673909867
rs1049,GENE_97,-0.11657582065001218,0.539560206585641,0.11657582065001218
rs1049,GENE_98,-0.15542760050730006,0.41213621451233456,0.15542760050730006
rs1049,GENE_99,0.22627843004073822,0.22921369988153306,0.22627843004073822
rs1049,GENE_100,0.024232836401172325,0.8988554893656339,0.024232836401172325
