Gene,Degree,Betweenness
CYP2E1,87,0.006011819299620526
ALB,86,0.0448761773976195
ANG,86,0.008563944184009993
RARRES2,86,0.004970894423556325
MAT1A,86,0.0042975016858406235
TAT,86,0.0042975016858406235
CPS1,86,0.003711278164872058
SERPINA1,85,0.045026403960043676
FGG,85,0.0059465600508202526
APOA2,85,0.005470290912534699
