Gene,Degree,Betweenness
AP001372.2,23,0.006096607248388987
NMNAT3,23,0.006096607248388987
SULT2B1,23,0.006096607248388987
RP11-305L7.7,23,0.006096607248388987
RP11-439L18.1,23,0.006096607248388987
KCNK15,23,0.006096607248388987
KB-1615E4.2,23,0.006096607248388987
MMP7,23,0.006096607248388987
LRRC9,23,0.006096607248388987
SCGN,23,0.006096607248388987
