Gene,Degree,Betweenness
SH_TS_BC165,387,0.005687757486039447
SH_TS_BC309,378,0.0054559047364469175
SH_TS_BC204,377,0.0078022153259703865
UNC_TGS_BC_60,370,0.0074195007396384675
SH_TS_BC307,366,0.00624113949325877
SH_TS_BC15,358,0.002885777980666513
SH_TS_BC265,356,0.012820422257094982
SH_TS_BC112,356,0.006347009562160723
UNC_TGS_BC_61,356,0.0027227333519669952
SH_TS_BC155,353,0.008696829548850392
