SNP,Gene,Correlation,Abs_Correlation,Category
rs1000,GENE_1,0.35269053689015334,0.35269053689015334,0.3 to 0.5
rs1000,GENE_2,-0.07588277997815424,0.07588277997815424,-0.3 to 0
rs1000,GENE_3,-0.0014668936881908907,0.0014668936881908907,-0.3 to 0
rs1000,GENE_4,0.02961123683147518,0.02961123683147518,0 to 0.3
rs1000,GENE_5,0.16859748226375995,0.16859748226375995,0 to 0.3
rs1000,GENE_6,-0.016100835332945724,0.016100835332945724,-0.3 to 0
rs1000,GENE_7,-0.08421073649483808,0.08421073649483808,-0.3 to 0
rs1000,GENE_8,0.008086392357740118,0.008086392357740118,0 to 0.3
rs1000,GENE_9,0.114181706516857,0.114181706516857,0 to 0.3
rs1000,GENE_10,0.3334798075776355,0.3334798075776355,0.3 to 0.5
rs1000,GENE_11,-0.22763364910715858,0.22763364910715858,-0.3 to 0
rs1000,GENE_12,0.029205091159212618,0.029205091159212618,0 to 0.3
rs1000,GENE_13,0.1975229291569079,0.1975229291569079,0 to 0.3
rs1000,GENE_14,-0.11154642319469002,0.11154642319469002,-0.3 to 0
rs1000,GENE_15,-0.10815874630520847,0.10815874630520847,-0.3 to 0
rs1000,GENE_16,0.06716993815435278,0.06716993815435278,0 to 0.3
rs1000,GENE_17,-0.01345644870194476,0.01345644870194476,-0.3 to 0
rs1000,GENE_18,-0.07820596304738907,0.07820596304738907,-0.3 to 0
rs1000,GENE_19,0.2006204717029576,0.2006204717029576,0 to 0.3
rs1000,GENE_20,-0.09008549242076078,0.09008549242076078,-0.3 to 0
rs1000,GENE_21,-0.19210572728621622,0.19210572728621622,-0.3 to 0
rs1000,GENE_22,0.1796259840356762,0.1796259840356762,0 to 0.3
rs1000,GENE_23,-0.07261216828612443,0.07261216828612443,-0.3 to 0
rs1000,GENE_24,-0.14964205608826053,0.14964205608826053,-0.3 to 0
rs1000,GENE_25,0.44707506054350327,0.44707506054350327,0.3 to 0.5
rs1000,GENE_26,-0.004883593766906669,0.004883593766906669,-0.3 to 0
rs1000,GENE_27,0.25508757276942906,0.25508757276942906,0 to 0.3
rs1000,GENE_28,0.1733411898659476,0.1733411898659476,0 to 0.3
rs1000,GENE_29,-0.07207211455303227,0.07207211455303227,-0.3 to 0
rs1000,GENE_30,-0.2964471801888167,0.2964471801888167,-0.3 to 0
rs1000,GENE_31,0.13409726442397016,0.13409726442397016,0 to 0.3
rs1000,GENE_32,-0.11808047427088325,0.11808047427088325,-0.3 to 0
rs1000,GENE_33,0.1896741435747289,0.1896741435747289,0 to 0.3
rs1000,GENE_34,-0.126530172008426,0.126530172008426,-0.3 to 0
rs1000,GENE_35,0.24903085995019208,0.24903085995019208,0 to 0.3
rs1000,GENE_36,-0.1436806760177169,0.1436806760177169,-0.3 to 0
rs1000,GENE_37,0.14799094479545186,0.14799094479545186,0 to 0.3
rs1000,GENE_38,0.010836884166619862,0.010836884166619862,0 to 0.3
rs1000,GENE_39,0.004279295620816852,0.004279295620816852,0 to 0.3
rs1000,GENE_40,0.10549383830594565,0.10549383830594565,0 to 0.3
rs1000,GENE_41,-0.12863650819113878,0.12863650819113878,-0.3 to 0
rs1000,GENE_42,0.02760880644314317,0.02760880644314317,0 to 0.3
rs1000,GENE_43,-0.13579864116813273,0.13579864116813273,-0.3 to 0
rs1000,GENE_44,-0.06979147335868016,0.06979147335868016,-0.3 to 0
rs1000,GENE_45,-0.054610830129755164,0.054610830129755164,-0.3 to 0
rs1000,GENE_46,0.37786665339167796,0.37786665339167796,0.3 to 0.5
rs1000,GENE_47,-0.020779870450241208,0.020779870450241208,-0.3 to 0
rs1000,GENE_48,0.04109483689182388,0.04109483689182388,0 to 0.3
rs1000,GENE_49,-0.10737173941972782,0.10737173941972782,-0.3 to 0
rs1000,GENE_50,0.39835462721941345,0.39835462721941345,0.3 to 0.5
rs1000,GENE_51,-0.28926650224952566,0.28926650224952566,-0.3 to 0
rs1000,GENE_52,-0.001734325559537702,0.001734325559537702,-0.3 to 0
rs1000,GENE_53,0.18666889467689202,0.18666889467689202,0 to 0.3
rs1000,GENE_54,0.3928066463818702,0.3928066463818702,0.3 to 0.5
rs1000,GENE_55,0.1566877527795935,0.1566877527795935,0 to 0.3
rs1000,GENE_56,0.2727942214311285,0.2727942214311285,0 to 0.3
rs1000,GENE_57,0.17424723709630302,0.17424723709630302,0 to 0.3
rs1000,GENE_58,0.12820246364521892,0.12820246364521892,0 to 0.3
rs1000,GENE_59,0.007588950035933016,0.007588950035933016,0 to 0.3
rs1000,GENE_60,0.21903776777465916,0.21903776777465916,0 to 0.3
rs1000,GENE_61,-0.25160685489802637,0.25160685489802637,-0.3 to 0
rs1000,GENE_62,0.13168789339167356,0.13168789339167356,0 to 0.3
rs1000,GENE_63,0.028493949028860925,0.028493949028860925,0 to 0.3
rs1000,GENE_64,-0.23315946169668608,0.23315946169668608,-0.3 to 0
rs1000,GENE_65,0.1812142944089147,0.1812142944089147,0 to 0.3
rs1000,GENE_66,-0.021971758096324644,0.021971758096324644,-0.3 to 0
rs1000,GENE_67,-0.30407523909352724,0.30407523909352724,-0.5 to -0.3
rs1000,GENE_68,0.15941309742511905,0.15941309742511905,0 to 0.3
rs1000,GENE_69,-0.13040201043380448,0.13040201043380448,-0.3 to 0
rs1000,GENE_70,-0.16650733709586862,0.16650733709586862,-0.3 to 0
rs1000,GENE_71,0.05714876339524663,0.05714876339524663,0 to 0.3
rs1000,GENE_72,-0.05815589700893054,0.05815589700893054,-0.3 to 0
rs1000,GENE_73,-0.1382558420129758,0.1382558420129758,-0.3 to 0
rs1000,GENE_74,0.24056181505731558,0.24056181505731558,0 to 0.3
rs1000,GENE_75,-0.2652296066225349,0.2652296066225349,-0.3 to 0
rs1000,GENE_76,0.023382364746828994,0.023382364746828994,0 to 0.3
rs1000,GENE_77,0.12102334699381369,0.12102334699381369,0 to 0.3
rs1000,GENE_78,0.02172168001963702,0.02172168001963702,0 to 0.3
rs1000,GENE_79,0.09966797804844729,0.09966797804844729,0 to 0.3
rs1000,GENE_80,0.127636755266828,0.127636755266828,0 to 0.3
rs1000,GENE_81,0.06379351217499697,0.06379351217499697,0 to 0.3
rs1000,GENE_82,-0.3048021762197289,0.3048021762197289,-0.5 to -0.3
rs1000,GENE_83,0.2513476535440822,0.2513476535440822,0 to 0.3
rs1000,GENE_84,0.27521007657441143,0.27521007657441143,0 to 0.3
rs1000,GENE_85,0.15236035896331618,0.15236035896331618,0 to 0.3
rs1000,GENE_86,-0.19949718346036274,0.19949718346036274,-0.3 to 0
rs1000,GENE_87,0.2343267260397395,0.2343267260397395,0 to 0.3
rs1000,GENE_88,0.19736433147788554,0.19736433147788554,0 to 0.3
rs1000,GENE_89,0.11418864470436112,0.11418864470436112,0 to 0.3
rs1000,GENE_90,0.28602821292802744,0.28602821292802744,0 to 0.3
rs1000,GENE_91,-0.20098431171334427,0.20098431171334427,-0.3 to 0
rs1000,GENE_92,-0.3548932273254352,0.3548932273254352,-0.5 to -0.3
rs1000,GENE_93,0.06764677531352402,0.06764677531352402,0 to 0.3
rs1000,GENE_94,-0.20686411738721072,0.20686411738721072,-0.3 to 0
rs1000,GENE_95,0.034720383291630096,0.034720383291630096,0 to 0.3
rs1000,GENE_96,-0.22617993994486246,0.22617993994486246,-0.3 to 0
rs1000,GENE_97,0.17946278333756893,0.17946278333756893,0 to 0.3
rs1000,GENE_98,0.1485611952106856,0.1485611952106856,0 to 0.3
rs1000,GENE_99,0.0395612958576574,0.0395612958576574,0 to 0.3
rs1000,GENE_100,0.12261889594575928,0.12261889594575928,0 to 0.3
rs1001,GENE_1,0.20569759694846287,0.20569759694846287,0 to 0.3
rs1001,GENE_2,0.31951035512744447,0.31951035512744447,0.3 to 0.5
rs1001,GENE_3,-0.06389344017200138,0.06389344017200138,-0.3 to 0
rs1001,GENE_4,-0.367776435447082,0.367776435447082,-0.5 to -0.3
rs1001,GENE_5,-0.4019671226398688,0.4019671226398688,-0.5 to -0.3
rs1001,GENE_6,0.32256211005643143,0.32256211005643143,0.3 to 0.5
rs1001,GENE_7,-0.023403763532464403,0.023403763532464403,-0.3 to 0
rs1001,GENE_8,-0.03820032998148445,0.03820032998148445,-0.3 to 0
rs1001,GENE_9,-0.1976315486359803,0.1976315486359803,-0.3 to 0
rs1001,GENE_10,-0.020028703796274857,0.020028703796274857,-0.3 to 0
rs1001,GENE_11,0.21246327985709196,0.21246327985709196,0 to 0.3
rs1001,GENE_12,0.0008248678935098346,0.0008248678935098346,0 to 0.3
rs1001,GENE_13,0.18907081387549682,0.18907081387549682,0 to 0.3
rs1001,GENE_14,-0.14078003426396143,0.14078003426396143,-0.3 to 0
rs1001,GENE_15,-0.10683365048310753,0.10683365048310753,-0.3 to 0
rs1001,GENE_16,0.22318378370380199,0.22318378370380199,0 to 0.3
rs1001,GENE_17,-0.19636088536148688,0.19636088536148688,-0.3 to 0
rs1001,GENE_18,-0.02236063223721422,0.02236063223721422,-0.3 to 0
rs1001,GENE_19,-0.26777217618132426,0.26777217618132426,-0.3 to 0
rs1001,GENE_20,0.13437041632576566,0.13437041632576566,0 to 0.3
rs1001,GENE_21,0.26164131448896816,0.26164131448896816,0 to 0.3
rs1001,GENE_22,-0.0573142253430486,0.0573142253430486,-0.3 to 0
rs1001,GENE_23,0.07774690260577877,0.07774690260577877,0 to 0.3
rs1001,GENE_24,0.5039105218022107,0.5039105218022107,0.5 to 0.7
rs1001,GENE_25,0.08429047215166896,0.08429047215166896,0 to 0.3
rs1001,GENE_26,0.003124511573468487,0.003124511573468487,0 to 0.3
rs1001,GENE_27,0.21609878030189542,0.21609878030189542,0 to 0.3
rs1001,GENE_28,0.0967395756900405,0.0967395756900405,0 to 0.3
rs1001,GENE_29,-0.25101845564930003,0.25101845564930003,-0.3 to 0
rs1001,GENE_30,0.028294258152397844,0.028294258152397844,0 to 0.3
rs1001,GENE_31,0.022360740057113915,0.022360740057113915,0 to 0.3
rs1001,GENE_32,-0.17444586200330153,0.17444586200330153,-0.3 to 0
rs1001,GENE_33,-0.2877325030282784,0.2877325030282784,-0.3 to 0
rs1001,GENE_34,0.09803842150937238,0.09803842150937238,0 to 0.3
rs1001,GENE_35,0.185036493503187,0.185036493503187,0 to 0.3
rs1001,GENE_36,-0.1068171488077967,0.1068171488077967,-0.3 to 0
rs1001,GENE_37,-0.10183860762464476,0.10183860762464476,-0.3 to 0
rs1001,GENE_38,-0.06238098491526539,0.06238098491526539,-0.3 to 0
rs1001,GENE_39,0.18543112906981307,0.18543112906981307,0 to 0.3
rs1001,GENE_40,-0.32877171711709957,0.32877171711709957,-0.5 to -0.3
rs1001,GENE_41,0.13185791826079898,0.13185791826079898,0 to 0.3
rs1001,GENE_42,-0.18550405785059987,0.18550405785059987,-0.3 to 0
rs1001,GENE_43,-0.23896891021558025,0.23896891021558025,-0.3 to 0
rs1001,GENE_44,-0.11353931394014122,0.11353931394014122,-0.3 to 0
rs1001,GENE_45,-0.09199411484155412,0.09199411484155412,-0.3 to 0
rs1001,GENE_46,-0.4752974485945993,0.4752974485945993,-0.5 to -0.3
rs1001,GENE_47,-0.05501423730985192,0.05501423730985192,-0.3 to 0
rs1001,GENE_48,0.10981202986390745,0.10981202986390745,0 to 0.3
rs1001,GENE_49,-0.2857986336617548,0.2857986336617548,-0.3 to 0
rs1001,GENE_50,-0.12508267650116114,0.12508267650116114,-0.3 to 0
rs1001,GENE_51,0.06721015481865836,0.06721015481865836,0 to 0.3
rs1001,GENE_52,-0.21939474990091207,0.21939474990091207,-0.3 to 0
rs1001,GENE_53,0.10755471548831619,0.10755471548831619,0 to 0.3
rs1001,GENE_54,-0.12405529694280927,0.12405529694280927,-0.3 to 0
rs1001,GENE_55,0.14671850189628852,0.14671850189628852,0 to 0.3
rs1001,GENE_56,-0.1813924485807412,0.1813924485807412,-0.3 to 0
rs1001,GENE_57,-0.014594448399088175,0.014594448399088175,-0.3 to 0
rs1001,GENE_58,-0.32694835332644356,0.32694835332644356,-0.5 to -0.3
rs1001,GENE_59,-0.43135559973740817,0.43135559973740817,-0.5 to -0.3
rs1001,GENE_60,-0.23369935422291538,0.23369935422291538,-0.3 to 0
rs1001,GENE_61,-0.25502399978417906,0.25502399978417906,-0.3 to 0
rs1001,GENE_62,-0.15259377484136757,0.15259377484136757,-0.3 to 0
rs1001,GENE_63,-0.05694866529834072,0.05694866529834072,-0.3 to 0
rs1001,GENE_64,0.1396770236285802,0.1396770236285802,0 to 0.3
rs1001,GENE_65,0.19144384335750683,0.19144384335750683,0 to 0.3
rs1001,GENE_66,-0.15910231938188904,0.15910231938188904,-0.3 to 0
rs1001,GENE_67,0.11732562730573985,0.11732562730573985,0 to 0.3
rs1001,GENE_68,0.14262024143204036,0.14262024143204036,0 to 0.3
rs1001,GENE_69,0.02296639992901689,0.02296639992901689,0 to 0.3
rs1001,GENE_70,-0.15519721454295207,0.15519721454295207,-0.3 to 0
rs1001,GENE_71,-0.03468555141313901,0.03468555141313901,-0.3 to 0
rs1001,GENE_72,0.13220517572147253,0.13220517572147253,0 to 0.3
rs1001,GENE_73,0.049763236534919514,0.049763236534919514,0 to 0.3
rs1001,GENE_74,0.1810242390146293,0.1810242390146293,0 to 0.3
rs1001,GENE_75,0.18894058236494393,0.18894058236494393,0 to 0.3
rs1001,GENE_76,0.04633797884960349,0.04633797884960349,0 to 0.3
rs1001,GENE_77,-0.14442676865527265,0.14442676865527265,-0.3 to 0
rs1001,GENE_78,-0.18531633414452786,0.18531633414452786,-0.3 to 0
rs1001,GENE_79,-0.049682978117435314,0.049682978117435314,-0.3 to 0
rs1001,GENE_80,-0.0005877974163030429,0.0005877974163030429,-0.3 to 0
rs1001,GENE_81,-0.31634912718643876,0.31634912718643876,-0.5 to -0.3
rs1001,GENE_82,-0.2885296392524558,0.2885296392524558,-0.3 to 0
rs1001,GENE_83,0.15766645691892872,0.15766645691892872,0 to 0.3
rs1001,GENE_84,-0.209503141773543,0.209503141773543,-0.3 to 0
rs1001,GENE_85,0.1991924168615205,0.1991924168615205,0 to 0.3
rs1001,GENE_86,0.21517941477722655,0.21517941477722655,0 to 0.3
rs1001,GENE_87,-0.041184952906609756,0.041184952906609756,-0.3 to 0
rs1001,GENE_88,-0.32064626579791505,0.32064626579791505,-0.5 to -0.3
rs1001,GENE_89,-0.05537719713724374,0.05537719713724374,-0.3 to 0
rs1001,GENE_90,-0.32344621766404696,0.32344621766404696,-0.5 to -0.3
rs1001,GENE_91,-0.10400590062212875,0.10400590062212875,-0.3 to 0
rs1001,GENE_92,0.26014689026641596,0.26014689026641596,0 to 0.3
rs1001,GENE_93,0.16482971055834703,0.16482971055834703,0 to 0.3
rs1001,GENE_94,0.1758690225171132,0.1758690225171132,0 to 0.3
rs1001,GENE_95,0.07160511215716357,0.07160511215716357,0 to 0.3
rs1001,GENE_96,0.18579215514472666,0.18579215514472666,0 to 0.3
rs1001,GENE_97,0.2994479648893415,0.2994479648893415,0 to 0.3
rs1001,GENE_98,-0.3831268617607614,0.3831268617607614,-0.5 to -0.3
rs1001,GENE_99,-0.17859920286072475,0.17859920286072475,-0.3 to 0
rs1001,GENE_100,-0.1642327145881153,0.1642327145881153,-0.3 to 0
rs1002,GENE_1,-0.2505653965887553,0.2505653965887553,-0.3 to 0
rs1002,GENE_2,0.22292160739814015,0.22292160739814015,0 to 0.3
rs1002,GENE_3,0.033034466647819054,0.033034466647819054,0 to 0.3
rs1002,GENE_4,-0.07703682305088308,0.07703682305088308,-0.3 to 0
rs1002,GENE_5,0.019291455805319917,0.019291455805319917,0 to 0.3
rs1002,GENE_6,-0.21259812061105685,0.21259812061105685,-0.3 to 0
rs1002,GENE_7,0.01790218173345701,0.01790218173345701,0 to 0.3
rs1002,GENE_8,0.06559060317771787,0.06559060317771787,0 to 0.3
rs1002,GENE_9,-0.1083367949857663,0.1083367949857663,-0.3 to 0
rs1002,GENE_10,0.1545070167174901,0.1545070167174901,0 to 0.3
rs1002,GENE_11,-0.007605180503934933,0.007605180503934933,-0.3 to 0
rs1002,GENE_12,0.08403070316622877,0.08403070316622877,0 to 0.3
rs1002,GENE_13,0.03320765633874802,0.03320765633874802,0 to 0.3
rs1002,GENE_14,0.13266730774737925,0.13266730774737925,0 to 0.3
rs1002,GENE_15,0.2585864669276795,0.2585864669276795,0 to 0.3
rs1002,GENE_16,-0.20928177370751871,0.20928177370751871,-0.3 to 0
rs1002,GENE_17,-0.049969528161366565,0.049969528161366565,-0.3 to 0
rs1002,GENE_18,-0.24855530026380912,0.24855530026380912,-0.3 to 0
rs1002,GENE_19,-0.21523747935200824,0.21523747935200824,-0.3 to 0
rs1002,GENE_20,-0.0219313179598608,0.0219313179598608,-0.3 to 0
rs1002,GENE_21,-0.10143664152575466,0.10143664152575466,-0.3 to 0
rs1002,GENE_22,-0.06883935476117758,0.06883935476117758,-0.3 to 0
rs1002,GENE_23,0.05783142615229903,0.05783142615229903,0 to 0.3
rs1002,GENE_24,0.26313573430512305,0.26313573430512305,0 to 0.3
rs1002,GENE_25,0.029842202884061236,0.029842202884061236,0 to 0.3
rs1002,GENE_26,0.10255540954322724,0.10255540954322724,0 to 0.3
rs1002,GENE_27,-0.2775907623739994,0.2775907623739994,-0.3 to 0
rs1002,GENE_28,-0.21787510039491675,0.21787510039491675,-0.3 to 0
rs1002,GENE_29,-0.026730398521910573,0.026730398521910573,-0.3 to 0
rs1002,GENE_30,0.14471863894274964,0.14471863894274964,0 to 0.3
rs1002,GENE_31,-0.09120073506414268,0.09120073506414268,-0.3 to 0
rs1002,GENE_32,-0.12022256680519235,0.12022256680519235,-0.3 to 0
rs1002,GENE_33,0.12856825515985396,0.12856825515985396,0 to 0.3
rs1002,GENE_34,-0.14301226274779338,0.14301226274779338,-0.3 to 0
rs1002,GENE_35,-0.3015630064517966,0.3015630064517966,-0.5 to -0.3
rs1002,GENE_36,-0.27348046984253743,0.27348046984253743,-0.3 to 0
rs1002,GENE_37,0.12274234816232106,0.12274234816232106,0 to 0.3
rs1002,GENE_38,-0.21468841262178745,0.21468841262178745,-0.3 to 0
rs1002,GENE_39,-0.3113190455948187,0.3113190455948187,-0.5 to -0.3
rs1002,GENE_40,0.29775792539126916,0.29775792539126916,0 to 0.3
rs1002,GENE_41,-0.3523051549661498,0.3523051549661498,-0.5 to -0.3
rs1002,GENE_42,0.23008419738484875,0.23008419738484875,0 to 0.3
rs1002,GENE_43,-0.4020643001778013,0.4020643001778013,-0.5 to -0.3
rs1002,GENE_44,-0.07980188283984985,0.07980188283984985,-0.3 to 0
rs1002,GENE_45,0.2830255353762175,0.2830255353762175,0 to 0.3
rs1002,GENE_46,-0.10433738528167968,0.10433738528167968,-0.3 to 0
rs1002,GENE_47,-0.00984549199313116,0.00984549199313116,-0.3 to 0
rs1002,GENE_48,0.13198381915914748,0.13198381915914748,0 to 0.3
rs1002,GENE_49,-0.3165252211307639,0.3165252211307639,-0.5 to -0.3
rs1002,GENE_50,0.18567310195385975,0.18567310195385975,0 to 0.3
rs1002,GENE_51,0.02514359705994284,0.02514359705994284,0 to 0.3
rs1002,GENE_52,-0.2998611425441816,0.2998611425441816,-0.3 to 0
rs1002,GENE_53,-0.2450840995741646,0.2450840995741646,-0.3 to 0
rs1002,GENE_54,0.10882379759819918,0.10882379759819918,0 to 0.3
rs1002,GENE_55,0.14018060847653402,0.14018060847653402,0 to 0.3
rs1002,GENE_56,0.16440203144938953,0.16440203144938953,0 to 0.3
rs1002,GENE_57,0.05607874847168211,0.05607874847168211,0 to 0.3
rs1002,GENE_58,-0.17896216628041992,0.17896216628041992,-0.3 to 0
rs1002,GENE_59,-0.14622054834164996,0.14622054834164996,-0.3 to 0
rs1002,GENE_60,-0.09053476586900067,0.09053476586900067,-0.3 to 0
rs1002,GENE_61,0.2985634629283538,0.2985634629283538,0 to 0.3
rs1002,GENE_62,-0.012257180122169342,0.012257180122169342,-0.3 to 0
rs1002,GENE_63,-0.15744276824794637,0.15744276824794637,-0.3 to 0
rs1002,GENE_64,0.273296926108599,0.273296926108599,0 to 0.3
rs1002,GENE_65,-0.3189347124476905,0.3189347124476905,-0.5 to -0.3
rs1002,GENE_66,0.19462171532483125,0.19462171532483125,0 to 0.3
rs1002,GENE_67,0.12685212623123612,0.12685212623123612,0 to 0.3
rs1002,GENE_68,-0.25206181525335625,0.25206181525335625,-0.3 to 0
rs1002,GENE_69,-0.14416277203221808,0.14416277203221808,-0.3 to 0
rs1002,GENE_70,-0.0906999227558166,0.0906999227558166,-0.3 to 0
rs1002,GENE_71,0.23325128169075043,0.23325128169075043,0 to 0.3
rs1002,GENE_72,-0.04305138697526614,0.04305138697526614,-0.3 to 0
rs1002,GENE_73,0.13318629002289598,0.13318629002289598,0 to 0.3
rs1002,GENE_74,-0.3945856939156593,0.3945856939156593,-0.5 to -0.3
rs1002,GENE_75,-0.010627981148711746,0.010627981148711746,-0.3 to 0
rs1002,GENE_76,-0.029955650005448895,0.029955650005448895,-0.3 to 0
rs1002,GENE_77,0.01688796373187057,0.01688796373187057,0 to 0.3
rs1002,GENE_78,0.06139368679468506,0.06139368679468506,0 to 0.3
rs1002,GENE_79,-0.032718672923010825,0.032718672923010825,-0.3 to 0
rs1002,GENE_80,0.108815364949795,0.108815364949795,0 to 0.3
rs1002,GENE_81,0.1474115456114995,0.1474115456114995,0 to 0.3
rs1002,GENE_82,-0.07233892309072304,0.07233892309072304,-0.3 to 0
rs1002,GENE_83,-0.2066665461119141,0.2066665461119141,-0.3 to 0
rs1002,GENE_84,-0.12029896794471344,0.12029896794471344,-0.3 to 0
rs1002,GENE_85,0.025691951569873472,0.025691951569873472,0 to 0.3
rs1002,GENE_86,0.10623369885837776,0.10623369885837776,0 to 0.3
rs1002,GENE_87,0.051051298727136034,0.051051298727136034,0 to 0.3
rs1002,GENE_88,0.2660372369242653,0.2660372369242653,0 to 0.3
rs1002,GENE_89,0.05145108853396409,0.05145108853396409,0 to 0.3
rs1002,GENE_90,0.07068040111323881,0.07068040111323881,0 to 0.3
rs1002,GENE_91,0.09057829105856635,0.09057829105856635,0 to 0.3
rs1002,GENE_92,-0.026124614212696292,0.026124614212696292,-0.3 to 0
rs1002,GENE_93,0.23638347681053393,0.23638347681053393,0 to 0.3
rs1002,GENE_94,-0.25712584275807854,0.25712584275807854,-0.3 to 0
rs1002,GENE_95,-0.01860311094064612,0.01860311094064612,-0.3 to 0
rs1002,GENE_96,0.034798299797436066,0.034798299797436066,0 to 0.3
rs1002,GENE_97,-0.1993223884573107,0.1993223884573107,-0.3 to 0
rs1002,GENE_98,-0.01924699721794566,0.01924699721794566,-0.3 to 0
rs1002,GENE_99,-0.1850928589527264,0.1850928589527264,-0.3 to 0
rs1002,GENE_100,0.19593081168698095,0.19593081168698095,0 to 0.3
rs1003,GENE_1,-0.16440316483063086,0.16440316483063086,-0.3 to 0
rs1003,GENE_2,-0.13967302773154106,0.13967302773154106,-0.3 to 0
rs1003,GENE_3,-0.07730784420308216,0.07730784420308216,-0.3 to 0
rs1003,GENE_4,0.06933286608096013,0.06933286608096013,0 to 0.3
rs1003,GENE_5,-0.08544580064133671,0.08544580064133671,-0.3 to 0
rs1003,GENE_6,-0.12936285875200632,0.12936285875200632,-0.3 to 0
rs1003,GENE_7,-0.221716307036163,0.221716307036163,-0.3 to 0
rs1003,GENE_8,-0.09988084835729256,0.09988084835729256,-0.3 to 0
rs1003,GENE_9,-0.18394693517876823,0.18394693517876823,-0.3 to 0
rs1003,GENE_10,0.14843740934297278,0.14843740934297278,0 to 0.3
rs1003,GENE_11,0.03926717560846642,0.03926717560846642,0 to 0.3
rs1003,GENE_12,0.34664031810541773,0.34664031810541773,0.3 to 0.5
rs1003,GENE_13,0.08658945748680276,0.08658945748680276,0 to 0.3
rs1003,GENE_14,-0.12422892528404497,0.12422892528404497,-0.3 to 0
rs1003,GENE_15,0.08331589805941707,0.08331589805941707,0 to 0.3
rs1003,GENE_16,-0.11839617077817993,0.11839617077817993,-0.3 to 0
rs1003,GENE_17,-0.05643231687136512,0.05643231687136512,-0.3 to 0
rs1003,GENE_18,-0.24143698577034112,0.24143698577034112,-0.3 to 0
rs1003,GENE_19,0.21403945769128538,0.21403945769128538,0 to 0.3
rs1003,GENE_20,-0.06714629821977049,0.06714629821977049,-0.3 to 0
rs1003,GENE_21,0.008571190255372086,0.008571190255372086,0 to 0.3
rs1003,GENE_22,-0.06821286830951885,0.06821286830951885,-0.3 to 0
rs1003,GENE_23,-0.2794216977942455,0.2794216977942455,-0.3 to 0
rs1003,GENE_24,0.06501809566694716,0.06501809566694716,0 to 0.3
rs1003,GENE_25,-0.09883226328642834,0.09883226328642834,-0.3 to 0
rs1003,GENE_26,0.005592730276371501,0.005592730276371501,0 to 0.3
rs1003,GENE_27,0.06284409557660976,0.06284409557660976,0 to 0.3
rs1003,GENE_28,-0.19745618221447214,0.19745618221447214,-0.3 to 0
rs1003,GENE_29,-0.2753951977075816,0.2753951977075816,-0.3 to 0
rs1003,GENE_30,-0.2569575701922796,0.2569575701922796,-0.3 to 0
rs1003,GENE_31,0.07191585362961626,0.07191585362961626,0 to 0.3
rs1003,GENE_32,-0.06417674362041426,0.06417674362041426,-0.3 to 0
rs1003,GENE_33,-0.010448622585508596,0.010448622585508596,-0.3 to 0
rs1003,GENE_34,-0.2704887048397841,0.2704887048397841,-0.3 to 0
rs1003,GENE_35,-0.18090759698743328,0.18090759698743328,-0.3 to 0
rs1003,GENE_36,-0.14845716271881768,0.14845716271881768,-0.3 to 0
rs1003,GENE_37,0.08655929903467124,0.08655929903467124,0 to 0.3
rs1003,GENE_38,-0.2216464279734592,0.2216464279734592,-0.3 to 0
rs1003,GENE_39,-0.05272491789223105,0.05272491789223105,-0.3 to 0
rs1003,GENE_40,-0.20527788619917642,0.20527788619917642,-0.3 to 0
rs1003,GENE_41,-0.20455226806294632,0.20455226806294632,-0.3 to 0
rs1003,GENE_42,-0.14838347321846804,0.14838347321846804,-0.3 to 0
rs1003,GENE_43,0.07999701202772104,0.07999701202772104,0 to 0.3
rs1003,GENE_44,0.10365457470908651,0.10365457470908651,0 to 0.3
rs1003,GENE_45,-0.10844212234518352,0.10844212234518352,-0.3 to 0
rs1003,GENE_46,0.3684374798224203,0.3684374798224203,0.3 to 0.5
rs1003,GENE_47,-0.2360794746185491,0.2360794746185491,-0.3 to 0
rs1003,GENE_48,0.21692133473811007,0.21692133473811007,0 to 0.3
rs1003,GENE_49,0.23936062183768733,0.23936062183768733,0 to 0.3
rs1003,GENE_50,0.24935242544345362,0.24935242544345362,0 to 0.3
rs1003,GENE_51,0.06726316070631555,0.06726316070631555,0 to 0.3
rs1003,GENE_52,-0.045581168353157744,0.045581168353157744,-0.3 to 0
rs1003,GENE_53,-0.22747639779131304,0.22747639779131304,-0.3 to 0
rs1003,GENE_54,0.003853040802365587,0.003853040802365587,0 to 0.3
rs1003,GENE_55,-0.14936819883319602,0.14936819883319602,-0.3 to 0
rs1003,GENE_56,-0.14792594579017004,0.14792594579017004,-0.3 to 0
rs1003,GENE_57,-0.22682273847850107,0.22682273847850107,-0.3 to 0
rs1003,GENE_58,0.15408093100038178,0.15408093100038178,0 to 0.3
rs1003,GENE_59,0.21475554146667294,0.21475554146667294,0 to 0.3
rs1003,GENE_60,-0.0005801581522913584,0.0005801581522913584,-0.3 to 0
rs1003,GENE_61,0.3933145265151555,0.3933145265151555,0.3 to 0.5
rs1003,GENE_62,-0.46357072785963704,0.46357072785963704,-0.5 to -0.3
rs1003,GENE_63,0.49080875951806563,0.49080875951806563,0.3 to 0.5
rs1003,GENE_64,0.17499959882672483,0.17499959882672483,0 to 0.3
rs1003,GENE_65,0.01504806575584236,0.01504806575584236,0 to 0.3
rs1003,GENE_66,0.16164897312568077,0.16164897312568077,0 to 0.3
rs1003,GENE_67,0.40912967322326543,0.40912967322326543,0.3 to 0.5
rs1003,GENE_68,0.022317746017675364,0.022317746017675364,0 to 0.3
rs1003,GENE_69,0.211268154186386,0.211268154186386,0 to 0.3
rs1003,GENE_70,-0.2169427500841858,0.2169427500841858,-0.3 to 0
rs1003,GENE_71,-0.02049283972948251,0.02049283972948251,-0.3 to 0
rs1003,GENE_72,-0.21227439819733576,0.21227439819733576,-0.3 to 0
rs1003,GENE_73,-0.23785213621511944,0.23785213621511944,-0.3 to 0
rs1003,GENE_74,-0.14724978150559906,0.14724978150559906,-0.3 to 0
rs1003,GENE_75,0.018227379619662233,0.018227379619662233,0 to 0.3
rs1003,GENE_76,0.25010709621490124,0.25010709621490124,0 to 0.3
rs1003,GENE_77,0.057261623848619776,0.057261623848619776,0 to 0.3
rs1003,GENE_78,-0.2661676067662327,0.2661676067662327,-0.3 to 0
rs1003,GENE_79,-0.14485368572063365,0.14485368572063365,-0.3 to 0
rs1003,GENE_80,-0.1579271326652914,0.1579271326652914,-0.3 to 0
rs1003,GENE_81,0.38999591437995207,0.38999591437995207,0.3 to 0.5
rs1003,GENE_82,0.13916583465357005,0.13916583465357005,0 to 0.3
rs1003,GENE_83,0.0040555972009492115,0.0040555972009492115,0 to 0.3
rs1003,GENE_84,-0.15747018366012966,0.15747018366012966,-0.3 to 0
rs1003,GENE_85,0.07199710017410488,0.07199710017410488,0 to 0.3
rs1003,GENE_86,-0.2798035497085503,0.2798035497085503,-0.3 to 0
rs1003,GENE_87,-0.03245896088735747,0.03245896088735747,-0.3 to 0
rs1003,GENE_88,0.23179209221383254,0.23179209221383254,0 to 0.3
rs1003,GENE_89,-0.048230726471303616,0.048230726471303616,-0.3 to 0
rs1003,GENE_90,0.2608245220835917,0.2608245220835917,0 to 0.3
rs1003,GENE_91,-0.10420872715135966,0.10420872715135966,-0.3 to 0
rs1003,GENE_92,0.19091143752999304,0.19091143752999304,0 to 0.3
rs1003,GENE_93,0.2683051869808175,0.2683051869808175,0 to 0.3
rs1003,GENE_94,0.008145865679509126,0.008145865679509126,0 to 0.3
rs1003,GENE_95,-0.11522476060432409,0.11522476060432409,-0.3 to 0
rs1003,GENE_96,0.22458256843684687,0.22458256843684687,0 to 0.3
rs1003,GENE_97,0.12243280920959604,0.12243280920959604,0 to 0.3
rs1003,GENE_98,0.3625804698483414,0.3625804698483414,0.3 to 0.5
rs1003,GENE_99,-0.10621664683824453,0.10621664683824453,-0.3 to 0
rs1003,GENE_100,0.44585308357796594,0.44585308357796594,0.3 to 0.5
rs1004,GENE_1,-0.17776586092907132,0.17776586092907132,-0.3 to 0
rs1004,GENE_2,0.0829733286593182,0.0829733286593182,0 to 0.3
rs1004,GENE_3,-0.06575094273874814,0.06575094273874814,-0.3 to 0
rs1004,GENE_4,0.27459277298706364,0.27459277298706364,0 to 0.3
rs1004,GENE_5,0.27117088303671155,0.27117088303671155,0 to 0.3
rs1004,GENE_6,0.02250535043658631,0.02250535043658631,0 to 0.3
rs1004,GENE_7,-0.020553844111998048,0.020553844111998048,-0.3 to 0
rs1004,GENE_8,-0.03786925484501958,0.03786925484501958,-0.3 to 0
rs1004,GENE_9,0.19383640888369044,0.19383640888369044,0 to 0.3
rs1004,GENE_10,0.12169715033876667,0.12169715033876667,0 to 0.3
rs1004,GENE_11,0.1786263646849413,0.1786263646849413,0 to 0.3
rs1004,GENE_12,-0.2000612662790722,0.2000612662790722,-0.3 to 0
rs1004,GENE_13,-0.16841967743383723,0.16841967743383723,-0.3 to 0
rs1004,GENE_14,0.15378502652013237,0.15378502652013237,0 to 0.3
rs1004,GENE_15,0.2164868932557493,0.2164868932557493,0 to 0.3
rs1004,GENE_16,-0.09864399573770306,0.09864399573770306,-0.3 to 0
rs1004,GENE_17,0.280570447708822,0.280570447708822,0 to 0.3
rs1004,GENE_18,-0.3072936640762104,0.3072936640762104,-0.5 to -0.3
rs1004,GENE_19,0.21589663279534685,0.21589663279534685,0 to 0.3
rs1004,GENE_20,-0.2479843573646682,0.2479843573646682,-0.3 to 0
rs1004,GENE_21,0.07939566873862837,0.07939566873862837,0 to 0.3
rs1004,GENE_22,-0.022653549330957916,0.022653549330957916,-0.3 to 0
rs1004,GENE_23,0.10764621160943462,0.10764621160943462,0 to 0.3
rs1004,GENE_24,0.22200007009398018,0.22200007009398018,0 to 0.3
rs1004,GENE_25,-0.16295149403815332,0.16295149403815332,-0.3 to 0
rs1004,GENE_26,0.0029278508238460596,0.0029278508238460596,0 to 0.3
rs1004,GENE_27,-0.3215233305492997,0.3215233305492997,-0.5 to -0.3
rs1004,GENE_28,-0.12430666925183695,0.12430666925183695,-0.3 to 0
rs1004,GENE_29,-0.04833550000525803,0.04833550000525803,-0.3 to 0
rs1004,GENE_30,0.22854516606073902,0.22854516606073902,0 to 0.3
rs1004,GENE_31,-0.27772794584599625,0.27772794584599625,-0.3 to 0
rs1004,GENE_32,0.2262831032771687,0.2262831032771687,0 to 0.3
rs1004,GENE_33,0.3116847531014051,0.3116847531014051,0.3 to 0.5
rs1004,GENE_34,0.19317698518523152,0.19317698518523152,0 to 0.3
rs1004,GENE_35,-0.03995271287480564,0.03995271287480564,-0.3 to 0
rs1004,GENE_36,-0.2725071737954303,0.2725071737954303,-0.3 to 0
rs1004,GENE_37,0.05721098246612704,0.05721098246612704,0 to 0.3
rs1004,GENE_38,0.02340839052558953,0.02340839052558953,0 to 0.3
rs1004,GENE_39,-0.09403864150165661,0.09403864150165661,-0.3 to 0
rs1004,GENE_40,0.3314167315803211,0.3314167315803211,0.3 to 0.5
rs1004,GENE_41,-0.14053586407493843,0.14053586407493843,-0.3 to 0
rs1004,GENE_42,0.17889724042536403,0.17889724042536403,0 to 0.3
rs1004,GENE_43,-0.16759968721948618,0.16759968721948618,-0.3 to 0
rs1004,GENE_44,-0.14572795577951958,0.14572795577951958,-0.3 to 0
rs1004,GENE_45,0.0409165998144949,0.0409165998144949,0 to 0.3
rs1004,GENE_46,0.11167124827933042,0.11167124827933042,0 to 0.3
rs1004,GENE_47,-0.0753817143437086,0.0753817143437086,-0.3 to 0
rs1004,GENE_48,0.057790903912112924,0.057790903912112924,0 to 0.3
rs1004,GENE_49,-0.015869483485690804,0.015869483485690804,-0.3 to 0
rs1004,GENE_50,-0.15924032576517438,0.15924032576517438,-0.3 to 0
rs1004,GENE_51,-0.00928297691364276,0.00928297691364276,-0.3 to 0
rs1004,GENE_52,-0.21477584244228656,0.21477584244228656,-0.3 to 0
rs1004,GENE_53,-0.13174328682557335,0.13174328682557335,-0.3 to 0
rs1004,GENE_54,-0.12159257755341239,0.12159257755341239,-0.3 to 0
rs1004,GENE_55,0.02134018161438709,0.02134018161438709,0 to 0.3
rs1004,GENE_56,-0.15614322815303375,0.15614322815303375,-0.3 to 0
rs1004,GENE_57,-0.2704804788410221,0.2704804788410221,-0.3 to 0
rs1004,GENE_58,0.07814409890381473,0.07814409890381473,0 to 0.3
rs1004,GENE_59,-0.010353690877890695,0.010353690877890695,-0.3 to 0
rs1004,GENE_60,-0.03289922143165187,0.03289922143165187,-0.3 to 0
rs1004,GENE_61,0.05212198168005305,0.05212198168005305,0 to 0.3
rs1004,GENE_62,0.016322443950029162,0.016322443950029162,0 to 0.3
rs1004,GENE_63,0.004356046356707085,0.004356046356707085,0 to 0.3
rs1004,GENE_64,0.07225209013556315,0.07225209013556315,0 to 0.3
rs1004,GENE_65,-0.223234700104599,0.223234700104599,-0.3 to 0
rs1004,GENE_66,-0.2191338626384154,0.2191338626384154,-0.3 to 0
rs1004,GENE_67,-0.10652154813413578,0.10652154813413578,-0.3 to 0
rs1004,GENE_68,-0.239002153654338,0.239002153654338,-0.3 to 0
rs1004,GENE_69,-0.2777670378094376,0.2777670378094376,-0.3 to 0
rs1004,GENE_70,-0.061481557539536276,0.061481557539536276,-0.3 to 0
rs1004,GENE_71,-0.11075156419917273,0.11075156419917273,-0.3 to 0
rs1004,GENE_72,-0.03651662138016052,0.03651662138016052,-0.3 to 0
rs1004,GENE_73,-0.014608275733008566,0.014608275733008566,-0.3 to 0
rs1004,GENE_74,-0.1331664459492259,0.1331664459492259,-0.3 to 0
rs1004,GENE_75,0.14237777272020533,0.14237777272020533,0 to 0.3
rs1004,GENE_76,-0.11485754433049673,0.11485754433049673,-0.3 to 0
rs1004,GENE_77,-0.13008502390880006,0.13008502390880006,-0.3 to 0
rs1004,GENE_78,2.8499056984506197e-05,2.8499056984506197e-05,0 to 0.3
rs1004,GENE_79,-0.003825980371035679,0.003825980371035679,-0.3 to 0
rs1004,GENE_80,0.042237653878662546,0.042237653878662546,0 to 0.3
rs1004,GENE_81,0.13289721108544378,0.13289721108544378,0 to 0.3
rs1004,GENE_82,0.29423726745259005,0.29423726745259005,0 to 0.3
rs1004,GENE_83,-0.2434289933141365,0.2434289933141365,-0.3 to 0
rs1004,GENE_84,-0.14759179027468688,0.14759179027468688,-0.3 to 0
rs1004,GENE_85,0.15040202834822902,0.15040202834822902,0 to 0.3
rs1004,GENE_86,0.12861173298213865,0.12861173298213865,0 to 0.3
rs1004,GENE_87,-0.22184210595786324,0.22184210595786324,-0.3 to 0
rs1004,GENE_88,0.18696977961728556,0.18696977961728556,0 to 0.3
rs1004,GENE_89,-0.214974261370178,0.214974261370178,-0.3 to 0
rs1004,GENE_90,0.13155983553008746,0.13155983553008746,0 to 0.3
rs1004,GENE_91,-0.16878616859493184,0.16878616859493184,-0.3 to 0
rs1004,GENE_92,-0.09291696001374092,0.09291696001374092,-0.3 to 0
rs1004,GENE_93,-0.11606856136048693,0.11606856136048693,-0.3 to 0
rs1004,GENE_94,-0.010535498813723143,0.010535498813723143,-0.3 to 0
rs1004,GENE_95,-0.39938780758649756,0.39938780758649756,-0.5 to -0.3
rs1004,GENE_96,-0.29325219989706275,0.29325219989706275,-0.3 to 0
rs1004,GENE_97,-0.2005546626401868,0.2005546626401868,-0.3 to 0
rs1004,GENE_98,0.15492589825467742,0.15492589825467742,0 to 0.3
rs1004,GENE_99,-0.02787594254127558,0.02787594254127558,-0.3 to 0
rs1004,GENE_100,-0.04476799884947545,0.04476799884947545,-0.3 to 0
rs1005,GENE_1,0.17492521714199552,0.17492521714199552,0 to 0.3
rs1005,GENE_2,0.15032083944679267,0.15032083944679267,0 to 0.3
rs1005,GENE_3,-0.01352223895476787,0.01352223895476787,-0.3 to 0
rs1005,GENE_4,-0.1419053225294737,0.1419053225294737,-0.3 to 0
rs1005,GENE_5,-0.060941337466051924,0.060941337466051924,-0.3 to 0
rs1005,GENE_6,-0.23945997340680092,0.23945997340680092,-0.3 to 0
rs1005,GENE_7,0.17923104662226472,0.17923104662226472,0 to 0.3
rs1005,GENE_8,0.20422656408909295,0.20422656408909295,0 to 0.3
rs1005,GENE_9,-0.34108338776987746,0.34108338776987746,-0.5 to -0.3
rs1005,GENE_10,0.15888157605257636,0.15888157605257636,0 to 0.3
rs1005,GENE_11,-0.24491149114306074,0.24491149114306074,-0.3 to 0
rs1005,GENE_12,-0.36143503017577466,0.36143503017577466,-0.5 to -0.3
rs1005,GENE_13,-0.1433655910052946,0.1433655910052946,-0.3 to 0
rs1005,GENE_14,0.32201983480449964,0.32201983480449964,0.3 to 0.5
rs1005,GENE_15,0.08560903694151589,0.08560903694151589,0 to 0.3
rs1005,GENE_16,-0.2757553890289906,0.2757553890289906,-0.3 to 0
rs1005,GENE_17,-0.32060567417922686,0.32060567417922686,-0.5 to -0.3
rs1005,GENE_18,0.34385476155976047,0.34385476155976047,0.3 to 0.5
rs1005,GENE_19,-0.005336482898050089,0.005336482898050089,-0.3 to 0
rs1005,GENE_20,-0.05893723591961975,0.05893723591961975,-0.3 to 0
rs1005,GENE_21,-0.14370469782685952,0.14370469782685952,-0.3 to 0
rs1005,GENE_22,0.07362191127006087,0.07362191127006087,0 to 0.3
rs1005,GENE_23,0.2670248073910013,0.2670248073910013,0 to 0.3
rs1005,GENE_24,0.04188871173888589,0.04188871173888589,0 to 0.3
rs1005,GENE_25,0.04295306113040911,0.04295306113040911,0 to 0.3
rs1005,GENE_26,0.0028536291564320174,0.0028536291564320174,0 to 0.3
rs1005,GENE_27,-0.12219043759189194,0.12219043759189194,-0.3 to 0
rs1005,GENE_28,0.21878559437737505,0.21878559437737505,0 to 0.3
rs1005,GENE_29,0.049356667046922556,0.049356667046922556,0 to 0.3
rs1005,GENE_30,0.19205556256094355,0.19205556256094355,0 to 0.3
rs1005,GENE_31,0.0612256769440802,0.0612256769440802,0 to 0.3
rs1005,GENE_32,-0.14867871312344128,0.14867871312344128,-0.3 to 0
rs1005,GENE_33,-0.18082027429811345,0.18082027429811345,-0.3 to 0
rs1005,GENE_34,-0.13005951024184922,0.13005951024184922,-0.3 to 0
rs1005,GENE_35,0.24830734025044543,0.24830734025044543,0 to 0.3
rs1005,GENE_36,0.14160612244255708,0.14160612244255708,0 to 0.3
rs1005,GENE_37,-0.18997450778516334,0.18997450778516334,-0.3 to 0
rs1005,GENE_38,0.198321869753623,0.198321869753623,0 to 0.3
rs1005,GENE_39,0.18907339642516674,0.18907339642516674,0 to 0.3
rs1005,GENE_40,-0.29509786531200005,0.29509786531200005,-0.3 to 0
rs1005,GENE_41,0.10057170299981645,0.10057170299981645,0 to 0.3
rs1005,GENE_42,-0.20602058362860942,0.20602058362860942,-0.3 to 0
rs1005,GENE_43,0.06624069527093326,0.06624069527093326,0 to 0.3
rs1005,GENE_44,0.02793204495829628,0.02793204495829628,0 to 0.3
rs1005,GENE_45,-0.17124504897864296,0.17124504897864296,-0.3 to 0
rs1005,GENE_46,0.2132880471551548,0.2132880471551548,0 to 0.3
rs1005,GENE_47,0.01921452659232362,0.01921452659232362,0 to 0.3
rs1005,GENE_48,0.15074439132396827,0.15074439132396827,0 to 0.3
rs1005,GENE_49,-0.06313885123380057,0.06313885123380057,-0.3 to 0
rs1005,GENE_50,-0.06522892706992987,0.06522892706992987,-0.3 to 0
rs1005,GENE_51,-0.18749153307122687,0.18749153307122687,-0.3 to 0
rs1005,GENE_52,0.0091874353824109,0.0091874353824109,0 to 0.3
rs1005,GENE_53,0.14906843944947168,0.14906843944947168,0 to 0.3
rs1005,GENE_54,0.05701596610903923,0.05701596610903923,0 to 0.3
rs1005,GENE_55,0.10130170943314758,0.10130170943314758,0 to 0.3
rs1005,GENE_56,-0.09814433099683408,0.09814433099683408,-0.3 to 0
rs1005,GENE_57,0.024840762187881518,0.024840762187881518,0 to 0.3
rs1005,GENE_58,0.013633943763652692,0.013633943763652692,0 to 0.3
rs1005,GENE_59,0.01958821242634535,0.01958821242634535,0 to 0.3
rs1005,GENE_60,-0.13715030223786792,0.13715030223786792,-0.3 to 0
rs1005,GENE_61,-0.12870788380798653,0.12870788380798653,-0.3 to 0
rs1005,GENE_62,0.04568468001327009,0.04568468001327009,0 to 0.3
rs1005,GENE_63,0.04975034356326525,0.04975034356326525,0 to 0.3
rs1005,GENE_64,-0.15456601334258835,0.15456601334258835,-0.3 to 0
rs1005,GENE_65,-0.2096202629857819,0.2096202629857819,-0.3 to 0
rs1005,GENE_66,0.2368443991438325,0.2368443991438325,0 to 0.3
rs1005,GENE_67,-0.10717845758871579,0.10717845758871579,-0.3 to 0
rs1005,GENE_68,-0.1418502188713441,0.1418502188713441,-0.3 to 0
rs1005,GENE_69,0.07712636108509013,0.07712636108509013,0 to 0.3
rs1005,GENE_70,0.12581054130678568,0.12581054130678568,0 to 0.3
rs1005,GENE_71,0.33432538689498376,0.33432538689498376,0.3 to 0.5
rs1005,GENE_72,0.17468221926809077,0.17468221926809077,0 to 0.3
rs1005,GENE_73,0.09452929002969254,0.09452929002969254,0 to 0.3
rs1005,GENE_74,0.16805325099638635,0.16805325099638635,0 to 0.3
rs1005,GENE_75,-0.1206996023855091,0.1206996023855091,-0.3 to 0
rs1005,GENE_76,-0.03917680160916625,0.03917680160916625,-0.3 to 0
rs1005,GENE_77,0.09988314068139247,0.09988314068139247,0 to 0.3
rs1005,GENE_78,-0.1673558072027178,0.1673558072027178,-0.3 to 0
rs1005,GENE_79,0.14988029493743135,0.14988029493743135,0 to 0.3
rs1005,GENE_80,0.07013214967525985,0.07013214967525985,0 to 0.3
rs1005,GENE_81,0.21713293777558373,0.21713293777558373,0 to 0.3
rs1005,GENE_82,0.04891604234704179,0.04891604234704179,0 to 0.3
rs1005,GENE_83,-0.17674969863259457,0.17674969863259457,-0.3 to 0
rs1005,GENE_84,0.17339332156536494,0.17339332156536494,0 to 0.3
rs1005,GENE_85,0.22794384987224434,0.22794384987224434,0 to 0.3
rs1005,GENE_86,0.3631919218673542,0.3631919218673542,0.3 to 0.5
rs1005,GENE_87,-0.03967774340365918,0.03967774340365918,-0.3 to 0
rs1005,GENE_88,0.23080147122699207,0.23080147122699207,0 to 0.3
rs1005,GENE_89,-0.09187550795512496,0.09187550795512496,-0.3 to 0
rs1005,GENE_90,0.1664787397597213,0.1664787397597213,0 to 0.3
rs1005,GENE_91,0.1660734880515497,0.1660734880515497,0 to 0.3
rs1005,GENE_92,-0.23903824389213515,0.23903824389213515,-0.3 to 0
rs1005,GENE_93,0.14039250559659347,0.14039250559659347,0 to 0.3
rs1005,GENE_94,-0.1090591133034382,0.1090591133034382,-0.3 to 0
rs1005,GENE_95,0.3099267875639354,0.3099267875639354,0.3 to 0.5
rs1005,GENE_96,0.11960676995399565,0.11960676995399565,0 to 0.3
rs1005,GENE_97,0.15082343139151272,0.15082343139151272,0 to 0.3
rs1005,GENE_98,-0.13815179689884807,0.13815179689884807,-0.3 to 0
rs1005,GENE_99,0.2347649463498205,0.2347649463498205,0 to 0.3
rs1005,GENE_100,-0.28284563621163983,0.28284563621163983,-0.3 to 0
rs1006,GENE_1,0.2044693943333389,0.2044693943333389,0 to 0.3
rs1006,GENE_2,-0.090552536611389,0.090552536611389,-0.3 to 0
rs1006,GENE_3,0.21824087340299775,0.21824087340299775,0 to 0.3
rs1006,GENE_4,0.18739820854865685,0.18739820854865685,0 to 0.3
rs1006,GENE_5,0.23577763058695836,0.23577763058695836,0 to 0.3
rs1006,GENE_6,0.19382079179942538,0.19382079179942538,0 to 0.3
rs1006,GENE_7,-0.21274274715864516,0.21274274715864516,-0.3 to 0
rs1006,GENE_8,-0.09725622612072218,0.09725622612072218,-0.3 to 0
rs1006,GENE_9,0.15219441310258805,0.15219441310258805,0 to 0.3
rs1006,GENE_10,0.02027862998287994,0.02027862998287994,0 to 0.3
rs1006,GENE_11,0.253982194917834,0.253982194917834,0 to 0.3
rs1006,GENE_12,0.2157884519675059,0.2157884519675059,0 to 0.3
rs1006,GENE_13,-0.02661124576123557,0.02661124576123557,-0.3 to 0
rs1006,GENE_14,-0.12623065532235336,0.12623065532235336,-0.3 to 0
rs1006,GENE_15,0.030011428132439923,0.030011428132439923,0 to 0.3
rs1006,GENE_16,-0.029094295916327007,0.029094295916327007,-0.3 to 0
rs1006,GENE_17,0.1501448377844393,0.1501448377844393,0 to 0.3
rs1006,GENE_18,-0.006314721277901992,0.006314721277901992,-0.3 to 0
rs1006,GENE_19,0.2470860863073436,0.2470860863073436,0 to 0.3
rs1006,GENE_20,-0.21651213084125323,0.21651213084125323,-0.3 to 0
rs1006,GENE_21,0.24716836877677598,0.24716836877677598,0 to 0.3
rs1006,GENE_22,-0.12770841438390196,0.12770841438390196,-0.3 to 0
rs1006,GENE_23,-0.08747270367354781,0.08747270367354781,-0.3 to 0
rs1006,GENE_24,0.12153073235990668,0.12153073235990668,0 to 0.3
rs1006,GENE_25,0.20191246616751385,0.20191246616751385,0 to 0.3
rs1006,GENE_26,-0.01821771314726303,0.01821771314726303,-0.3 to 0
rs1006,GENE_27,-0.19796617849030362,0.19796617849030362,-0.3 to 0
rs1006,GENE_28,0.07198971434568772,0.07198971434568772,0 to 0.3
rs1006,GENE_29,0.1669790826940764,0.1669790826940764,0 to 0.3
rs1006,GENE_30,0.0054298253513303885,0.0054298253513303885,0 to 0.3
rs1006,GENE_31,-0.019425845517841336,0.019425845517841336,-0.3 to 0
rs1006,GENE_32,-0.32177791320249954,0.32177791320249954,-0.5 to -0.3
rs1006,GENE_33,0.25006924654490914,0.25006924654490914,0 to 0.3
rs1006,GENE_34,0.054981870340392265,0.054981870340392265,0 to 0.3
rs1006,GENE_35,0.2688162375385308,0.2688162375385308,0 to 0.3
rs1006,GENE_36,-0.01794703785859558,0.01794703785859558,-0.3 to 0
rs1006,GENE_37,0.35735591859521887,0.35735591859521887,0.3 to 0.5
rs1006,GENE_38,0.2606941214615803,0.2606941214615803,0 to 0.3
rs1006,GENE_39,0.06784293967620832,0.06784293967620832,0 to 0.3
rs1006,GENE_40,-0.03720605683758923,0.03720605683758923,-0.3 to 0
rs1006,GENE_41,0.2598677036223033,0.2598677036223033,0 to 0.3
rs1006,GENE_42,0.11946969794162486,0.11946969794162486,0 to 0.3
rs1006,GENE_43,0.08840727300753207,0.08840727300753207,0 to 0.3
rs1006,GENE_44,-0.060303451030364295,0.060303451030364295,-0.3 to 0
rs1006,GENE_45,-0.09204548783781401,0.09204548783781401,-0.3 to 0
rs1006,GENE_46,-0.08206527945386312,0.08206527945386312,-0.3 to 0
rs1006,GENE_47,0.23069969486243527,0.23069969486243527,0 to 0.3
rs1006,GENE_48,-0.05231841041213656,0.05231841041213656,-0.3 to 0
rs1006,GENE_49,-0.011170115562846809,0.011170115562846809,-0.3 to 0
rs1006,GENE_50,-0.260731570866019,0.260731570866019,-0.3 to 0
rs1006,GENE_51,-0.15550365968777505,0.15550365968777505,-0.3 to 0
rs1006,GENE_52,0.0037051869921872456,0.0037051869921872456,0 to 0.3
rs1006,GENE_53,0.0811142438567432,0.0811142438567432,0 to 0.3
rs1006,GENE_54,-0.38534651988412977,0.38534651988412977,-0.5 to -0.3
rs1006,GENE_55,0.01584866714952773,0.01584866714952773,0 to 0.3
rs1006,GENE_56,-0.21525870779657588,0.21525870779657588,-0.3 to 0
rs1006,GENE_57,-0.06023298118505931,0.06023298118505931,-0.3 to 0
rs1006,GENE_58,0.08029303445280439,0.08029303445280439,0 to 0.3
rs1006,GENE_59,0.047856677236723606,0.047856677236723606,0 to 0.3
rs1006,GENE_60,-0.05655215251654724,0.05655215251654724,-0.3 to 0
rs1006,GENE_61,0.04275721001206193,0.04275721001206193,0 to 0.3
rs1006,GENE_62,-0.033705878541760444,0.033705878541760444,-0.3 to 0
rs1006,GENE_63,-0.10420594022890042,0.10420594022890042,-0.3 to 0
rs1006,GENE_64,-0.10482879164670197,0.10482879164670197,-0.3 to 0
rs1006,GENE_65,-0.20358398307066597,0.20358398307066597,-0.3 to 0
rs1006,GENE_66,-0.2892480299467944,0.2892480299467944,-0.3 to 0
rs1006,GENE_67,-0.042424403481998135,0.042424403481998135,-0.3 to 0
rs1006,GENE_68,-0.17536123617192378,0.17536123617192378,-0.3 to 0
rs1006,GENE_69,-0.3539566376169745,0.3539566376169745,-0.5 to -0.3
rs1006,GENE_70,0.07476595825003529,0.07476595825003529,0 to 0.3
rs1006,GENE_71,-0.2813645475106547,0.2813645475106547,-0.3 to 0
rs1006,GENE_72,-0.05309662764779192,0.05309662764779192,-0.3 to 0
rs1006,GENE_73,-0.01383364107863641,0.01383364107863641,-0.3 to 0
rs1006,GENE_74,0.23876912657550148,0.23876912657550148,0 to 0.3
rs1006,GENE_75,-0.16413147844990067,0.16413147844990067,-0.3 to 0
rs1006,GENE_76,-0.1071503131945227,0.1071503131945227,-0.3 to 0
rs1006,GENE_77,0.04842962275564255,0.04842962275564255,0 to 0.3
rs1006,GENE_78,-0.05378827019493715,0.05378827019493715,-0.3 to 0
rs1006,GENE_79,-0.057461995448255206,0.057461995448255206,-0.3 to 0
rs1006,GENE_80,-0.10928142460447923,0.10928142460447923,-0.3 to 0
rs1006,GENE_81,-0.24522204802126663,0.24522204802126663,-0.3 to 0
rs1006,GENE_82,0.05241367405542421,0.05241367405542421,0 to 0.3
rs1006,GENE_83,-0.21382917106380628,0.21382917106380628,-0.3 to 0
rs1006,GENE_84,-0.07866719154414169,0.07866719154414169,-0.3 to 0
rs1006,GENE_85,0.3474144417620573,0.3474144417620573,0.3 to 0.5
rs1006,GENE_86,-0.00719386875575549,0.00719386875575549,-0.3 to 0
rs1006,GENE_87,-0.2342711750835472,0.2342711750835472,-0.3 to 0
rs1006,GENE_88,-0.18091806439399397,0.18091806439399397,-0.3 to 0
rs1006,GENE_89,-0.06264026842710703,0.06264026842710703,-0.3 to 0
rs1006,GENE_90,-0.13374971627099094,0.13374971627099094,-0.3 to 0
rs1006,GENE_91,-0.15272601847241463,0.15272601847241463,-0.3 to 0
rs1006,GENE_92,-0.06624788678333322,0.06624788678333322,-0.3 to 0
rs1006,GENE_93,-0.07740284449015296,0.07740284449015296,-0.3 to 0
rs1006,GENE_94,0.14427642822041953,0.14427642822041953,0 to 0.3
rs1006,GENE_95,0.06700371754689226,0.06700371754689226,0 to 0.3
rs1006,GENE_96,-0.19336795510883167,0.19336795510883167,-0.3 to 0
rs1006,GENE_97,0.16723638824185097,0.16723638824185097,0 to 0.3
rs1006,GENE_98,0.2737096057426502,0.2737096057426502,0 to 0.3
rs1006,GENE_99,0.10764017439944418,0.10764017439944418,0 to 0.3
rs1006,GENE_100,0.42207434376977754,0.42207434376977754,0.3 to 0.5
rs1007,GENE_1,0.2126351936636031,0.2126351936636031,0 to 0.3
rs1007,GENE_2,0.02922082165983634,0.02922082165983634,0 to 0.3
rs1007,GENE_3,0.050919203251729765,0.050919203251729765,0 to 0.3
rs1007,GENE_4,-0.036868631880015136,0.036868631880015136,-0.3 to 0
rs1007,GENE_5,-0.31821067104318773,0.31821067104318773,-0.5 to -0.3
rs1007,GENE_6,-0.1615544692908854,0.1615544692908854,-0.3 to 0
rs1007,GENE_7,0.20139535885450555,0.20139535885450555,0 to 0.3
rs1007,GENE_8,0.29733441899153745,0.29733441899153745,0 to 0.3
rs1007,GENE_9,-0.26781026868657126,0.26781026868657126,-0.3 to 0
rs1007,GENE_10,0.34356339430132476,0.34356339430132476,0.3 to 0.5
rs1007,GENE_11,0.0007954765684015594,0.0007954765684015594,0 to 0.3
rs1007,GENE_12,0.3888108551458084,0.3888108551458084,0.3 to 0.5
rs1007,GENE_13,0.19011350711290706,0.19011350711290706,0 to 0.3
rs1007,GENE_14,-0.08050209423555185,0.08050209423555185,-0.3 to 0
rs1007,GENE_15,0.17522267418353527,0.17522267418353527,0 to 0.3
rs1007,GENE_16,0.012280467640463201,0.012280467640463201,0 to 0.3
rs1007,GENE_17,-0.28157632596604704,0.28157632596604704,-0.3 to 0
rs1007,GENE_18,-0.03173676406245259,0.03173676406245259,-0.3 to 0
rs1007,GENE_19,0.0010223361906700678,0.0010223361906700678,0 to 0.3
rs1007,GENE_20,0.253073147487531,0.253073147487531,0 to 0.3
rs1007,GENE_21,-0.16178177795583548,0.16178177795583548,-0.3 to 0
rs1007,GENE_22,-0.22778717260797623,0.22778717260797623,-0.3 to 0
rs1007,GENE_23,0.19330196986059306,0.19330196986059306,0 to 0.3
rs1007,GENE_24,0.098364944456828,0.098364944456828,0 to 0.3
rs1007,GENE_25,0.2621919019033363,0.2621919019033363,0 to 0.3
rs1007,GENE_26,0.2848309336318253,0.2848309336318253,0 to 0.3
rs1007,GENE_27,0.2715795975442472,0.2715795975442472,0 to 0.3
rs1007,GENE_28,-0.14239582316555727,0.14239582316555727,-0.3 to 0
rs1007,GENE_29,0.13527197160704615,0.13527197160704615,0 to 0.3
rs1007,GENE_30,-0.14420621864550445,0.14420621864550445,-0.3 to 0
rs1007,GENE_31,0.3488890804336829,0.3488890804336829,0.3 to 0.5
rs1007,GENE_32,-0.24962773539569055,0.24962773539569055,-0.3 to 0
rs1007,GENE_33,0.28100881416604667,0.28100881416604667,0 to 0.3
rs1007,GENE_34,-0.14003789460592977,0.14003789460592977,-0.3 to 0
rs1007,GENE_35,-0.24109974354007868,0.24109974354007868,-0.3 to 0
rs1007,GENE_36,-0.25582769807676164,0.25582769807676164,-0.3 to 0
rs1007,GENE_37,0.1874817885205691,0.1874817885205691,0 to 0.3
rs1007,GENE_38,0.02794221522484688,0.02794221522484688,0 to 0.3
rs1007,GENE_39,-0.2717482604419161,0.2717482604419161,-0.3 to 0
rs1007,GENE_40,-0.07545942004198122,0.07545942004198122,-0.3 to 0
rs1007,GENE_41,-0.2336468144796355,0.2336468144796355,-0.3 to 0
rs1007,GENE_42,0.2579698902886221,0.2579698902886221,0 to 0.3
rs1007,GENE_43,-0.14023939405089994,0.14023939405089994,-0.3 to 0
rs1007,GENE_44,0.19163457936858264,0.19163457936858264,0 to 0.3
rs1007,GENE_45,0.16254600031690566,0.16254600031690566,0 to 0.3
rs1007,GENE_46,-0.18749220655493756,0.18749220655493756,-0.3 to 0
rs1007,GENE_47,-0.06533346527812425,0.06533346527812425,-0.3 to 0
rs1007,GENE_48,-0.04192899753675196,0.04192899753675196,-0.3 to 0
rs1007,GENE_49,-0.0683941109541774,0.0683941109541774,-0.3 to 0
rs1007,GENE_50,0.1521008726123036,0.1521008726123036,0 to 0.3
rs1007,GENE_51,-0.10392533759710582,0.10392533759710582,-0.3 to 0
rs1007,GENE_52,-0.2069246282015511,0.2069246282015511,-0.3 to 0
rs1007,GENE_53,-0.052526637445470065,0.052526637445470065,-0.3 to 0
rs1007,GENE_54,0.18600340050507602,0.18600340050507602,0 to 0.3
rs1007,GENE_55,-0.1319729487682357,0.1319729487682357,-0.3 to 0
rs1007,GENE_56,-0.1251822738527152,0.1251822738527152,-0.3 to 0
rs1007,GENE_57,-0.16187622227631696,0.16187622227631696,-0.3 to 0
rs1007,GENE_58,0.041445777092442564,0.041445777092442564,0 to 0.3
rs1007,GENE_59,0.028240188504686157,0.028240188504686157,0 to 0.3
rs1007,GENE_60,-0.13188475227528246,0.13188475227528246,-0.3 to 0
rs1007,GENE_61,0.2788206294394121,0.2788206294394121,0 to 0.3
rs1007,GENE_62,-0.2752248712251988,0.2752248712251988,-0.3 to 0
rs1007,GENE_63,-0.20367163611016142,0.20367163611016142,-0.3 to 0
rs1007,GENE_64,0.21219148577416666,0.21219148577416666,0 to 0.3
rs1007,GENE_65,0.1627031502711247,0.1627031502711247,0 to 0.3
rs1007,GENE_66,0.21736726414273633,0.21736726414273633,0 to 0.3
rs1007,GENE_67,0.2246598421385432,0.2246598421385432,0 to 0.3
rs1007,GENE_68,0.14126602421849016,0.14126602421849016,0 to 0.3
rs1007,GENE_69,0.025519647590375172,0.025519647590375172,0 to 0.3
rs1007,GENE_70,-0.16265108624222618,0.16265108624222618,-0.3 to 0
rs1007,GENE_71,0.17812433940200537,0.17812433940200537,0 to 0.3
rs1007,GENE_72,0.23319573638676927,0.23319573638676927,0 to 0.3
rs1007,GENE_73,0.0008856292445904054,0.0008856292445904054,0 to 0.3
rs1007,GENE_74,-0.2523086520612275,0.2523086520612275,-0.3 to 0
rs1007,GENE_75,0.09897777487715072,0.09897777487715072,0 to 0.3
rs1007,GENE_76,0.05243584161307432,0.05243584161307432,0 to 0.3
rs1007,GENE_77,-0.17188806998975548,0.17188806998975548,-0.3 to 0
rs1007,GENE_78,-0.16025114838850824,0.16025114838850824,-0.3 to 0
rs1007,GENE_79,-0.18139458585411636,0.18139458585411636,-0.3 to 0
rs1007,GENE_80,0.42372607727245964,0.42372607727245964,0.3 to 0.5
rs1007,GENE_81,-0.06326682715740756,0.06326682715740756,-0.3 to 0
rs1007,GENE_82,-0.15947073933401962,0.15947073933401962,-0.3 to 0
rs1007,GENE_83,0.29615632119659435,0.29615632119659435,0 to 0.3
rs1007,GENE_84,0.3082199733907744,0.3082199733907744,0.3 to 0.5
rs1007,GENE_85,0.01749347075547351,0.01749347075547351,0 to 0.3
rs1007,GENE_86,-0.12624239282863198,0.12624239282863198,-0.3 to 0
rs1007,GENE_87,-0.2418041042168397,0.2418041042168397,-0.3 to 0
rs1007,GENE_88,-0.25962959569209837,0.25962959569209837,-0.3 to 0
rs1007,GENE_89,0.03783042609477433,0.03783042609477433,0 to 0.3
rs1007,GENE_90,-0.1901058207524844,0.1901058207524844,-0.3 to 0
rs1007,GENE_91,0.06331021942879744,0.06331021942879744,0 to 0.3
rs1007,GENE_92,-0.01533582644794636,0.01533582644794636,-0.3 to 0
rs1007,GENE_93,0.3492165119908347,0.3492165119908347,0.3 to 0.5
rs1007,GENE_94,-0.27655602168108695,0.27655602168108695,-0.3 to 0
rs1007,GENE_95,0.09321389365250701,0.09321389365250701,0 to 0.3
rs1007,GENE_96,0.1269122727326552,0.1269122727326552,0 to 0.3
rs1007,GENE_97,0.05505779161200437,0.05505779161200437,0 to 0.3
rs1007,GENE_98,0.23923466315667546,0.23923466315667546,0 to 0.3
rs1007,GENE_99,0.12673689082032855,0.12673689082032855,0 to 0.3
rs1007,GENE_100,0.1631791629253082,0.1631791629253082,0 to 0.3
rs1008,GENE_1,0.157117752344388,0.157117752344388,0 to 0.3
rs1008,GENE_2,0.11767912842993963,0.11767912842993963,0 to 0.3
rs1008,GENE_3,-0.016833913145924244,0.016833913145924244,-0.3 to 0
rs1008,GENE_4,-0.1235413953281838,0.1235413953281838,-0.3 to 0
rs1008,GENE_5,-0.0046469846457864025,0.0046469846457864025,-0.3 to 0
rs1008,GENE_6,0.12911602965350977,0.12911602965350977,0 to 0.3
rs1008,GENE_7,0.11095963117252286,0.11095963117252286,0 to 0.3
rs1008,GENE_8,0.10920306045868379,0.10920306045868379,0 to 0.3
rs1008,GENE_9,-0.07049562143968353,0.07049562143968353,-0.3 to 0
rs1008,GENE_10,0.17767042969409466,0.17767042969409466,0 to 0.3
rs1008,GENE_11,-0.03560229662826335,0.03560229662826335,-0.3 to 0
rs1008,GENE_12,0.03798439345043541,0.03798439345043541,0 to 0.3
rs1008,GENE_13,-0.060293777720527235,0.060293777720527235,-0.3 to 0
rs1008,GENE_14,0.10306188802219214,0.10306188802219214,0 to 0.3
rs1008,GENE_15,-0.10361939690715011,0.10361939690715011,-0.3 to 0
rs1008,GENE_16,-0.23665989752144853,0.23665989752144853,-0.3 to 0
rs1008,GENE_17,-0.18151433237056264,0.18151433237056264,-0.3 to 0
rs1008,GENE_18,0.050956160443284576,0.050956160443284576,0 to 0.3
rs1008,GENE_19,0.19277122688965403,0.19277122688965403,0 to 0.3
rs1008,GENE_20,-0.2597013374236834,0.2597013374236834,-0.3 to 0
rs1008,GENE_21,0.21467752114539831,0.21467752114539831,0 to 0.3
rs1008,GENE_22,-0.12030692375779216,0.12030692375779216,-0.3 to 0
rs1008,GENE_23,0.2406850406554814,0.2406850406554814,0 to 0.3
rs1008,GENE_24,0.30127483684870016,0.30127483684870016,0.3 to 0.5
rs1008,GENE_25,0.18463575822747114,0.18463575822747114,0 to 0.3
rs1008,GENE_26,-0.21140362910172558,0.21140362910172558,-0.3 to 0
rs1008,GENE_27,-0.21250500367784095,0.21250500367784095,-0.3 to 0
rs1008,GENE_28,-0.05555420337820728,0.05555420337820728,-0.3 to 0
rs1008,GENE_29,0.28614254693719376,0.28614254693719376,0 to 0.3
rs1008,GENE_30,-0.008745685055643108,0.008745685055643108,-0.3 to 0
rs1008,GENE_31,0.23539862589700247,0.23539862589700247,0 to 0.3
rs1008,GENE_32,-0.2219625421256278,0.2219625421256278,-0.3 to 0
rs1008,GENE_33,-0.30290444060893046,0.30290444060893046,-0.5 to -0.3
rs1008,GENE_34,-0.16177933745545559,0.16177933745545559,-0.3 to 0
rs1008,GENE_35,0.2088789792191725,0.2088789792191725,0 to 0.3
rs1008,GENE_36,-0.11824631300647769,0.11824631300647769,-0.3 to 0
rs1008,GENE_37,-0.11226642240995469,0.11226642240995469,-0.3 to 0
rs1008,GENE_38,0.05756552794161782,0.05756552794161782,0 to 0.3
rs1008,GENE_39,0.1710604121813606,0.1710604121813606,0 to 0.3
rs1008,GENE_40,-0.05631573446903519,0.05631573446903519,-0.3 to 0
rs1008,GENE_41,0.040457779351566005,0.040457779351566005,0 to 0.3
rs1008,GENE_42,0.21826634882051318,0.21826634882051318,0 to 0.3
rs1008,GENE_43,0.049587647070448514,0.049587647070448514,0 to 0.3
rs1008,GENE_44,-0.1516974060784928,0.1516974060784928,-0.3 to 0
rs1008,GENE_45,0.11407727953193805,0.11407727953193805,0 to 0.3
rs1008,GENE_46,0.21148090813857034,0.21148090813857034,0 to 0.3
rs1008,GENE_47,-0.07516334151669984,0.07516334151669984,-0.3 to 0
rs1008,GENE_48,0.44794504263621504,0.44794504263621504,0.3 to 0.5
rs1008,GENE_49,0.20162680506783975,0.20162680506783975,0 to 0.3
rs1008,GENE_50,-0.12801964002320454,0.12801964002320454,-0.3 to 0
rs1008,GENE_51,-0.053046561617813855,0.053046561617813855,-0.3 to 0
rs1008,GENE_52,-0.29587213117884836,0.29587213117884836,-0.3 to 0
rs1008,GENE_53,0.13584942836676536,0.13584942836676536,0 to 0.3
rs1008,GENE_54,-0.13322160115044343,0.13322160115044343,-0.3 to 0
rs1008,GENE_55,0.04077970260769053,0.04077970260769053,0 to 0.3
rs1008,GENE_56,-0.2242691697457209,0.2242691697457209,-0.3 to 0
rs1008,GENE_57,-0.20451549605126704,0.20451549605126704,-0.3 to 0
rs1008,GENE_58,0.07908103341391322,0.07908103341391322,0 to 0.3
rs1008,GENE_59,0.00644064986473645,0.00644064986473645,0 to 0.3
rs1008,GENE_60,0.028328222630897685,0.028328222630897685,0 to 0.3
rs1008,GENE_61,-0.16049095045406864,0.16049095045406864,-0.3 to 0
rs1008,GENE_62,0.14621754103731416,0.14621754103731416,0 to 0.3
rs1008,GENE_63,0.2852030026285999,0.2852030026285999,0 to 0.3
rs1008,GENE_64,-0.05180046583645468,0.05180046583645468,-0.3 to 0
rs1008,GENE_65,-0.24254273622785183,0.24254273622785183,-0.3 to 0
rs1008,GENE_66,0.09878912272090654,0.09878912272090654,0 to 0.3
rs1008,GENE_67,0.06368109859801431,0.06368109859801431,0 to 0.3
rs1008,GENE_68,-0.24065158636004827,0.24065158636004827,-0.3 to 0
rs1008,GENE_69,-0.17639965650766476,0.17639965650766476,-0.3 to 0
rs1008,GENE_70,-0.04305977731495248,0.04305977731495248,-0.3 to 0
rs1008,GENE_71,0.42489656658221714,0.42489656658221714,0.3 to 0.5
rs1008,GENE_72,0.16430290623814017,0.16430290623814017,0 to 0.3
rs1008,GENE_73,-0.013172459472738195,0.013172459472738195,-0.3 to 0
rs1008,GENE_74,0.16560119984974475,0.16560119984974475,0 to 0.3
rs1008,GENE_75,0.17938882892779717,0.17938882892779717,0 to 0.3
rs1008,GENE_76,0.12163325799021002,0.12163325799021002,0 to 0.3
rs1008,GENE_77,-0.2883505570349422,0.2883505570349422,-0.3 to 0
rs1008,GENE_78,0.021335062527465025,0.021335062527465025,0 to 0.3
rs1008,GENE_79,0.2568340841088543,0.2568340841088543,0 to 0.3
rs1008,GENE_80,-0.047211712970369496,0.047211712970369496,-0.3 to 0
rs1008,GENE_81,-0.02815646420149214,0.02815646420149214,-0.3 to 0
rs1008,GENE_82,-0.2016847278988556,0.2016847278988556,-0.3 to 0
rs1008,GENE_83,-0.2815670112055507,0.2815670112055507,-0.3 to 0
rs1008,GENE_84,0.06761031160300779,0.06761031160300779,0 to 0.3
rs1008,GENE_85,0.19059293531648683,0.19059293531648683,0 to 0.3
rs1008,GENE_86,0.13773401171325517,0.13773401171325517,0 to 0.3
rs1008,GENE_87,-0.2705558433814556,0.2705558433814556,-0.3 to 0
rs1008,GENE_88,0.13163248531258498,0.13163248531258498,0 to 0.3
rs1008,GENE_89,-0.17032242699861755,0.17032242699861755,-0.3 to 0
rs1008,GENE_90,0.22379596704725316,0.22379596704725316,0 to 0.3
rs1008,GENE_91,0.17917227233469118,0.17917227233469118,0 to 0.3
rs1008,GENE_92,0.06321063726011382,0.06321063726011382,0 to 0.3
rs1008,GENE_93,0.11989143689645745,0.11989143689645745,0 to 0.3
rs1008,GENE_94,0.06013823098737799,0.06013823098737799,0 to 0.3
rs1008,GENE_95,0.13556136149392872,0.13556136149392872,0 to 0.3
rs1008,GENE_96,0.26638113029314925,0.26638113029314925,0 to 0.3
rs1008,GENE_97,0.031492041224037384,0.031492041224037384,0 to 0.3
rs1008,GENE_98,0.15697172185986738,0.15697172185986738,0 to 0.3
rs1008,GENE_99,0.21235293113997208,0.21235293113997208,0 to 0.3
rs1008,GENE_100,-0.09773175909568517,0.09773175909568517,-0.3 to 0
rs1009,GENE_1,-0.010946388753781988,0.010946388753781988,-0.3 to 0
rs1009,GENE_2,0.08070376409648461,0.08070376409648461,0 to 0.3
rs1009,GENE_3,-0.16708399782145342,0.16708399782145342,-0.3 to 0
rs1009,GENE_4,-0.1049057510823827,0.1049057510823827,-0.3 to 0
rs1009,GENE_5,-0.37639889737577004,0.37639889737577004,-0.5 to -0.3
rs1009,GENE_6,0.13600241827337667,0.13600241827337667,0 to 0.3
rs1009,GENE_7,0.20805740830098865,0.20805740830098865,0 to 0.3
rs1009,GENE_8,-0.27143684786984396,0.27143684786984396,-0.3 to 0
rs1009,GENE_9,-0.21475054264096455,0.21475054264096455,-0.3 to 0
rs1009,GENE_10,-0.02616091677767754,0.02616091677767754,-0.3 to 0
rs1009,GENE_11,0.01262794461905754,0.01262794461905754,0 to 0.3
rs1009,GENE_12,0.12097683143298886,0.12097683143298886,0 to 0.3
rs1009,GENE_13,-0.15313913524422487,0.15313913524422487,-0.3 to 0
rs1009,GENE_14,0.13060207110755423,0.13060207110755423,0 to 0.3
rs1009,GENE_15,-0.10612359134279811,0.10612359134279811,-0.3 to 0
rs1009,GENE_16,-0.09339728479914906,0.09339728479914906,-0.3 to 0
rs1009,GENE_17,-0.0022544808487029314,0.0022544808487029314,-0.3 to 0
rs1009,GENE_18,-0.23706627060173327,0.23706627060173327,-0.3 to 0
rs1009,GENE_19,0.04293392143189698,0.04293392143189698,0 to 0.3
rs1009,GENE_20,0.35171362779622883,0.35171362779622883,0.3 to 0.5
rs1009,GENE_21,0.14226562846526694,0.14226562846526694,0 to 0.3
rs1009,GENE_22,0.05275740974333391,0.05275740974333391,0 to 0.3
rs1009,GENE_23,0.2093945181590673,0.2093945181590673,0 to 0.3
rs1009,GENE_24,0.36310093494426565,0.36310093494426565,0.3 to 0.5
rs1009,GENE_25,-0.02293493554985899,0.02293493554985899,-0.3 to 0
rs1009,GENE_26,0.02988284796276943,0.02988284796276943,0 to 0.3
rs1009,GENE_27,0.07842399636215454,0.07842399636215454,0 to 0.3
rs1009,GENE_28,-0.12207868820608594,0.12207868820608594,-0.3 to 0
rs1009,GENE_29,-0.3100770645989631,0.3100770645989631,-0.5 to -0.3
rs1009,GENE_30,-0.2567035746630774,0.2567035746630774,-0.3 to 0
rs1009,GENE_31,-0.03264418895427836,0.03264418895427836,-0.3 to 0
rs1009,GENE_32,-0.22894979539149485,0.22894979539149485,-0.3 to 0
rs1009,GENE_33,-0.19508923388860414,0.19508923388860414,-0.3 to 0
rs1009,GENE_34,0.1242850153842149,0.1242850153842149,0 to 0.3
rs1009,GENE_35,-0.18046419558879045,0.18046419558879045,-0.3 to 0
rs1009,GENE_36,-0.21811297426462345,0.21811297426462345,-0.3 to 0
rs1009,GENE_37,-0.13880931323862053,0.13880931323862053,-0.3 to 0
rs1009,GENE_38,-0.26352313435293445,0.26352313435293445,-0.3 to 0
rs1009,GENE_39,-0.11906339903496123,0.11906339903496123,-0.3 to 0
rs1009,GENE_40,-0.15554267700939708,0.15554267700939708,-0.3 to 0
rs1009,GENE_41,-0.12032945901589184,0.12032945901589184,-0.3 to 0
rs1009,GENE_42,-0.02417481190514226,0.02417481190514226,-0.3 to 0
rs1009,GENE_43,-0.29369128034353187,0.29369128034353187,-0.3 to 0
rs1009,GENE_44,0.14413353624216654,0.14413353624216654,0 to 0.3
rs1009,GENE_45,-0.10619192559271903,0.10619192559271903,-0.3 to 0
rs1009,GENE_46,0.04089209326019857,0.04089209326019857,0 to 0.3
rs1009,GENE_47,-0.2944170932758755,0.2944170932758755,-0.3 to 0
rs1009,GENE_48,0.2963046226467761,0.2963046226467761,0 to 0.3
rs1009,GENE_49,-0.23074236025875003,0.23074236025875003,-0.3 to 0
rs1009,GENE_50,0.30159873599192566,0.30159873599192566,0.3 to 0.5
rs1009,GENE_51,0.0774032212584529,0.0774032212584529,0 to 0.3
rs1009,GENE_52,-0.33563499744622527,0.33563499744622527,-0.5 to -0.3
rs1009,GENE_53,-0.16204832520656404,0.16204832520656404,-0.3 to 0
rs1009,GENE_54,0.050722165282326405,0.050722165282326405,0 to 0.3
rs1009,GENE_55,-0.002933151635224451,0.002933151635224451,-0.3 to 0
rs1009,GENE_56,0.008236608961562012,0.008236608961562012,0 to 0.3
rs1009,GENE_57,-0.2521361144147359,0.2521361144147359,-0.3 to 0
rs1009,GENE_58,0.08032259737975342,0.08032259737975342,0 to 0.3
rs1009,GENE_59,-0.2677794739944695,0.2677794739944695,-0.3 to 0
rs1009,GENE_60,-0.06427764363082757,0.06427764363082757,-0.3 to 0
rs1009,GENE_61,0.17077344097880764,0.17077344097880764,0 to 0.3
rs1009,GENE_62,-0.35139644764568795,0.35139644764568795,-0.5 to -0.3
rs1009,GENE_63,0.3065212508622317,0.3065212508622317,0.3 to 0.5
rs1009,GENE_64,0.32733052797365536,0.32733052797365536,0.3 to 0.5
rs1009,GENE_65,0.0315027602135482,0.0315027602135482,0 to 0.3
rs1009,GENE_66,0.47367628632634895,0.47367628632634895,0.3 to 0.5
rs1009,GENE_67,0.29521327428789046,0.29521327428789046,0 to 0.3
rs1009,GENE_68,-0.009613602022052421,0.009613602022052421,-0.3 to 0
rs1009,GENE_69,0.3449901546507992,0.3449901546507992,0.3 to 0.5
rs1009,GENE_70,-0.28683503930978804,0.28683503930978804,-0.3 to 0
rs1009,GENE_71,0.3131329385651208,0.3131329385651208,0.3 to 0.5
rs1009,GENE_72,0.3506882212589788,0.3506882212589788,0.3 to 0.5
rs1009,GENE_73,-0.03379671358960403,0.03379671358960403,-0.3 to 0
rs1009,GENE_74,-0.2853155771706044,0.2853155771706044,-0.3 to 0
rs1009,GENE_75,0.24216067525028262,0.24216067525028262,0 to 0.3
rs1009,GENE_76,0.13897110812538943,0.13897110812538943,0 to 0.3
rs1009,GENE_77,-0.29624590405714707,0.29624590405714707,-0.3 to 0
rs1009,GENE_78,-0.29730336800714424,0.29730336800714424,-0.3 to 0
rs1009,GENE_79,-0.025897357934990525,0.025897357934990525,-0.3 to 0
rs1009,GENE_80,-0.0700150614107651,0.0700150614107651,-0.3 to 0
rs1009,GENE_81,0.10008815162147636,0.10008815162147636,0 to 0.3
rs1009,GENE_82,-0.25880183341932095,0.25880183341932095,-0.3 to 0
rs1009,GENE_83,0.02966036905472722,0.02966036905472722,0 to 0.3
rs1009,GENE_84,0.022620617089424398,0.022620617089424398,0 to 0.3
rs1009,GENE_85,0.25060107642994206,0.25060107642994206,0 to 0.3
rs1009,GENE_86,-0.06928509878858047,0.06928509878858047,-0.3 to 0
rs1009,GENE_87,-0.17037084585836276,0.17037084585836276,-0.3 to 0
rs1009,GENE_88,0.18511470650126782,0.18511470650126782,0 to 0.3
rs1009,GENE_89,-0.004061191152152454,0.004061191152152454,-0.3 to 0
rs1009,GENE_90,0.1635101670457333,0.1635101670457333,0 to 0.3
rs1009,GENE_91,-0.17938438079622876,0.17938438079622876,-0.3 to 0
rs1009,GENE_92,0.11934710806228566,0.11934710806228566,0 to 0.3
rs1009,GENE_93,0.2502781524977862,0.2502781524977862,0 to 0.3
rs1009,GENE_94,0.10034440806895865,0.10034440806895865,0 to 0.3
rs1009,GENE_95,-0.13643387351311198,0.13643387351311198,-0.3 to 0
rs1009,GENE_96,0.2525402731581522,0.2525402731581522,0 to 0.3
rs1009,GENE_97,0.20078287068683487,0.20078287068683487,0 to 0.3
rs1009,GENE_98,-0.10267039008527562,0.10267039008527562,-0.3 to 0
rs1009,GENE_99,0.1256463811431946,0.1256463811431946,0 to 0.3
rs1009,GENE_100,0.04607250938189585,0.04607250938189585,0 to 0.3
rs1010,GENE_1,-0.050814057697177256,0.050814057697177256,-0.3 to 0
rs1010,GENE_2,-0.22954658965395575,0.22954658965395575,-0.3 to 0
rs1010,GENE_3,0.024344382015637128,0.024344382015637128,0 to 0.3
rs1010,GENE_4,0.2515960206185297,0.2515960206185297,0 to 0.3
rs1010,GENE_5,0.22072758734026002,0.22072758734026002,0 to 0.3
rs1010,GENE_6,-0.02367090970879351,0.02367090970879351,-0.3 to 0
rs1010,GENE_7,-0.01919479169140435,0.01919479169140435,-0.3 to 0
rs1010,GENE_8,-0.222082056908852,0.222082056908852,-0.3 to 0
rs1010,GENE_9,0.21419616206203035,0.21419616206203035,0 to 0.3
rs1010,GENE_10,-0.32311632683992664,0.32311632683992664,-0.5 to -0.3
rs1010,GENE_11,-0.011326570433827173,0.011326570433827173,-0.3 to 0
rs1010,GENE_12,0.21611667761502992,0.21611667761502992,0 to 0.3
rs1010,GENE_13,-0.32280847175442134,0.32280847175442134,-0.5 to -0.3
rs1010,GENE_14,-0.004603857351948893,0.004603857351948893,-0.3 to 0
rs1010,GENE_15,-0.1995570530814319,0.1995570530814319,-0.3 to 0
rs1010,GENE_16,0.1823199082033951,0.1823199082033951,0 to 0.3
rs1010,GENE_17,-0.04670985903931775,0.04670985903931775,-0.3 to 0
rs1010,GENE_18,0.09852177517162825,0.09852177517162825,0 to 0.3
rs1010,GENE_19,-0.03012700868995841,0.03012700868995841,-0.3 to 0
rs1010,GENE_20,-0.04896582904746469,0.04896582904746469,-0.3 to 0
rs1010,GENE_21,0.13534817863403686,0.13534817863403686,0 to 0.3
rs1010,GENE_22,-0.05765570707981922,0.05765570707981922,-0.3 to 0
rs1010,GENE_23,-0.12115099513585774,0.12115099513585774,-0.3 to 0
rs1010,GENE_24,-0.24853245323137924,0.24853245323137924,-0.3 to 0
rs1010,GENE_25,-0.16147468813160604,0.16147468813160604,-0.3 to 0
rs1010,GENE_26,-0.16610187360061263,0.16610187360061263,-0.3 to 0
rs1010,GENE_27,0.2918517363703019,0.2918517363703019,0 to 0.3
rs1010,GENE_28,-0.20925052714614115,0.20925052714614115,-0.3 to 0
rs1010,GENE_29,0.1837511809442573,0.1837511809442573,0 to 0.3
rs1010,GENE_30,-0.1576729294355036,0.1576729294355036,-0.3 to 0
rs1010,GENE_31,0.031196197374880424,0.031196197374880424,0 to 0.3
rs1010,GENE_32,0.031062578103522875,0.031062578103522875,0 to 0.3
rs1010,GENE_33,-0.17006061306097792,0.17006061306097792,-0.3 to 0
rs1010,GENE_34,-0.13944932241561028,0.13944932241561028,-0.3 to 0
rs1010,GENE_35,-0.25197178288330996,0.25197178288330996,-0.3 to 0
rs1010,GENE_36,0.3190998465507516,0.3190998465507516,0.3 to 0.5
rs1010,GENE_37,-0.03660806857018719,0.03660806857018719,-0.3 to 0
rs1010,GENE_38,-0.19556248450427582,0.19556248450427582,-0.3 to 0
rs1010,GENE_39,-0.025017748337498858,0.025017748337498858,-0.3 to 0
rs1010,GENE_40,0.11944599356911946,0.11944599356911946,0 to 0.3
rs1010,GENE_41,0.10293706223808463,0.10293706223808463,0 to 0.3
rs1010,GENE_42,0.03143738560938585,0.03143738560938585,0 to 0.3
rs1010,GENE_43,0.3928596884244097,0.3928596884244097,0.3 to 0.5
rs1010,GENE_44,-0.011749192056634748,0.011749192056634748,-0.3 to 0
rs1010,GENE_45,0.14769652005334585,0.14769652005334585,0 to 0.3
rs1010,GENE_46,0.02591985324626594,0.02591985324626594,0 to 0.3
rs1010,GENE_47,0.03912926920005896,0.03912926920005896,0 to 0.3
rs1010,GENE_48,-0.05890920631732566,0.05890920631732566,-0.3 to 0
rs1010,GENE_49,0.30504520927627543,0.30504520927627543,0.3 to 0.5
rs1010,GENE_50,-0.13225546537444738,0.13225546537444738,-0.3 to 0
rs1010,GENE_51,0.12488325413687891,0.12488325413687891,0 to 0.3
rs1010,GENE_52,0.2993669953909685,0.2993669953909685,0 to 0.3
rs1010,GENE_53,-0.06391073247059097,0.06391073247059097,-0.3 to 0
rs1010,GENE_54,-0.33368818255534105,0.33368818255534105,-0.5 to -0.3
rs1010,GENE_55,0.09258993078289378,0.09258993078289378,0 to 0.3
rs1010,GENE_56,0.026201016083882523,0.026201016083882523,0 to 0.3
rs1010,GENE_57,0.19963014648188823,0.19963014648188823,0 to 0.3
rs1010,GENE_58,-0.06577610719541947,0.06577610719541947,-0.3 to 0
rs1010,GENE_59,0.23190261094451967,0.23190261094451967,0 to 0.3
rs1010,GENE_60,0.29347500162622553,0.29347500162622553,0 to 0.3
rs1010,GENE_61,0.10484686843032959,0.10484686843032959,0 to 0.3
rs1010,GENE_62,0.02979993857650077,0.02979993857650077,0 to 0.3
rs1010,GENE_63,0.10009064046763648,0.10009064046763648,0 to 0.3
rs1010,GENE_64,-0.01710859456012337,0.01710859456012337,-0.3 to 0
rs1010,GENE_65,0.2530746107440571,0.2530746107440571,0 to 0.3
rs1010,GENE_66,0.04225871303206318,0.04225871303206318,0 to 0.3
rs1010,GENE_67,0.1327479368003804,0.1327479368003804,0 to 0.3
rs1010,GENE_68,0.23372335890177584,0.23372335890177584,0 to 0.3
rs1010,GENE_69,0.028083250598636287,0.028083250598636287,0 to 0.3
rs1010,GENE_70,0.1949787063152777,0.1949787063152777,0 to 0.3
rs1010,GENE_71,-0.09887522236008388,0.09887522236008388,-0.3 to 0
rs1010,GENE_72,-0.07129476505449943,0.07129476505449943,-0.3 to 0
rs1010,GENE_73,-0.017384366633177974,0.017384366633177974,-0.3 to 0
rs1010,GENE_74,-0.1605226096342178,0.1605226096342178,-0.3 to 0
rs1010,GENE_75,-0.027774642508389923,0.027774642508389923,-0.3 to 0
rs1010,GENE_76,-0.06017444167167428,0.06017444167167428,-0.3 to 0
rs1010,GENE_77,0.20921561170478883,0.20921561170478883,0 to 0.3
rs1010,GENE_78,0.2254143127546694,0.2254143127546694,0 to 0.3
rs1010,GENE_79,0.10854673350926491,0.10854673350926491,0 to 0.3
rs1010,GENE_80,-0.3251065600604622,0.3251065600604622,-0.5 to -0.3
rs1010,GENE_81,-0.11123177814975115,0.11123177814975115,-0.3 to 0
rs1010,GENE_82,0.08795350025769856,0.08795350025769856,0 to 0.3
rs1010,GENE_83,0.12724154809006882,0.12724154809006882,0 to 0.3
rs1010,GENE_84,0.024870471751580157,0.024870471751580157,0 to 0.3
rs1010,GENE_85,0.028975148394582775,0.028975148394582775,0 to 0.3
rs1010,GENE_86,-0.25178096903026287,0.25178096903026287,-0.3 to 0
rs1010,GENE_87,0.1708200687005825,0.1708200687005825,0 to 0.3
rs1010,GENE_88,-0.15067473910821846,0.15067473910821846,-0.3 to 0
rs1010,GENE_89,0.18358464990868942,0.18358464990868942,0 to 0.3
rs1010,GENE_90,-0.05682085816543571,0.05682085816543571,-0.3 to 0
rs1010,GENE_91,-0.012934486607612946,0.012934486607612946,-0.3 to 0
rs1010,GENE_92,0.17998052842723825,0.17998052842723825,0 to 0.3
rs1010,GENE_93,0.06146127588124908,0.06146127588124908,0 to 0.3
rs1010,GENE_94,0.08456460006259255,0.08456460006259255,0 to 0.3
rs1010,GENE_95,0.21919164651001485,0.21919164651001485,0 to 0.3
rs1010,GENE_96,0.2052292926579004,0.2052292926579004,0 to 0.3
rs1010,GENE_97,-0.019129433164014994,0.019129433164014994,-0.3 to 0
rs1010,GENE_98,0.07188048633767974,0.07188048633767974,0 to 0.3
rs1010,GENE_99,0.13275079574460447,0.13275079574460447,0 to 0.3
rs1010,GENE_100,0.19304313802201523,0.19304313802201523,0 to 0.3
rs1011,GENE_1,-0.24160754722307237,0.24160754722307237,-0.3 to 0
rs1011,GENE_2,-0.24148405325298802,0.24148405325298802,-0.3 to 0
rs1011,GENE_3,-0.11672594489182068,0.11672594489182068,-0.3 to 0
rs1011,GENE_4,-0.203557801605306,0.203557801605306,-0.3 to 0
rs1011,GENE_5,-0.32904716299027126,0.32904716299027126,-0.5 to -0.3
rs1011,GENE_6,-0.22657944401700958,0.22657944401700958,-0.3 to 0
rs1011,GENE_7,0.30342561307399174,0.30342561307399174,0.3 to 0.5
rs1011,GENE_8,-0.06602295956271166,0.06602295956271166,-0.3 to 0
rs1011,GENE_9,-0.18673543282162894,0.18673543282162894,-0.3 to 0
rs1011,GENE_10,0.20671402921550092,0.20671402921550092,0 to 0.3
rs1011,GENE_11,0.31487192720035967,0.31487192720035967,0.3 to 0.5
rs1011,GENE_12,0.07064573336692322,0.07064573336692322,0 to 0.3
rs1011,GENE_13,-0.03399996411681802,0.03399996411681802,-0.3 to 0
rs1011,GENE_14,-0.03749957992316359,0.03749957992316359,-0.3 to 0
rs1011,GENE_15,0.21128656368575782,0.21128656368575782,0 to 0.3
rs1011,GENE_16,0.10376621053191919,0.10376621053191919,0 to 0.3
rs1011,GENE_17,-0.29602161288392276,0.29602161288392276,-0.3 to 0
rs1011,GENE_18,-0.133554414374413,0.133554414374413,-0.3 to 0
rs1011,GENE_19,0.29254348370560795,0.29254348370560795,0 to 0.3
rs1011,GENE_20,0.3874549434395974,0.3874549434395974,0.3 to 0.5
rs1011,GENE_21,-0.23352145416309872,0.23352145416309872,-0.3 to 0
rs1011,GENE_22,0.016719419714261857,0.016719419714261857,0 to 0.3
rs1011,GENE_23,0.1634805309199904,0.1634805309199904,0 to 0.3
rs1011,GENE_24,-0.017598057020403114,0.017598057020403114,-0.3 to 0
rs1011,GENE_25,-0.17819120718883452,0.17819120718883452,-0.3 to 0
rs1011,GENE_26,0.2591258215453306,0.2591258215453306,0 to 0.3
rs1011,GENE_27,-0.12482177722183595,0.12482177722183595,-0.3 to 0
rs1011,GENE_28,0.1501174446522145,0.1501174446522145,0 to 0.3
rs1011,GENE_29,-0.4045951039862955,0.4045951039862955,-0.5 to -0.3
rs1011,GENE_30,-0.2705738516220652,0.2705738516220652,-0.3 to 0
rs1011,GENE_31,-0.06567281451315843,0.06567281451315843,-0.3 to 0
rs1011,GENE_32,-0.024888525598884055,0.024888525598884055,-0.3 to 0
rs1011,GENE_33,0.057598813891902065,0.057598813891902065,0 to 0.3
rs1011,GENE_34,-0.004343982541815985,0.004343982541815985,-0.3 to 0
rs1011,GENE_35,0.0925333500065075,0.0925333500065075,0 to 0.3
rs1011,GENE_36,-0.1631366769751414,0.1631366769751414,-0.3 to 0
rs1011,GENE_37,-0.14572785316483408,0.14572785316483408,-0.3 to 0
rs1011,GENE_38,-0.11448181936098158,0.11448181936098158,-0.3 to 0
rs1011,GENE_39,0.18403739168087638,0.18403739168087638,0 to 0.3
rs1011,GENE_40,-0.17562314257832007,0.17562314257832007,-0.3 to 0
rs1011,GENE_41,-0.09094592072072007,0.09094592072072007,-0.3 to 0
rs1011,GENE_42,-0.16160299925485502,0.16160299925485502,-0.3 to 0
rs1011,GENE_43,-0.2364737048566954,0.2364737048566954,-0.3 to 0
rs1011,GENE_44,0.16828934870290901,0.16828934870290901,0 to 0.3
rs1011,GENE_45,-0.1838385126188363,0.1838385126188363,-0.3 to 0
rs1011,GENE_46,-0.0440881057601316,0.0440881057601316,-0.3 to 0
rs1011,GENE_47,-0.17657627987618643,0.17657627987618643,-0.3 to 0
rs1011,GENE_48,-0.2708202435698799,0.2708202435698799,-0.3 to 0
rs1011,GENE_49,-0.1423914634145361,0.1423914634145361,-0.3 to 0
rs1011,GENE_50,-0.06488095497095572,0.06488095497095572,-0.3 to 0
rs1011,GENE_51,0.2562580556903462,0.2562580556903462,0 to 0.3
rs1011,GENE_52,-0.2136187483175587,0.2136187483175587,-0.3 to 0
rs1011,GENE_53,0.0802328121739589,0.0802328121739589,0 to 0.3
rs1011,GENE_54,-0.19304381299647758,0.19304381299647758,-0.3 to 0
rs1011,GENE_55,-0.07707634020011735,0.07707634020011735,-0.3 to 0
rs1011,GENE_56,-0.17939299721590937,0.17939299721590937,-0.3 to 0
rs1011,GENE_57,-0.17725983203000747,0.17725983203000747,-0.3 to 0
rs1011,GENE_58,0.1774747679126279,0.1774747679126279,0 to 0.3
rs1011,GENE_59,-0.21542455849755787,0.21542455849755787,-0.3 to 0
rs1011,GENE_60,0.06691322711415185,0.06691322711415185,0 to 0.3
rs1011,GENE_61,0.31798016421495484,0.31798016421495484,0.3 to 0.5
rs1011,GENE_62,-0.2646622475569196,0.2646622475569196,-0.3 to 0
rs1011,GENE_63,-0.02011273051554267,0.02011273051554267,-0.3 to 0
rs1011,GENE_64,0.08798252533877642,0.08798252533877642,0 to 0.3
rs1011,GENE_65,-0.13662073326113194,0.13662073326113194,-0.3 to 0
rs1011,GENE_66,0.33608755229695,0.33608755229695,0.3 to 0.5
rs1011,GENE_67,0.44258930803608737,0.44258930803608737,0.3 to 0.5
rs1011,GENE_68,-0.2131371681367903,0.2131371681367903,-0.3 to 0
rs1011,GENE_69,0.22982194415348453,0.22982194415348453,0 to 0.3
rs1011,GENE_70,-0.21913693565866696,0.21913693565866696,-0.3 to 0
rs1011,GENE_71,0.15015349402359252,0.15015349402359252,0 to 0.3
rs1011,GENE_72,0.24554202190015836,0.24554202190015836,0 to 0.3
rs1011,GENE_73,-0.15564667710882002,0.15564667710882002,-0.3 to 0
rs1011,GENE_74,-0.009429816623381677,0.009429816623381677,-0.3 to 0
rs1011,GENE_75,0.07896248460470452,0.07896248460470452,0 to 0.3
rs1011,GENE_76,0.25208182949680386,0.25208182949680386,0 to 0.3
rs1011,GENE_77,-0.16039439307580405,0.16039439307580405,-0.3 to 0
rs1011,GENE_78,-0.1724158910828233,0.1724158910828233,-0.3 to 0
rs1011,GENE_79,0.10817539368109134,0.10817539368109134,0 to 0.3
rs1011,GENE_80,0.3235617447282041,0.3235617447282041,0.3 to 0.5
rs1011,GENE_81,0.17294364699010065,0.17294364699010065,0 to 0.3
rs1011,GENE_82,-0.08256415482680882,0.08256415482680882,-0.3 to 0
rs1011,GENE_83,-0.17114586973465054,0.17114586973465054,-0.3 to 0
rs1011,GENE_84,0.011378455532301147,0.011378455532301147,0 to 0.3
rs1011,GENE_85,-0.06619603307665024,0.06619603307665024,-0.3 to 0
rs1011,GENE_86,-0.18919460161166737,0.18919460161166737,-0.3 to 0
rs1011,GENE_87,-0.06589402309183115,0.06589402309183115,-0.3 to 0
rs1011,GENE_88,-0.22105750336325847,0.22105750336325847,-0.3 to 0
rs1011,GENE_89,-0.07368414056957308,0.07368414056957308,-0.3 to 0
rs1011,GENE_90,-0.27546988391877003,0.27546988391877003,-0.3 to 0
rs1011,GENE_91,-0.1154307332774102,0.1154307332774102,-0.3 to 0
rs1011,GENE_92,0.4021766468489168,0.4021766468489168,0.3 to 0.5
rs1011,GENE_93,0.16319753414091703,0.16319753414091703,0 to 0.3
rs1011,GENE_94,0.07737284552448141,0.07737284552448141,0 to 0.3
rs1011,GENE_95,-0.1590961410866558,0.1590961410866558,-0.3 to 0
rs1011,GENE_96,0.33997606791005447,0.33997606791005447,0.3 to 0.5
rs1011,GENE_97,0.1662291168648061,0.1662291168648061,0 to 0.3
rs1011,GENE_98,0.06972034147703486,0.06972034147703486,0 to 0.3
rs1011,GENE_99,0.25473439688308575,0.25473439688308575,0 to 0.3
rs1011,GENE_100,0.016510245925040055,0.016510245925040055,0 to 0.3
rs1012,GENE_1,-0.06580134486345308,0.06580134486345308,-0.3 to 0
rs1012,GENE_2,0.07823301027143693,0.07823301027143693,0 to 0.3
rs1012,GENE_3,-0.3040626823696341,0.3040626823696341,-0.5 to -0.3
rs1012,GENE_4,0.022865817225808296,0.022865817225808296,0 to 0.3
rs1012,GENE_5,-0.021061747859820835,0.021061747859820835,-0.3 to 0
rs1012,GENE_6,-0.02918638083367556,0.02918638083367556,-0.3 to 0
rs1012,GENE_7,-0.2547686013791184,0.2547686013791184,-0.3 to 0
rs1012,GENE_8,-0.1113097874900206,0.1113097874900206,-0.3 to 0
rs1012,GENE_9,0.003929985066285534,0.003929985066285534,0 to 0.3
rs1012,GENE_10,-0.1405784545213922,0.1405784545213922,-0.3 to 0
rs1012,GENE_11,-0.008818302756708663,0.008818302756708663,-0.3 to 0
rs1012,GENE_12,-0.0087447966333081,0.0087447966333081,-0.3 to 0
rs1012,GENE_13,-0.25676161229826405,0.25676161229826405,-0.3 to 0
rs1012,GENE_14,-0.15259386718061896,0.15259386718061896,-0.3 to 0
rs1012,GENE_15,-0.15048387907405816,0.15048387907405816,-0.3 to 0
rs1012,GENE_16,-0.22173278515843184,0.22173278515843184,-0.3 to 0
rs1012,GENE_17,-0.04348679639153884,0.04348679639153884,-0.3 to 0
rs1012,GENE_18,0.2653918908643745,0.2653918908643745,0 to 0.3
rs1012,GENE_19,-0.04766436377298437,0.04766436377298437,-0.3 to 0
rs1012,GENE_20,0.2757874381291838,0.2757874381291838,0 to 0.3
rs1012,GENE_21,0.1222841211022627,0.1222841211022627,0 to 0.3
rs1012,GENE_22,0.12429015291360268,0.12429015291360268,0 to 0.3
rs1012,GENE_23,-0.19227701767747707,0.19227701767747707,-0.3 to 0
rs1012,GENE_24,0.12678683493517004,0.12678683493517004,0 to 0.3
rs1012,GENE_25,-0.05221010831735238,0.05221010831735238,-0.3 to 0
rs1012,GENE_26,0.281571316962036,0.281571316962036,0 to 0.3
rs1012,GENE_27,-0.21459668566843526,0.21459668566843526,-0.3 to 0
rs1012,GENE_28,0.2930696477130813,0.2930696477130813,0 to 0.3
rs1012,GENE_29,-0.19503142894556297,0.19503142894556297,-0.3 to 0
rs1012,GENE_30,0.25860545033964955,0.25860545033964955,0 to 0.3
rs1012,GENE_31,0.16707476375806196,0.16707476375806196,0 to 0.3
rs1012,GENE_32,0.17355326280717112,0.17355326280717112,0 to 0.3
rs1012,GENE_33,-0.3556830040741497,0.3556830040741497,-0.5 to -0.3
rs1012,GENE_34,0.11313394619572223,0.11313394619572223,0 to 0.3
rs1012,GENE_35,0.23198924593008904,0.23198924593008904,0 to 0.3
rs1012,GENE_36,0.16434387701160538,0.16434387701160538,0 to 0.3
rs1012,GENE_37,-0.13422199357705925,0.13422199357705925,-0.3 to 0
rs1012,GENE_38,0.08462723999353598,0.08462723999353598,0 to 0.3
rs1012,GENE_39,0.39955070639280477,0.39955070639280477,0.3 to 0.5
rs1012,GENE_40,-0.18502486218976116,0.18502486218976116,-0.3 to 0
rs1012,GENE_41,0.44407353353328716,0.44407353353328716,0.3 to 0.5
rs1012,GENE_42,-0.3044568671132741,0.3044568671132741,-0.5 to -0.3
rs1012,GENE_43,0.16565352059741797,0.16565352059741797,0 to 0.3
rs1012,GENE_44,0.17079916239976017,0.17079916239976017,0 to 0.3
rs1012,GENE_45,-0.2616869968513381,0.2616869968513381,-0.3 to 0
rs1012,GENE_46,-0.15687279885751038,0.15687279885751038,-0.3 to 0
rs1012,GENE_47,-0.2938131345841241,0.2938131345841241,-0.3 to 0
rs1012,GENE_48,-0.043449955675411905,0.043449955675411905,-0.3 to 0
rs1012,GENE_49,0.03232706757592332,0.03232706757592332,0 to 0.3
rs1012,GENE_50,-0.2612774931844981,0.2612774931844981,-0.3 to 0
rs1012,GENE_51,0.27934114507579194,0.27934114507579194,0 to 0.3
rs1012,GENE_52,-0.05370283064128019,0.05370283064128019,-0.3 to 0
rs1012,GENE_53,-0.16364984576245892,0.16364984576245892,-0.3 to 0
rs1012,GENE_54,-0.24993548899813262,0.24993548899813262,-0.3 to 0
rs1012,GENE_55,0.30654683002283367,0.30654683002283367,0.3 to 0.5
rs1012,GENE_56,-0.03367195846288198,0.03367195846288198,-0.3 to 0
rs1012,GENE_57,-0.17125005586796585,0.17125005586796585,-0.3 to 0
rs1012,GENE_58,0.04536235954489084,0.04536235954489084,0 to 0.3
rs1012,GENE_59,-0.17327509801166363,0.17327509801166363,-0.3 to 0
rs1012,GENE_60,0.11791662104616984,0.11791662104616984,0 to 0.3
rs1012,GENE_61,-0.11992739611923355,0.11992739611923355,-0.3 to 0
rs1012,GENE_62,0.04628054179863266,0.04628054179863266,0 to 0.3
rs1012,GENE_63,0.16459246249069442,0.16459246249069442,0 to 0.3
rs1012,GENE_64,-0.016365471744449665,0.016365471744449665,-0.3 to 0
rs1012,GENE_65,-0.24734164232969855,0.24734164232969855,-0.3 to 0
rs1012,GENE_66,0.0919541053352484,0.0919541053352484,0 to 0.3
rs1012,GENE_67,0.09032096580992022,0.09032096580992022,0 to 0.3
rs1012,GENE_68,-0.2369421033946406,0.2369421033946406,-0.3 to 0
rs1012,GENE_69,0.18422183720309374,0.18422183720309374,0 to 0.3
rs1012,GENE_70,0.054964428733790656,0.054964428733790656,0 to 0.3
rs1012,GENE_71,-0.22282880625108653,0.22282880625108653,-0.3 to 0
rs1012,GENE_72,-0.2043043311396241,0.2043043311396241,-0.3 to 0
rs1012,GENE_73,0.1308923031043292,0.1308923031043292,0 to 0.3
rs1012,GENE_74,0.20452719066165748,0.20452719066165748,0 to 0.3
rs1012,GENE_75,-0.13933181125147412,0.13933181125147412,-0.3 to 0
rs1012,GENE_76,0.1594999154726762,0.1594999154726762,0 to 0.3
rs1012,GENE_77,-0.08347285847665585,0.08347285847665585,-0.3 to 0
rs1012,GENE_78,-0.13763859362473319,0.13763859362473319,-0.3 to 0
rs1012,GENE_79,0.008771833939530845,0.008771833939530845,0 to 0.3
rs1012,GENE_80,-0.11492424184209737,0.11492424184209737,-0.3 to 0
rs1012,GENE_81,0.06653667620445856,0.06653667620445856,0 to 0.3
rs1012,GENE_82,0.23545177466559256,0.23545177466559256,0 to 0.3
rs1012,GENE_83,-0.27181383443855867,0.27181383443855867,-0.3 to 0
rs1012,GENE_84,-0.5292995467024398,0.5292995467024398,-0.7 to -0.5
rs1012,GENE_85,0.07156722469721608,0.07156722469721608,0 to 0.3
rs1012,GENE_86,0.285284251702884,0.285284251702884,0 to 0.3
rs1012,GENE_87,-0.11215909737996507,0.11215909737996507,-0.3 to 0
rs1012,GENE_88,-0.06125843696708,0.06125843696708,-0.3 to 0
rs1012,GENE_89,0.22583820904365937,0.22583820904365937,0 to 0.3
rs1012,GENE_90,-0.08725834701454063,0.08725834701454063,-0.3 to 0
rs1012,GENE_91,-0.13453875863502146,0.13453875863502146,-0.3 to 0
rs1012,GENE_92,0.12687878538731207,0.12687878538731207,0 to 0.3
rs1012,GENE_93,0.11379514353984008,0.11379514353984008,0 to 0.3
rs1012,GENE_94,0.37143001606279297,0.37143001606279297,0.3 to 0.5
rs1012,GENE_95,0.10973569095771488,0.10973569095771488,0 to 0.3
rs1012,GENE_96,0.2353501354228506,0.2353501354228506,0 to 0.3
rs1012,GENE_97,0.37873671346088955,0.37873671346088955,0.3 to 0.5
rs1012,GENE_98,-0.2617333269948642,0.2617333269948642,-0.3 to 0
rs1012,GENE_99,-0.28568014743613235,0.28568014743613235,-0.3 to 0
rs1012,GENE_100,-0.18259737478841143,0.18259737478841143,-0.3 to 0
rs1013,GENE_1,-0.16114029948514758,0.16114029948514758,-0.3 to 0
rs1013,GENE_2,-0.023707196194392238,0.023707196194392238,-0.3 to 0
rs1013,GENE_3,-0.2918902997333919,0.2918902997333919,-0.3 to 0
rs1013,GENE_4,0.05853978160082779,0.05853978160082779,0 to 0.3
rs1013,GENE_5,0.1080012635416979,0.1080012635416979,0 to 0.3
rs1013,GENE_6,0.5026893294489665,0.5026893294489665,0.5 to 0.7
rs1013,GENE_7,-0.0469878289142065,0.0469878289142065,-0.3 to 0
rs1013,GENE_8,-0.41543878879710167,0.41543878879710167,-0.5 to -0.3
rs1013,GENE_9,0.26638315614547925,0.26638315614547925,0 to 0.3
rs1013,GENE_10,-0.3756857405112429,0.3756857405112429,-0.5 to -0.3
rs1013,GENE_11,-0.3263567686849798,0.3263567686849798,-0.5 to -0.3
rs1013,GENE_12,0.16872001234532738,0.16872001234532738,0 to 0.3
rs1013,GENE_13,0.16846859196747374,0.16846859196747374,0 to 0.3
rs1013,GENE_14,-0.018416789377879435,0.018416789377879435,-0.3 to 0
rs1013,GENE_15,-0.4290008667383688,0.4290008667383688,-0.5 to -0.3
rs1013,GENE_16,-0.20065637887069118,0.20065637887069118,-0.3 to 0
rs1013,GENE_17,0.3200893248609824,0.3200893248609824,0.3 to 0.5
rs1013,GENE_18,-0.18536966239238326,0.18536966239238326,-0.3 to 0
rs1013,GENE_19,-0.06535323018259165,0.06535323018259165,-0.3 to 0
rs1013,GENE_20,0.013070410420099642,0.013070410420099642,0 to 0.3
rs1013,GENE_21,0.20966484451942197,0.20966484451942197,0 to 0.3
rs1013,GENE_22,0.3639032377224808,0.3639032377224808,0.3 to 0.5
rs1013,GENE_23,-0.0470927025776892,0.0470927025776892,-0.3 to 0
rs1013,GENE_24,-0.025343430994209843,0.025343430994209843,-0.3 to 0
rs1013,GENE_25,0.07404797514034463,0.07404797514034463,0 to 0.3
rs1013,GENE_26,-0.2567972796233893,0.2567972796233893,-0.3 to 0
rs1013,GENE_27,-0.06281251159881249,0.06281251159881249,-0.3 to 0
rs1013,GENE_28,0.22090799316848056,0.22090799316848056,0 to 0.3
rs1013,GENE_29,-0.01779152449898254,0.01779152449898254,-0.3 to 0
rs1013,GENE_30,-0.11376112562527804,0.11376112562527804,-0.3 to 0
rs1013,GENE_31,-0.06570845583909739,0.06570845583909739,-0.3 to 0
rs1013,GENE_32,-0.09633458035324012,0.09633458035324012,-0.3 to 0
rs1013,GENE_33,-0.18337755819810284,0.18337755819810284,-0.3 to 0
rs1013,GENE_34,0.20693424522939557,0.20693424522939557,0 to 0.3
rs1013,GENE_35,0.24761307071461966,0.24761307071461966,0 to 0.3
rs1013,GENE_36,0.057031574346454554,0.057031574346454554,0 to 0.3
rs1013,GENE_37,0.0036083283570990565,0.0036083283570990565,0 to 0.3
rs1013,GENE_38,-0.22955810577611369,0.22955810577611369,-0.3 to 0
rs1013,GENE_39,0.25112153398399456,0.25112153398399456,0 to 0.3
rs1013,GENE_40,0.27895830653837334,0.27895830653837334,0 to 0.3
rs1013,GENE_41,0.0663856765203309,0.0663856765203309,0 to 0.3
rs1013,GENE_42,0.2184550359498879,0.2184550359498879,0 to 0.3
rs1013,GENE_43,-0.03284039456814372,0.03284039456814372,-0.3 to 0
rs1013,GENE_44,0.008414302976185888,0.008414302976185888,0 to 0.3
rs1013,GENE_45,0.09925745171412663,0.09925745171412663,0 to 0.3
rs1013,GENE_46,-0.1584659814511503,0.1584659814511503,-0.3 to 0
rs1013,GENE_47,-0.2968444131199859,0.2968444131199859,-0.3 to 0
rs1013,GENE_48,0.14851279801088596,0.14851279801088596,0 to 0.3
rs1013,GENE_49,0.04462469128773834,0.04462469128773834,0 to 0.3
rs1013,GENE_50,0.3107604518547229,0.3107604518547229,0.3 to 0.5
rs1013,GENE_51,0.24576307369133074,0.24576307369133074,0 to 0.3
rs1013,GENE_52,0.0025655056414803307,0.0025655056414803307,0 to 0.3
rs1013,GENE_53,0.19774508157164072,0.19774508157164072,0 to 0.3
rs1013,GENE_54,0.03994884021595647,0.03994884021595647,0 to 0.3
rs1013,GENE_55,0.11567079813208735,0.11567079813208735,0 to 0.3
rs1013,GENE_56,0.07394486544564634,0.07394486544564634,0 to 0.3
rs1013,GENE_57,-0.18847888369100713,0.18847888369100713,-0.3 to 0
rs1013,GENE_58,-0.07436732738278472,0.07436732738278472,-0.3 to 0
rs1013,GENE_59,-0.05505936179730892,0.05505936179730892,-0.3 to 0
rs1013,GENE_60,0.31622435814428096,0.31622435814428096,0.3 to 0.5
rs1013,GENE_61,-0.006708558273966172,0.006708558273966172,-0.3 to 0
rs1013,GENE_62,0.3227677173005187,0.3227677173005187,0.3 to 0.5
rs1013,GENE_63,0.21995285266642214,0.21995285266642214,0 to 0.3
rs1013,GENE_64,0.09994107197622377,0.09994107197622377,0 to 0.3
rs1013,GENE_65,-0.04956660113818657,0.04956660113818657,-0.3 to 0
rs1013,GENE_66,0.05971944566798824,0.05971944566798824,0 to 0.3
rs1013,GENE_67,-0.0380198152207501,0.0380198152207501,-0.3 to 0
rs1013,GENE_68,-0.03269289816417796,0.03269289816417796,-0.3 to 0
rs1013,GENE_69,0.023148247976387266,0.023148247976387266,0 to 0.3
rs1013,GENE_70,0.005169490246976888,0.005169490246976888,0 to 0.3
rs1013,GENE_71,0.012586327098203343,0.012586327098203343,0 to 0.3
rs1013,GENE_72,-6.458703665170653e-05,6.458703665170653e-05,-0.3 to 0
rs1013,GENE_73,0.019718223663214154,0.019718223663214154,0 to 0.3
rs1013,GENE_74,0.2990485405523736,0.2990485405523736,0 to 0.3
rs1013,GENE_75,0.132727737291186,0.132727737291186,0 to 0.3
rs1013,GENE_76,0.23550542645814676,0.23550542645814676,0 to 0.3
rs1013,GENE_77,-0.09122961655974383,0.09122961655974383,-0.3 to 0
rs1013,GENE_78,0.13738107194258742,0.13738107194258742,0 to 0.3
rs1013,GENE_79,0.08952985220706912,0.08952985220706912,0 to 0.3
rs1013,GENE_80,-0.40212324441263037,0.40212324441263037,-0.5 to -0.3
rs1013,GENE_81,-0.21289448516804194,0.21289448516804194,-0.3 to 0
rs1013,GENE_82,-0.1942409829777,0.1942409829777,-0.3 to 0
rs1013,GENE_83,-0.042587336583679934,0.042587336583679934,-0.3 to 0
rs1013,GENE_84,-0.22453025169883836,0.22453025169883836,-0.3 to 0
rs1013,GENE_85,-0.19208276608200514,0.19208276608200514,-0.3 to 0
rs1013,GENE_86,-0.18419518094216067,0.18419518094216067,-0.3 to 0
rs1013,GENE_87,0.0012667357295762557,0.0012667357295762557,0 to 0.3
rs1013,GENE_88,-0.07194198474204096,0.07194198474204096,-0.3 to 0
rs1013,GENE_89,0.22469363640992412,0.22469363640992412,0 to 0.3
rs1013,GENE_90,-0.005821810221243656,0.005821810221243656,-0.3 to 0
rs1013,GENE_91,-0.022089479896305435,0.022089479896305435,-0.3 to 0
rs1013,GENE_92,-0.005107011585356341,0.005107011585356341,-0.3 to 0
rs1013,GENE_93,-0.13843899862379946,0.13843899862379946,-0.3 to 0
rs1013,GENE_94,0.4073542926817282,0.4073542926817282,0.3 to 0.5
rs1013,GENE_95,-0.24791176684533742,0.24791176684533742,-0.3 to 0
rs1013,GENE_96,0.12929227314190375,0.12929227314190375,0 to 0.3
rs1013,GENE_97,0.14539938426576643,0.14539938426576643,0 to 0.3
rs1013,GENE_98,0.06189958464195815,0.06189958464195815,0 to 0.3
rs1013,GENE_99,-0.16016586150094173,0.16016586150094173,-0.3 to 0
rs1013,GENE_100,0.03873992698292402,0.03873992698292402,0 to 0.3
rs1014,GENE_1,-0.26332796683189225,0.26332796683189225,-0.3 to 0
rs1014,GENE_2,-0.04852770161466071,0.04852770161466071,-0.3 to 0
rs1014,GENE_3,0.20430647231313076,0.20430647231313076,0 to 0.3
rs1014,GENE_4,0.13946603468384414,0.13946603468384414,0 to 0.3
rs1014,GENE_5,-0.1311050013866765,0.1311050013866765,-0.3 to 0
rs1014,GENE_6,0.03191191761324671,0.03191191761324671,0 to 0.3
rs1014,GENE_7,-0.05438330602728479,0.05438330602728479,-0.3 to 0
rs1014,GENE_8,-0.20188500590577185,0.20188500590577185,-0.3 to 0
rs1014,GENE_9,-0.13507589247294946,0.13507589247294946,-0.3 to 0
rs1014,GENE_10,0.10485300140578628,0.10485300140578628,0 to 0.3
rs1014,GENE_11,-0.3082084037689147,0.3082084037689147,-0.5 to -0.3
rs1014,GENE_12,-0.43084730896797085,0.43084730896797085,-0.5 to -0.3
rs1014,GENE_13,0.18506070743273578,0.18506070743273578,0 to 0.3
rs1014,GENE_14,0.05521193198717915,0.05521193198717915,0 to 0.3
rs1014,GENE_15,0.11561387569228304,0.11561387569228304,0 to 0.3
rs1014,GENE_16,-0.20916679243924471,0.20916679243924471,-0.3 to 0
rs1014,GENE_17,-0.16599157483978758,0.16599157483978758,-0.3 to 0
rs1014,GENE_18,-0.09195822439906226,0.09195822439906226,-0.3 to 0
rs1014,GENE_19,0.173769814048898,0.173769814048898,0 to 0.3
rs1014,GENE_20,0.052978548919084774,0.052978548919084774,0 to 0.3
rs1014,GENE_21,0.11162621843908452,0.11162621843908452,0 to 0.3
rs1014,GENE_22,-0.18585648915445854,0.18585648915445854,-0.3 to 0
rs1014,GENE_23,-0.07669492183852772,0.07669492183852772,-0.3 to 0
rs1014,GENE_24,-0.027201200773831993,0.027201200773831993,-0.3 to 0
rs1014,GENE_25,-0.12103848764469603,0.12103848764469603,-0.3 to 0
rs1014,GENE_26,-0.017556538177277568,0.017556538177277568,-0.3 to 0
rs1014,GENE_27,-0.1518023019707722,0.1518023019707722,-0.3 to 0
rs1014,GENE_28,0.24694132543719,0.24694132543719,0 to 0.3
rs1014,GENE_29,-0.12971904454568733,0.12971904454568733,-0.3 to 0
rs1014,GENE_30,0.1385846747325701,0.1385846747325701,0 to 0.3
rs1014,GENE_31,-0.11178362967865031,0.11178362967865031,-0.3 to 0
rs1014,GENE_32,-0.07716473685592444,0.07716473685592444,-0.3 to 0
rs1014,GENE_33,-0.007253245067531549,0.007253245067531549,-0.3 to 0
rs1014,GENE_34,-0.15194031587420273,0.15194031587420273,-0.3 to 0
rs1014,GENE_35,0.29783792915954815,0.29783792915954815,0 to 0.3
rs1014,GENE_36,-0.028290361307664436,0.028290361307664436,-0.3 to 0
rs1014,GENE_37,-0.3708983470321745,0.3708983470321745,-0.5 to -0.3
rs1014,GENE_38,-0.2476679710633704,0.2476679710633704,-0.3 to 0
rs1014,GENE_39,0.11016345255912313,0.11016345255912313,0 to 0.3
rs1014,GENE_40,0.06695567473917763,0.06695567473917763,0 to 0.3
rs1014,GENE_41,-0.20128947472818232,0.20128947472818232,-0.3 to 0
rs1014,GENE_42,0.17775248423794907,0.17775248423794907,0 to 0.3
rs1014,GENE_43,-0.11272953852493126,0.11272953852493126,-0.3 to 0
rs1014,GENE_44,0.1138046339899675,0.1138046339899675,0 to 0.3
rs1014,GENE_45,0.12005020288406572,0.12005020288406572,0 to 0.3
rs1014,GENE_46,0.11809929246828224,0.11809929246828224,0 to 0.3
rs1014,GENE_47,0.22379116293903822,0.22379116293903822,0 to 0.3
rs1014,GENE_48,0.22827491098459732,0.22827491098459732,0 to 0.3
rs1014,GENE_49,-0.16048272056878707,0.16048272056878707,-0.3 to 0
rs1014,GENE_50,0.24310326682809316,0.24310326682809316,0 to 0.3
rs1014,GENE_51,-0.11318795136445797,0.11318795136445797,-0.3 to 0
rs1014,GENE_52,-0.17124805856564002,0.17124805856564002,-0.3 to 0
rs1014,GENE_53,0.25205531501470374,0.25205531501470374,0 to 0.3
rs1014,GENE_54,-0.03284363939080864,0.03284363939080864,-0.3 to 0
rs1014,GENE_55,0.07065545352408362,0.07065545352408362,0 to 0.3
rs1014,GENE_56,0.3134752058391248,0.3134752058391248,0.3 to 0.5
rs1014,GENE_57,0.23175493778304926,0.23175493778304926,0 to 0.3
rs1014,GENE_58,0.2667826779039304,0.2667826779039304,0 to 0.3
rs1014,GENE_59,-0.1770111956547517,0.1770111956547517,-0.3 to 0
rs1014,GENE_60,0.07750876710935982,0.07750876710935982,0 to 0.3
rs1014,GENE_61,-0.12085479559648728,0.12085479559648728,-0.3 to 0
rs1014,GENE_62,0.19785752016575542,0.19785752016575542,0 to 0.3
rs1014,GENE_63,-0.0859268110890332,0.0859268110890332,-0.3 to 0
rs1014,GENE_64,0.19025846476996322,0.19025846476996322,0 to 0.3
rs1014,GENE_65,-0.25974863812880317,0.25974863812880317,-0.3 to 0
rs1014,GENE_66,0.05123407388865162,0.05123407388865162,0 to 0.3
rs1014,GENE_67,-0.12090443059895932,0.12090443059895932,-0.3 to 0
rs1014,GENE_68,-0.13470197416844046,0.13470197416844046,-0.3 to 0
rs1014,GENE_69,-0.0900703910882705,0.0900703910882705,-0.3 to 0
rs1014,GENE_70,0.035989859023788505,0.035989859023788505,0 to 0.3
rs1014,GENE_71,0.023853203691289047,0.023853203691289047,0 to 0.3
rs1014,GENE_72,-0.15545954883615054,0.15545954883615054,-0.3 to 0
rs1014,GENE_73,-0.08047430474654377,0.08047430474654377,-0.3 to 0
rs1014,GENE_74,0.23720418080403743,0.23720418080403743,0 to 0.3
rs1014,GENE_75,-0.09221645039000727,0.09221645039000727,-0.3 to 0
rs1014,GENE_76,0.02013572566271472,0.02013572566271472,0 to 0.3
rs1014,GENE_77,0.05181794852843685,0.05181794852843685,0 to 0.3
rs1014,GENE_78,0.0978295659794454,0.0978295659794454,0 to 0.3
rs1014,GENE_79,0.06130933830311274,0.06130933830311274,0 to 0.3
rs1014,GENE_80,-0.12617710370811516,0.12617710370811516,-0.3 to 0
rs1014,GENE_81,-0.03961338634868573,0.03961338634868573,-0.3 to 0
rs1014,GENE_82,0.07302651136253703,0.07302651136253703,0 to 0.3
rs1014,GENE_83,-0.3401037024626764,0.3401037024626764,-0.5 to -0.3
rs1014,GENE_84,-0.08814178795011798,0.08814178795011798,-0.3 to 0
rs1014,GENE_85,-0.006912161880124846,0.006912161880124846,-0.3 to 0
rs1014,GENE_86,-0.19921105471955342,0.19921105471955342,-0.3 to 0
rs1014,GENE_87,0.1623981135124499,0.1623981135124499,0 to 0.3
rs1014,GENE_88,0.19784525131419348,0.19784525131419348,0 to 0.3
rs1014,GENE_89,-0.23399314614677644,0.23399314614677644,-0.3 to 0
rs1014,GENE_90,0.037248217594498936,0.037248217594498936,0 to 0.3
rs1014,GENE_91,0.20278151883629722,0.20278151883629722,0 to 0.3
rs1014,GENE_92,-0.23096865333747144,0.23096865333747144,-0.3 to 0
rs1014,GENE_93,0.2302767299149989,0.2302767299149989,0 to 0.3
rs1014,GENE_94,-0.2472529488550973,0.2472529488550973,-0.3 to 0
rs1014,GENE_95,0.1675899675017605,0.1675899675017605,0 to 0.3
rs1014,GENE_96,-0.08873934114216313,0.08873934114216313,-0.3 to 0
rs1014,GENE_97,0.21239421434307168,0.21239421434307168,0 to 0.3
rs1014,GENE_98,0.004840331556096845,0.004840331556096845,0 to 0.3
rs1014,GENE_99,0.16346203717203345,0.16346203717203345,0 to 0.3
rs1014,GENE_100,-0.16947346553575923,0.16947346553575923,-0.3 to 0
rs1015,GENE_1,0.08036668033681768,0.08036668033681768,0 to 0.3
rs1015,GENE_2,-0.13683983009823025,0.13683983009823025,-0.3 to 0
rs1015,GENE_3,-0.24565592100317293,0.24565592100317293,-0.3 to 0
rs1015,GENE_4,0.3059676116694881,0.3059676116694881,0.3 to 0.5
rs1015,GENE_5,0.0077785338252294774,0.0077785338252294774,0 to 0.3
rs1015,GENE_6,0.12622162399329237,0.12622162399329237,0 to 0.3
rs1015,GENE_7,0.27962960749501536,0.27962960749501536,0 to 0.3
rs1015,GENE_8,0.30862310720637864,0.30862310720637864,0.3 to 0.5
rs1015,GENE_9,-0.08135243637916782,0.08135243637916782,-0.3 to 0
rs1015,GENE_10,-0.0625824287633094,0.0625824287633094,-0.3 to 0
rs1015,GENE_11,-0.17927862540505687,0.17927862540505687,-0.3 to 0
rs1015,GENE_12,0.06958240850888898,0.06958240850888898,0 to 0.3
rs1015,GENE_13,-0.24290308234238106,0.24290308234238106,-0.3 to 0
rs1015,GENE_14,0.3027200675186998,0.3027200675186998,0.3 to 0.5
rs1015,GENE_15,0.1790405264414648,0.1790405264414648,0 to 0.3
rs1015,GENE_16,-0.026657307759070235,0.026657307759070235,-0.3 to 0
rs1015,GENE_17,0.0068950651404500515,0.0068950651404500515,0 to 0.3
rs1015,GENE_18,0.08596333341086848,0.08596333341086848,0 to 0.3
rs1015,GENE_19,0.04047355656318852,0.04047355656318852,0 to 0.3
rs1015,GENE_20,0.2587095789524499,0.2587095789524499,0 to 0.3
rs1015,GENE_21,0.18255459546964053,0.18255459546964053,0 to 0.3
rs1015,GENE_22,-0.22996040152834893,0.22996040152834893,-0.3 to 0
rs1015,GENE_23,0.1477428500998143,0.1477428500998143,0 to 0.3
rs1015,GENE_24,-0.2073704240194413,0.2073704240194413,-0.3 to 0
rs1015,GENE_25,-0.0024589112226325953,0.0024589112226325953,-0.3 to 0
rs1015,GENE_26,0.11685824693081158,0.11685824693081158,0 to 0.3
rs1015,GENE_27,0.267064109778458,0.267064109778458,0 to 0.3
rs1015,GENE_28,-0.03519769696649416,0.03519769696649416,-0.3 to 0
rs1015,GENE_29,-0.26207254731457397,0.26207254731457397,-0.3 to 0
rs1015,GENE_30,-0.0582056744074725,0.0582056744074725,-0.3 to 0
rs1015,GENE_31,-0.056210275102582495,0.056210275102582495,-0.3 to 0
rs1015,GENE_32,0.10807349308402718,0.10807349308402718,0 to 0.3
rs1015,GENE_33,0.12841765312805814,0.12841765312805814,0 to 0.3
rs1015,GENE_34,-0.04819151922874302,0.04819151922874302,-0.3 to 0
rs1015,GENE_35,-0.16537015217343573,0.16537015217343573,-0.3 to 0
rs1015,GENE_36,0.07870973168145139,0.07870973168145139,0 to 0.3
rs1015,GENE_37,0.07342568459236913,0.07342568459236913,0 to 0.3
rs1015,GENE_38,0.06577952307878368,0.06577952307878368,0 to 0.3
rs1015,GENE_39,-0.2774509153737668,0.2774509153737668,-0.3 to 0
rs1015,GENE_40,-0.0044057362449825485,0.0044057362449825485,-0.3 to 0
rs1015,GENE_41,-0.032764552508498704,0.032764552508498704,-0.3 to 0
rs1015,GENE_42,-0.1784088592220685,0.1784088592220685,-0.3 to 0
rs1015,GENE_43,-0.1474379925236001,0.1474379925236001,-0.3 to 0
rs1015,GENE_44,0.21144799719302343,0.21144799719302343,0 to 0.3
rs1015,GENE_45,-0.2574379113538396,0.2574379113538396,-0.3 to 0
rs1015,GENE_46,-0.060670347668013595,0.060670347668013595,-0.3 to 0
rs1015,GENE_47,-0.15078963107233384,0.15078963107233384,-0.3 to 0
rs1015,GENE_48,-0.015527272927485496,0.015527272927485496,-0.3 to 0
rs1015,GENE_49,-0.205313445873543,0.205313445873543,-0.3 to 0
rs1015,GENE_50,0.16415275913987007,0.16415275913987007,0 to 0.3
rs1015,GENE_51,-0.12253234252126244,0.12253234252126244,-0.3 to 0
rs1015,GENE_52,0.10889885512656054,0.10889885512656054,0 to 0.3
rs1015,GENE_53,0.11100588771030309,0.11100588771030309,0 to 0.3
rs1015,GENE_54,-0.14914710099603437,0.14914710099603437,-0.3 to 0
rs1015,GENE_55,-0.2854427655318624,0.2854427655318624,-0.3 to 0
rs1015,GENE_56,-0.17586765083105782,0.17586765083105782,-0.3 to 0
rs1015,GENE_57,-0.24000120019288324,0.24000120019288324,-0.3 to 0
rs1015,GENE_58,0.2722326996096331,0.2722326996096331,0 to 0.3
rs1015,GENE_59,-0.1156961349386652,0.1156961349386652,-0.3 to 0
rs1015,GENE_60,0.09519252762253355,0.09519252762253355,0 to 0.3
rs1015,GENE_61,0.30193609279917116,0.30193609279917116,0.3 to 0.5
rs1015,GENE_62,0.0013722326606320945,0.0013722326606320945,0 to 0.3
rs1015,GENE_63,-0.004926783258527519,0.004926783258527519,-0.3 to 0
rs1015,GENE_64,0.3442886288021441,0.3442886288021441,0.3 to 0.5
rs1015,GENE_65,0.28138772922937794,0.28138772922937794,0 to 0.3
rs1015,GENE_66,0.3246434737445816,0.3246434737445816,0.3 to 0.5
rs1015,GENE_67,0.15318901073749375,0.15318901073749375,0 to 0.3
rs1015,GENE_68,0.39459876458698057,0.39459876458698057,0.3 to 0.5
rs1015,GENE_69,0.39906193943462737,0.39906193943462737,0.3 to 0.5
rs1015,GENE_70,0.0662953551812571,0.0662953551812571,0 to 0.3
rs1015,GENE_71,-0.04506074120233597,0.04506074120233597,-0.3 to 0
rs1015,GENE_72,0.2590110842279903,0.2590110842279903,0 to 0.3
rs1015,GENE_73,-0.2545094627508462,0.2545094627508462,-0.3 to 0
rs1015,GENE_74,-0.29056047922376677,0.29056047922376677,-0.3 to 0
rs1015,GENE_75,0.36727530017388393,0.36727530017388393,0.3 to 0.5
rs1015,GENE_76,-0.1672679106595428,0.1672679106595428,-0.3 to 0
rs1015,GENE_77,0.2535168219529267,0.2535168219529267,0 to 0.3
rs1015,GENE_78,0.08617301333197708,0.08617301333197708,0 to 0.3
rs1015,GENE_79,0.021967473699621848,0.021967473699621848,0 to 0.3
rs1015,GENE_80,0.1636126860920876,0.1636126860920876,0 to 0.3
rs1015,GENE_81,0.09518256670538146,0.09518256670538146,0 to 0.3
rs1015,GENE_82,0.25469136512530033,0.25469136512530033,0 to 0.3
rs1015,GENE_83,0.29670130938598943,0.29670130938598943,0 to 0.3
rs1015,GENE_84,0.1551507929790251,0.1551507929790251,0 to 0.3
rs1015,GENE_85,-0.054837238787416046,0.054837238787416046,-0.3 to 0
rs1015,GENE_86,-0.16063367382341842,0.16063367382341842,-0.3 to 0
rs1015,GENE_87,-0.1800033561466303,0.1800033561466303,-0.3 to 0
rs1015,GENE_88,-0.09105657339072304,0.09105657339072304,-0.3 to 0
rs1015,GENE_89,-0.08512641305557303,0.08512641305557303,-0.3 to 0
rs1015,GENE_90,-0.24255997830952272,0.24255997830952272,-0.3 to 0
rs1015,GENE_91,0.3300407435072702,0.3300407435072702,0.3 to 0.5
rs1015,GENE_92,-0.29689932825134835,0.29689932825134835,-0.3 to 0
rs1015,GENE_93,-0.18401732223102582,0.18401732223102582,-0.3 to 0
rs1015,GENE_94,-0.3530805814721127,0.3530805814721127,-0.5 to -0.3
rs1015,GENE_95,-0.16946529403627753,0.16946529403627753,-0.3 to 0
rs1015,GENE_96,-0.11938544033459471,0.11938544033459471,-0.3 to 0
rs1015,GENE_97,-0.24161046882355916,0.24161046882355916,-0.3 to 0
rs1015,GENE_98,-0.18272415838630135,0.18272415838630135,-0.3 to 0
rs1015,GENE_99,0.19660602604040947,0.19660602604040947,0 to 0.3
rs1015,GENE_100,0.13822552897178197,0.13822552897178197,0 to 0.3
rs1016,GENE_1,-0.08925846524715322,0.08925846524715322,-0.3 to 0
rs1016,GENE_2,-0.2981087197070486,0.2981087197070486,-0.3 to 0
rs1016,GENE_3,0.04990089785827708,0.04990089785827708,0 to 0.3
rs1016,GENE_4,0.3491507359132039,0.3491507359132039,0.3 to 0.5
rs1016,GENE_5,0.21769659754792672,0.21769659754792672,0 to 0.3
rs1016,GENE_6,0.015845573549005974,0.015845573549005974,0 to 0.3
rs1016,GENE_7,0.25908408876704553,0.25908408876704553,0 to 0.3
rs1016,GENE_8,0.034359672500802435,0.034359672500802435,0 to 0.3
rs1016,GENE_9,0.296718388497057,0.296718388497057,0 to 0.3
rs1016,GENE_10,0.1926020085953485,0.1926020085953485,0 to 0.3
rs1016,GENE_11,-0.25453595304790133,0.25453595304790133,-0.3 to 0
rs1016,GENE_12,-0.24843906453206382,0.24843906453206382,-0.3 to 0
rs1016,GENE_13,-0.14583057148889117,0.14583057148889117,-0.3 to 0
rs1016,GENE_14,0.22806795878052377,0.22806795878052377,0 to 0.3
rs1016,GENE_15,0.16983750876319925,0.16983750876319925,0 to 0.3
rs1016,GENE_16,-0.3138439205858776,0.3138439205858776,-0.5 to -0.3
rs1016,GENE_17,0.19784146640199415,0.19784146640199415,0 to 0.3
rs1016,GENE_18,-0.12704831620390405,0.12704831620390405,-0.3 to 0
rs1016,GENE_19,0.31113478079252155,0.31113478079252155,0.3 to 0.5
rs1016,GENE_20,0.2603371886992183,0.2603371886992183,0 to 0.3
rs1016,GENE_21,-0.1737347430323836,0.1737347430323836,-0.3 to 0
rs1016,GENE_22,0.11945654582946644,0.11945654582946644,0 to 0.3
rs1016,GENE_23,0.20333906362247237,0.20333906362247237,0 to 0.3
rs1016,GENE_24,-0.14750858933802735,0.14750858933802735,-0.3 to 0
rs1016,GENE_25,0.11569012217917272,0.11569012217917272,0 to 0.3
rs1016,GENE_26,0.17538130028217308,0.17538130028217308,0 to 0.3
rs1016,GENE_27,-0.19546183583386062,0.19546183583386062,-0.3 to 0
rs1016,GENE_28,-0.03180085537808425,0.03180085537808425,-0.3 to 0
rs1016,GENE_29,-0.026546329043759392,0.026546329043759392,-0.3 to 0
rs1016,GENE_30,-0.20578950585112188,0.20578950585112188,-0.3 to 0
rs1016,GENE_31,0.07667885914777327,0.07667885914777327,0 to 0.3
rs1016,GENE_32,0.12879345869471964,0.12879345869471964,0 to 0.3
rs1016,GENE_33,0.16787393683934818,0.16787393683934818,0 to 0.3
rs1016,GENE_34,0.29831113263272696,0.29831113263272696,0 to 0.3
rs1016,GENE_35,-0.16146784450703225,0.16146784450703225,-0.3 to 0
rs1016,GENE_36,-0.1690735753639607,0.1690735753639607,-0.3 to 0
rs1016,GENE_37,-0.07929824977152784,0.07929824977152784,-0.3 to 0
rs1016,GENE_38,-0.010507756793375837,0.010507756793375837,-0.3 to 0
rs1016,GENE_39,-0.27196444870189745,0.27196444870189745,-0.3 to 0
rs1016,GENE_40,0.3460388126284188,0.3460388126284188,0.3 to 0.5
rs1016,GENE_41,-0.21210734737995376,0.21210734737995376,-0.3 to 0
rs1016,GENE_42,0.09690668960245317,0.09690668960245317,0 to 0.3
rs1016,GENE_43,0.04700367799398596,0.04700367799398596,0 to 0.3
rs1016,GENE_44,0.3396240357236748,0.3396240357236748,0.3 to 0.5
rs1016,GENE_45,-0.10356326065396845,0.10356326065396845,-0.3 to 0
rs1016,GENE_46,0.19303564654375355,0.19303564654375355,0 to 0.3
rs1016,GENE_47,0.025281041973721184,0.025281041973721184,0 to 0.3
rs1016,GENE_48,0.012334478836508947,0.012334478836508947,0 to 0.3
rs1016,GENE_49,0.038593769048417007,0.038593769048417007,0 to 0.3
rs1016,GENE_50,0.2372636708050449,0.2372636708050449,0 to 0.3
rs1016,GENE_51,0.06129433339322334,0.06129433339322334,0 to 0.3
rs1016,GENE_52,-0.2812323741908508,0.2812323741908508,-0.3 to 0
rs1016,GENE_53,0.04302269535967591,0.04302269535967591,0 to 0.3
rs1016,GENE_54,0.18977743661962332,0.18977743661962332,0 to 0.3
rs1016,GENE_55,-0.011837667521182173,0.011837667521182173,-0.3 to 0
rs1016,GENE_56,0.2764013949041397,0.2764013949041397,0 to 0.3
rs1016,GENE_57,-0.17914816900320604,0.17914816900320604,-0.3 to 0
rs1016,GENE_58,0.4852851765994185,0.4852851765994185,0.3 to 0.5
rs1016,GENE_59,0.14545222906501082,0.14545222906501082,0 to 0.3
rs1016,GENE_60,0.39897218761085124,0.39897218761085124,0.3 to 0.5
rs1016,GENE_61,-0.06661960795118535,0.06661960795118535,-0.3 to 0
rs1016,GENE_62,0.21896595443479336,0.21896595443479336,0 to 0.3
rs1016,GENE_63,0.038654100919694755,0.038654100919694755,0 to 0.3
rs1016,GENE_64,0.128620624604175,0.128620624604175,0 to 0.3
rs1016,GENE_65,-0.22950837306207486,0.22950837306207486,-0.3 to 0
rs1016,GENE_66,0.300166940122081,0.300166940122081,0.3 to 0.5
rs1016,GENE_67,-0.08643948652421896,0.08643948652421896,-0.3 to 0
rs1016,GENE_68,-0.19998772994364358,0.19998772994364358,-0.3 to 0
rs1016,GENE_69,0.23408114795204757,0.23408114795204757,0 to 0.3
rs1016,GENE_70,-0.10629908533003492,0.10629908533003492,-0.3 to 0
rs1016,GENE_71,0.1780202801183547,0.1780202801183547,0 to 0.3
rs1016,GENE_72,0.20241837248555225,0.20241837248555225,0 to 0.3
rs1016,GENE_73,-0.13079827691133128,0.13079827691133128,-0.3 to 0
rs1016,GENE_74,-0.1897218363932042,0.1897218363932042,-0.3 to 0
rs1016,GENE_75,0.14403875230077035,0.14403875230077035,0 to 0.3
rs1016,GENE_76,0.022340138453878725,0.022340138453878725,0 to 0.3
rs1016,GENE_77,-0.12223361338455616,0.12223361338455616,-0.3 to 0
rs1016,GENE_78,0.20235268905709114,0.20235268905709114,0 to 0.3
rs1016,GENE_79,0.3056993910622984,0.3056993910622984,0.3 to 0.5
rs1016,GENE_80,0.19507873902114126,0.19507873902114126,0 to 0.3
rs1016,GENE_81,0.18592542758803363,0.18592542758803363,0 to 0.3
rs1016,GENE_82,0.052384611069051935,0.052384611069051935,0 to 0.3
rs1016,GENE_83,-0.16704705453592594,0.16704705453592594,-0.3 to 0
rs1016,GENE_84,0.17252132534274645,0.17252132534274645,0 to 0.3
rs1016,GENE_85,-0.031046513618950205,0.031046513618950205,-0.3 to 0
rs1016,GENE_86,-0.31894065689486506,0.31894065689486506,-0.5 to -0.3
rs1016,GENE_87,-0.26816015192381915,0.26816015192381915,-0.3 to 0
rs1016,GENE_88,0.02792013279782223,0.02792013279782223,0 to 0.3
rs1016,GENE_89,-0.03011319242667952,0.03011319242667952,-0.3 to 0
rs1016,GENE_90,0.07540795459761174,0.07540795459761174,0 to 0.3
rs1016,GENE_91,0.07027416879357012,0.07027416879357012,0 to 0.3
rs1016,GENE_92,-0.2742962586108905,0.2742962586108905,-0.3 to 0
rs1016,GENE_93,0.057080067715097424,0.057080067715097424,0 to 0.3
rs1016,GENE_94,0.0033074201706943074,0.0033074201706943074,0 to 0.3
rs1016,GENE_95,-0.1258280060320819,0.1258280060320819,-0.3 to 0
rs1016,GENE_96,-0.10953262227566267,0.10953262227566267,-0.3 to 0
rs1016,GENE_97,0.04376192786919973,0.04376192786919973,0 to 0.3
rs1016,GENE_98,0.06216308910194469,0.06216308910194469,0 to 0.3
rs1016,GENE_99,0.31366509964972716,0.31366509964972716,0.3 to 0.5
rs1016,GENE_100,-0.24207241456841347,0.24207241456841347,-0.3 to 0
rs1017,GENE_1,0.4231608711307686,0.4231608711307686,0.3 to 0.5
rs1017,GENE_2,-0.21416073697726595,0.21416073697726595,-0.3 to 0
rs1017,GENE_3,0.216856934250689,0.216856934250689,0 to 0.3
rs1017,GENE_4,0.058233857107901084,0.058233857107901084,0 to 0.3
rs1017,GENE_5,-0.10449866785029734,0.10449866785029734,-0.3 to 0
rs1017,GENE_6,0.12247917013959853,0.12247917013959853,0 to 0.3
rs1017,GENE_7,0.15073076495209628,0.15073076495209628,0 to 0.3
rs1017,GENE_8,0.1980619443496069,0.1980619443496069,0 to 0.3
rs1017,GENE_9,-0.1306059294908125,0.1306059294908125,-0.3 to 0
rs1017,GENE_10,0.20815608559017376,0.20815608559017376,0 to 0.3
rs1017,GENE_11,0.026710754528681543,0.026710754528681543,0 to 0.3
rs1017,GENE_12,0.3211595869472501,0.3211595869472501,0.3 to 0.5
rs1017,GENE_13,0.11220554720384404,0.11220554720384404,0 to 0.3
rs1017,GENE_14,-0.07125819841389218,0.07125819841389218,-0.3 to 0
rs1017,GENE_15,0.25377915535400164,0.25377915535400164,0 to 0.3
rs1017,GENE_16,0.10944799580802754,0.10944799580802754,0 to 0.3
rs1017,GENE_17,-0.19497705275418503,0.19497705275418503,-0.3 to 0
rs1017,GENE_18,-0.10288421943993778,0.10288421943993778,-0.3 to 0
rs1017,GENE_19,0.01772302874584018,0.01772302874584018,0 to 0.3
rs1017,GENE_20,-0.1504922331638928,0.1504922331638928,-0.3 to 0
rs1017,GENE_21,0.019794151377984834,0.019794151377984834,0 to 0.3
rs1017,GENE_22,0.09878039336897014,0.09878039336897014,0 to 0.3
rs1017,GENE_23,0.20108490800017725,0.20108490800017725,0 to 0.3
rs1017,GENE_24,-0.30285398019167853,0.30285398019167853,-0.5 to -0.3
rs1017,GENE_25,0.3263728718461436,0.3263728718461436,0.3 to 0.5
rs1017,GENE_26,-0.2758108540636173,0.2758108540636173,-0.3 to 0
rs1017,GENE_27,-0.03373431634445538,0.03373431634445538,-0.3 to 0
rs1017,GENE_28,0.214466447399646,0.214466447399646,0 to 0.3
rs1017,GENE_29,0.27203546358945063,0.27203546358945063,0 to 0.3
rs1017,GENE_30,-0.015400773813556473,0.015400773813556473,-0.3 to 0
rs1017,GENE_31,0.19954363705796108,0.19954363705796108,0 to 0.3
rs1017,GENE_32,-0.4324229812541212,0.4324229812541212,-0.5 to -0.3
rs1017,GENE_33,0.1773729344729444,0.1773729344729444,0 to 0.3
rs1017,GENE_34,0.0058393793375538005,0.0058393793375538005,0 to 0.3
rs1017,GENE_35,0.20102162513589453,0.20102162513589453,0 to 0.3
rs1017,GENE_36,-0.2554038672779326,0.2554038672779326,-0.3 to 0
rs1017,GENE_37,0.2236560916882041,0.2236560916882041,0 to 0.3
rs1017,GENE_38,0.12463073139257874,0.12463073139257874,0 to 0.3
rs1017,GENE_39,0.1911929166879195,0.1911929166879195,0 to 0.3
rs1017,GENE_40,-0.11665128297341514,0.11665128297341514,-0.3 to 0
rs1017,GENE_41,-0.022267143551788788,0.022267143551788788,-0.3 to 0
rs1017,GENE_42,0.06666183849458125,0.06666183849458125,0 to 0.3
rs1017,GENE_43,-0.02510620231121627,0.02510620231121627,-0.3 to 0
rs1017,GENE_44,-0.13985270570014066,0.13985270570014066,-0.3 to 0
rs1017,GENE_45,0.22028202806141498,0.22028202806141498,0 to 0.3
rs1017,GENE_46,0.029615594114886224,0.029615594114886224,0 to 0.3
rs1017,GENE_47,0.24097156253002378,0.24097156253002378,0 to 0.3
rs1017,GENE_48,-0.22722120516585229,0.22722120516585229,-0.3 to 0
rs1017,GENE_49,0.19387513009526372,0.19387513009526372,0 to 0.3
rs1017,GENE_50,-0.10280330871092203,0.10280330871092203,-0.3 to 0
rs1017,GENE_51,-0.18057741047515904,0.18057741047515904,-0.3 to 0
rs1017,GENE_52,-0.10485220649701103,0.10485220649701103,-0.3 to 0
rs1017,GENE_53,0.23102241714504537,0.23102241714504537,0 to 0.3
rs1017,GENE_54,0.2161995659252674,0.2161995659252674,0 to 0.3
rs1017,GENE_55,-0.3169531902147125,0.3169531902147125,-0.5 to -0.3
rs1017,GENE_56,-0.17336986159932236,0.17336986159932236,-0.3 to 0
rs1017,GENE_57,0.3941850716321972,0.3941850716321972,0.3 to 0.5
rs1017,GENE_58,-0.22859935574690005,0.22859935574690005,-0.3 to 0
rs1017,GENE_59,0.29232345834380846,0.29232345834380846,0 to 0.3
rs1017,GENE_60,-0.23298477882316349,0.23298477882316349,-0.3 to 0
rs1017,GENE_61,-0.11094638709853348,0.11094638709853348,-0.3 to 0
rs1017,GENE_62,-0.24286948916865722,0.24286948916865722,-0.3 to 0
rs1017,GENE_63,-0.17056394314111903,0.17056394314111903,-0.3 to 0
rs1017,GENE_64,-0.0571916336504009,0.0571916336504009,-0.3 to 0
rs1017,GENE_65,0.03135276519996799,0.03135276519996799,0 to 0.3
rs1017,GENE_66,-0.03406041169755337,0.03406041169755337,-0.3 to 0
rs1017,GENE_67,0.28962797948452357,0.28962797948452357,0 to 0.3
rs1017,GENE_68,-0.09791782546931058,0.09791782546931058,-0.3 to 0
rs1017,GENE_69,-0.31999114827276604,0.31999114827276604,-0.5 to -0.3
rs1017,GENE_70,-0.17470598588680333,0.17470598588680333,-0.3 to 0
rs1017,GENE_71,0.1905041797137377,0.1905041797137377,0 to 0.3
rs1017,GENE_72,0.22549739644595834,0.22549739644595834,0 to 0.3
rs1017,GENE_73,0.041266861748947795,0.041266861748947795,0 to 0.3
rs1017,GENE_74,0.27575640319696465,0.27575640319696465,0 to 0.3
rs1017,GENE_75,-0.09270086448002549,0.09270086448002549,-0.3 to 0
rs1017,GENE_76,0.0035108790420141484,0.0035108790420141484,0 to 0.3
rs1017,GENE_77,0.10756634098461897,0.10756634098461897,0 to 0.3
rs1017,GENE_78,-0.20961470554924264,0.20961470554924264,-0.3 to 0
rs1017,GENE_79,-0.3345994929861855,0.3345994929861855,-0.5 to -0.3
rs1017,GENE_80,0.033681367536627316,0.033681367536627316,0 to 0.3
rs1017,GENE_81,-0.09331168367555878,0.09331168367555878,-0.3 to 0
rs1017,GENE_82,0.07287461530610459,0.07287461530610459,0 to 0.3
rs1017,GENE_83,0.15586592345376277,0.15586592345376277,0 to 0.3
rs1017,GENE_84,0.34777822224066346,0.34777822224066346,0.3 to 0.5
rs1017,GENE_85,0.01736118259726979,0.01736118259726979,0 to 0.3
rs1017,GENE_86,-0.2182549426190398,0.2182549426190398,-0.3 to 0
rs1017,GENE_87,0.18391906107796518,0.18391906107796518,0 to 0.3
rs1017,GENE_88,-0.2339240464417436,0.2339240464417436,-0.3 to 0
rs1017,GENE_89,0.2218323880841832,0.2218323880841832,0 to 0.3
rs1017,GENE_90,-0.026497526465575856,0.026497526465575856,-0.3 to 0
rs1017,GENE_91,-0.24968045669555647,0.24968045669555647,-0.3 to 0
rs1017,GENE_92,0.0069619667955830465,0.0069619667955830465,0 to 0.3
rs1017,GENE_93,-0.11032642351158627,0.11032642351158627,-0.3 to 0
rs1017,GENE_94,-0.01621695053817535,0.01621695053817535,-0.3 to 0
rs1017,GENE_95,-0.15876867169416997,0.15876867169416997,-0.3 to 0
rs1017,GENE_96,0.052273286629843874,0.052273286629843874,0 to 0.3
rs1017,GENE_97,-0.1465571461267461,0.1465571461267461,-0.3 to 0
rs1017,GENE_98,0.14279536092926265,0.14279536092926265,0 to 0.3
rs1017,GENE_99,0.237144165928014,0.237144165928014,0 to 0.3
rs1017,GENE_100,0.08643609050873431,0.08643609050873431,0 to 0.3
rs1018,GENE_1,-0.020522176346997316,0.020522176346997316,-0.3 to 0
rs1018,GENE_2,-0.18644681766024346,0.18644681766024346,-0.3 to 0
rs1018,GENE_3,-0.15840299521531778,0.15840299521531778,-0.3 to 0
rs1018,GENE_4,-0.11074587505749152,0.11074587505749152,-0.3 to 0
rs1018,GENE_5,-0.12230678789852095,0.12230678789852095,-0.3 to 0
rs1018,GENE_6,0.04885539530219137,0.04885539530219137,0 to 0.3
rs1018,GENE_7,-0.125470029885314,0.125470029885314,-0.3 to 0
rs1018,GENE_8,0.3416665846339541,0.3416665846339541,0.3 to 0.5
rs1018,GENE_9,-0.08306275434864502,0.08306275434864502,-0.3 to 0
rs1018,GENE_10,0.24580907789547207,0.24580907789547207,0 to 0.3
rs1018,GENE_11,0.07802729774794227,0.07802729774794227,0 to 0.3
rs1018,GENE_12,0.19936352904662136,0.19936352904662136,0 to 0.3
rs1018,GENE_13,0.28071539058922357,0.28071539058922357,0 to 0.3
rs1018,GENE_14,-0.2994270888343148,0.2994270888343148,-0.3 to 0
rs1018,GENE_15,0.032153241645005305,0.032153241645005305,0 to 0.3
rs1018,GENE_16,0.0006202995808629456,0.0006202995808629456,0 to 0.3
rs1018,GENE_17,-0.17215800430836106,0.17215800430836106,-0.3 to 0
rs1018,GENE_18,0.3468759331580105,0.3468759331580105,0.3 to 0.5
rs1018,GENE_19,-0.1809425094514237,0.1809425094514237,-0.3 to 0
rs1018,GENE_20,-0.17718846431427732,0.17718846431427732,-0.3 to 0
rs1018,GENE_21,0.11096247905242715,0.11096247905242715,0 to 0.3
rs1018,GENE_22,-0.16051682808985557,0.16051682808985557,-0.3 to 0
rs1018,GENE_23,-0.22715013683746743,0.22715013683746743,-0.3 to 0
rs1018,GENE_24,-0.11643142410047136,0.11643142410047136,-0.3 to 0
rs1018,GENE_25,0.1415331479912105,0.1415331479912105,0 to 0.3
rs1018,GENE_26,-0.05398525553358888,0.05398525553358888,-0.3 to 0
rs1018,GENE_27,-0.18044240335072065,0.18044240335072065,-0.3 to 0
rs1018,GENE_28,0.2215047087707939,0.2215047087707939,0 to 0.3
rs1018,GENE_29,0.3458768699801207,0.3458768699801207,0.3 to 0.5
rs1018,GENE_30,0.03343818515306832,0.03343818515306832,0 to 0.3
rs1018,GENE_31,0.33839773945578455,0.33839773945578455,0.3 to 0.5
rs1018,GENE_32,-0.051148944783722027,0.051148944783722027,-0.3 to 0
rs1018,GENE_33,-0.014931907885285076,0.014931907885285076,-0.3 to 0
rs1018,GENE_34,-0.0716680495819148,0.0716680495819148,-0.3 to 0
rs1018,GENE_35,0.23615917475433823,0.23615917475433823,0 to 0.3
rs1018,GENE_36,0.1638203097293327,0.1638203097293327,0 to 0.3
rs1018,GENE_37,0.12390653685546303,0.12390653685546303,0 to 0.3
rs1018,GENE_38,0.31456302241441,0.31456302241441,0.3 to 0.5
rs1018,GENE_39,0.15314609249988848,0.15314609249988848,0 to 0.3
rs1018,GENE_40,-0.00010652196027870054,0.00010652196027870054,-0.3 to 0
rs1018,GENE_41,0.30156432244156284,0.30156432244156284,0.3 to 0.5
rs1018,GENE_42,0.2545375755844836,0.2545375755844836,0 to 0.3
rs1018,GENE_43,0.23401579834780661,0.23401579834780661,0 to 0.3
rs1018,GENE_44,-0.09529224432956585,0.09529224432956585,-0.3 to 0
rs1018,GENE_45,0.34306310951537133,0.34306310951537133,0.3 to 0.5
rs1018,GENE_46,-0.1118678537382633,0.1118678537382633,-0.3 to 0
rs1018,GENE_47,-0.14232716424270764,0.14232716424270764,-0.3 to 0
rs1018,GENE_48,0.004129322782071618,0.004129322782071618,0 to 0.3
rs1018,GENE_49,0.2661974173658436,0.2661974173658436,0 to 0.3
rs1018,GENE_50,-0.1394260611355597,0.1394260611355597,-0.3 to 0
rs1018,GENE_51,-0.2447559448966354,0.2447559448966354,-0.3 to 0
rs1018,GENE_52,0.18688753249733295,0.18688753249733295,0 to 0.3
rs1018,GENE_53,0.04368963837202928,0.04368963837202928,0 to 0.3
rs1018,GENE_54,0.0946747870971992,0.0946747870971992,0 to 0.3
rs1018,GENE_55,-0.2856665274511318,0.2856665274511318,-0.3 to 0
rs1018,GENE_56,-0.2519678816658426,0.2519678816658426,-0.3 to 0
rs1018,GENE_57,-0.01786189694013986,0.01786189694013986,-0.3 to 0
rs1018,GENE_58,-0.20970436377995025,0.20970436377995025,-0.3 to 0
rs1018,GENE_59,0.17314329297673106,0.17314329297673106,0 to 0.3
rs1018,GENE_60,-0.2047149365234569,0.2047149365234569,-0.3 to 0
rs1018,GENE_61,-0.29171491366736707,0.29171491366736707,-0.3 to 0
rs1018,GENE_62,0.03666831216315599,0.03666831216315599,0 to 0.3
rs1018,GENE_63,-0.022355599243994818,0.022355599243994818,-0.3 to 0
rs1018,GENE_64,0.08684735099971183,0.08684735099971183,0 to 0.3
rs1018,GENE_65,-0.20016528918279525,0.20016528918279525,-0.3 to 0
rs1018,GENE_66,-0.3655283786205167,0.3655283786205167,-0.5 to -0.3
rs1018,GENE_67,-0.06635234484171977,0.06635234484171977,-0.3 to 0
rs1018,GENE_68,-0.20858752877757825,0.20858752877757825,-0.3 to 0
rs1018,GENE_69,-0.18435123774625006,0.18435123774625006,-0.3 to 0
rs1018,GENE_70,0.35826645955114883,0.35826645955114883,0.3 to 0.5
rs1018,GENE_71,-0.1619045882532767,0.1619045882532767,-0.3 to 0
rs1018,GENE_72,-0.1733985630226104,0.1733985630226104,-0.3 to 0
rs1018,GENE_73,-0.19724699164726783,0.19724699164726783,-0.3 to 0
rs1018,GENE_74,0.36836693008202376,0.36836693008202376,0.3 to 0.5
rs1018,GENE_75,0.032062577055464794,0.032062577055464794,0 to 0.3
rs1018,GENE_76,-0.10951564749130265,0.10951564749130265,-0.3 to 0
rs1018,GENE_77,0.07391283252832198,0.07391283252832198,0 to 0.3
rs1018,GENE_78,-0.07453824325643908,0.07453824325643908,-0.3 to 0
rs1018,GENE_79,-0.4014386529419652,0.4014386529419652,-0.5 to -0.3
rs1018,GENE_80,0.10553330830406218,0.10553330830406218,0 to 0.3
rs1018,GENE_81,0.041350994436581356,0.041350994436581356,0 to 0.3
rs1018,GENE_82,0.1682392369509092,0.1682392369509092,0 to 0.3
rs1018,GENE_83,-0.12373386072638447,0.12373386072638447,-0.3 to 0
rs1018,GENE_84,-0.16264029251270493,0.16264029251270493,-0.3 to 0
rs1018,GENE_85,-0.2063680611540236,0.2063680611540236,-0.3 to 0
rs1018,GENE_86,0.003618963348422648,0.003618963348422648,0 to 0.3
rs1018,GENE_87,0.01726396305299754,0.01726396305299754,0 to 0.3
rs1018,GENE_88,-0.20046239239703573,0.20046239239703573,-0.3 to 0
rs1018,GENE_89,-0.04754036771232123,0.04754036771232123,-0.3 to 0
rs1018,GENE_90,-0.12043518731844727,0.12043518731844727,-0.3 to 0
rs1018,GENE_91,0.028465723753094262,0.028465723753094262,0 to 0.3
rs1018,GENE_92,-0.00498312212747179,0.00498312212747179,-0.3 to 0
rs1018,GENE_93,0.04050335588152351,0.04050335588152351,0 to 0.3
rs1018,GENE_94,-0.15161008856009803,0.15161008856009803,-0.3 to 0
rs1018,GENE_95,0.030949473003419364,0.030949473003419364,0 to 0.3
rs1018,GENE_96,-0.1576235942182318,0.1576235942182318,-0.3 to 0
rs1018,GENE_97,-0.06232114527932675,0.06232114527932675,-0.3 to 0
rs1018,GENE_98,0.15990876496492273,0.15990876496492273,0 to 0.3
rs1018,GENE_99,-0.2831556718717491,0.2831556718717491,-0.3 to 0
rs1018,GENE_100,-0.0873915739492141,0.0873915739492141,-0.3 to 0
rs1019,GENE_1,0.042518145872822995,0.042518145872822995,0 to 0.3
rs1019,GENE_2,0.14157448015110538,0.14157448015110538,0 to 0.3
rs1019,GENE_3,0.2863267860557895,0.2863267860557895,0 to 0.3
rs1019,GENE_4,0.09179280496837697,0.09179280496837697,0 to 0.3
rs1019,GENE_5,-0.09599606693366788,0.09599606693366788,-0.3 to 0
rs1019,GENE_6,-0.22058493258150602,0.22058493258150602,-0.3 to 0
rs1019,GENE_7,-0.03441690882940493,0.03441690882940493,-0.3 to 0
rs1019,GENE_8,0.16198132802721948,0.16198132802721948,0 to 0.3
rs1019,GENE_9,-0.18734303818560197,0.18734303818560197,-0.3 to 0
rs1019,GENE_10,0.30746710340717204,0.30746710340717204,0.3 to 0.5
rs1019,GENE_11,-0.1856167425461112,0.1856167425461112,-0.3 to 0
rs1019,GENE_12,0.05876907167950995,0.05876907167950995,0 to 0.3
rs1019,GENE_13,0.32279262801311687,0.32279262801311687,0.3 to 0.5
rs1019,GENE_14,-0.0665898279854078,0.0665898279854078,-0.3 to 0
rs1019,GENE_15,0.27906435122128226,0.27906435122128226,0 to 0.3
rs1019,GENE_16,-0.19105199983023305,0.19105199983023305,-0.3 to 0
rs1019,GENE_17,-0.38524984450668254,0.38524984450668254,-0.5 to -0.3
rs1019,GENE_18,-0.016162830471196963,0.016162830471196963,-0.3 to 0
rs1019,GENE_19,-0.2047027249081629,0.2047027249081629,-0.3 to 0
rs1019,GENE_20,0.00529292214690131,0.00529292214690131,0 to 0.3
rs1019,GENE_21,-0.18189455363607684,0.18189455363607684,-0.3 to 0
rs1019,GENE_22,-0.2136318531648113,0.2136318531648113,-0.3 to 0
rs1019,GENE_23,0.11527399756204952,0.11527399756204952,0 to 0.3
rs1019,GENE_24,0.03682972436720035,0.03682972436720035,0 to 0.3
rs1019,GENE_25,0.11299333914652825,0.11299333914652825,0 to 0.3
rs1019,GENE_26,0.13472059195077432,0.13472059195077432,0 to 0.3
rs1019,GENE_27,-0.12279940097310209,0.12279940097310209,-0.3 to 0
rs1019,GENE_28,-0.01824258038228023,0.01824258038228023,-0.3 to 0
rs1019,GENE_29,0.267401938341873,0.267401938341873,0 to 0.3
rs1019,GENE_30,0.3734408194681944,0.3734408194681944,0.3 to 0.5
rs1019,GENE_31,0.5100280786542449,0.5100280786542449,0.5 to 0.7
rs1019,GENE_32,-0.2806099572513644,0.2806099572513644,-0.3 to 0
rs1019,GENE_33,-0.06447509098868032,0.06447509098868032,-0.3 to 0
rs1019,GENE_34,-0.14482002438802563,0.14482002438802563,-0.3 to 0
rs1019,GENE_35,-0.011155908293465501,0.011155908293465501,-0.3 to 0
rs1019,GENE_36,-0.24519098227147992,0.24519098227147992,-0.3 to 0
rs1019,GENE_37,-0.07548891507068302,0.07548891507068302,-0.3 to 0
rs1019,GENE_38,-0.060041231951085614,0.060041231951085614,-0.3 to 0
rs1019,GENE_39,0.1940442317637825,0.1940442317637825,0 to 0.3
rs1019,GENE_40,-0.02480956800238918,0.02480956800238918,-0.3 to 0
rs1019,GENE_41,-0.17229395416617546,0.17229395416617546,-0.3 to 0
rs1019,GENE_42,0.10729706450487242,0.10729706450487242,0 to 0.3
rs1019,GENE_43,0.189888338007403,0.189888338007403,0 to 0.3
rs1019,GENE_44,0.11637457664590349,0.11637457664590349,0 to 0.3
rs1019,GENE_45,0.48113066970227514,0.48113066970227514,0.3 to 0.5
rs1019,GENE_46,-0.13678913326263767,0.13678913326263767,-0.3 to 0
rs1019,GENE_47,0.1971492604268642,0.1971492604268642,0 to 0.3
rs1019,GENE_48,-0.036119586407750405,0.036119586407750405,-0.3 to 0
rs1019,GENE_49,0.3282471171251435,0.3282471171251435,0.3 to 0.5
rs1019,GENE_50,-0.18701424978769507,0.18701424978769507,-0.3 to 0
rs1019,GENE_51,0.16014220798989276,0.16014220798989276,0 to 0.3
rs1019,GENE_52,-0.28210752774221515,0.28210752774221515,-0.3 to 0
rs1019,GENE_53,0.04729949746015572,0.04729949746015572,0 to 0.3
rs1019,GENE_54,-0.011530521474786197,0.011530521474786197,-0.3 to 0
rs1019,GENE_55,0.1773280479822965,0.1773280479822965,0 to 0.3
rs1019,GENE_56,0.07699250796350328,0.07699250796350328,0 to 0.3
rs1019,GENE_57,0.3692398159807878,0.3692398159807878,0.3 to 0.5
rs1019,GENE_58,-0.26688038608544934,0.26688038608544934,-0.3 to 0
rs1019,GENE_59,0.17349115790997593,0.17349115790997593,0 to 0.3
rs1019,GENE_60,-0.07106055282490394,0.07106055282490394,-0.3 to 0
rs1019,GENE_61,-0.07677736062212034,0.07677736062212034,-0.3 to 0
rs1019,GENE_62,-0.21782430263726701,0.21782430263726701,-0.3 to 0
rs1019,GENE_63,-0.1945279623439092,0.1945279623439092,-0.3 to 0
rs1019,GENE_64,0.10692015608238017,0.10692015608238017,0 to 0.3
rs1019,GENE_65,-0.1803086880925839,0.1803086880925839,-0.3 to 0
rs1019,GENE_66,-0.1511730976089672,0.1511730976089672,-0.3 to 0
rs1019,GENE_67,0.2749207398847966,0.2749207398847966,0 to 0.3
rs1019,GENE_68,-0.27199734715057017,0.27199734715057017,-0.3 to 0
rs1019,GENE_69,-0.22669998498960595,0.22669998498960595,-0.3 to 0
rs1019,GENE_70,-0.09724045286134271,0.09724045286134271,-0.3 to 0
rs1019,GENE_71,0.3045360669019341,0.3045360669019341,0.3 to 0.5
rs1019,GENE_72,-0.08047789510420547,0.08047789510420547,-0.3 to 0
rs1019,GENE_73,0.0227634844444891,0.0227634844444891,0 to 0.3
rs1019,GENE_74,0.10737889665929849,0.10737889665929849,0 to 0.3
rs1019,GENE_75,-0.10968016628841887,0.10968016628841887,-0.3 to 0
rs1019,GENE_76,0.1057063466192586,0.1057063466192586,0 to 0.3
rs1019,GENE_77,0.06667190928904994,0.06667190928904994,0 to 0.3
rs1019,GENE_78,-0.24051603436188898,0.24051603436188898,-0.3 to 0
rs1019,GENE_79,-0.13490124297653255,0.13490124297653255,-0.3 to 0
rs1019,GENE_80,0.17192682574587057,0.17192682574587057,0 to 0.3
rs1019,GENE_81,0.09723400151115183,0.09723400151115183,0 to 0.3
rs1019,GENE_82,0.28109081754704973,0.28109081754704973,0 to 0.3
rs1019,GENE_83,-0.1542245556888945,0.1542245556888945,-0.3 to 0
rs1019,GENE_84,-0.0600069511054681,0.0600069511054681,-0.3 to 0
rs1019,GENE_85,-0.09391997333766264,0.09391997333766264,-0.3 to 0
rs1019,GENE_86,0.05159444155384715,0.05159444155384715,0 to 0.3
rs1019,GENE_87,0.19302560795837184,0.19302560795837184,0 to 0.3
rs1019,GENE_88,-0.20259071723650732,0.20259071723650732,-0.3 to 0
rs1019,GENE_89,-0.05087785200168494,0.05087785200168494,-0.3 to 0
rs1019,GENE_90,-0.12771430593387717,0.12771430593387717,-0.3 to 0
rs1019,GENE_91,-0.22229169171817686,0.22229169171817686,-0.3 to 0
rs1019,GENE_92,0.1999170579925685,0.1999170579925685,0 to 0.3
rs1019,GENE_93,0.41044903869148164,0.41044903869148164,0.3 to 0.5
rs1019,GENE_94,0.02877376503811789,0.02877376503811789,0 to 0.3
rs1019,GENE_95,0.16949183991706743,0.16949183991706743,0 to 0.3
rs1019,GENE_96,0.3801040584920335,0.3801040584920335,0.3 to 0.5
rs1019,GENE_97,0.11918008785168452,0.11918008785168452,0 to 0.3
rs1019,GENE_98,0.10789863718631094,0.10789863718631094,0 to 0.3
rs1019,GENE_99,0.009222644909544327,0.009222644909544327,0 to 0.3
rs1019,GENE_100,-0.14984218862417756,0.14984218862417756,-0.3 to 0
rs1020,GENE_1,-0.05492367602997158,0.05492367602997158,-0.3 to 0
rs1020,GENE_2,0.14596743216595087,0.14596743216595087,0 to 0.3
rs1020,GENE_3,0.20836396361818335,0.20836396361818335,0 to 0.3
rs1020,GENE_4,0.12934300457495912,0.12934300457495912,0 to 0.3
rs1020,GENE_5,0.2049933435386774,0.2049933435386774,0 to 0.3
rs1020,GENE_6,-0.043939782809866185,0.043939782809866185,-0.3 to 0
rs1020,GENE_7,-0.03243040514153547,0.03243040514153547,-0.3 to 0
rs1020,GENE_8,-0.38341070049984355,0.38341070049984355,-0.5 to -0.3
rs1020,GENE_9,0.24938292797223086,0.24938292797223086,0 to 0.3
rs1020,GENE_10,-0.27231258694811983,0.27231258694811983,-0.3 to 0
rs1020,GENE_11,-0.011098524449484426,0.011098524449484426,-0.3 to 0
rs1020,GENE_12,-0.11883298050037495,0.11883298050037495,-0.3 to 0
rs1020,GENE_13,-0.11272372587987266,0.11272372587987266,-0.3 to 0
rs1020,GENE_14,0.20155593830035415,0.20155593830035415,0 to 0.3
rs1020,GENE_15,-0.05763534499544241,0.05763534499544241,-0.3 to 0
rs1020,GENE_16,-0.058875016433398514,0.058875016433398514,-0.3 to 0
rs1020,GENE_17,0.38504298517739,0.38504298517739,0.3 to 0.5
rs1020,GENE_18,-0.31465452737911154,0.31465452737911154,-0.5 to -0.3
rs1020,GENE_19,0.031511319023221414,0.031511319023221414,0 to 0.3
rs1020,GENE_20,0.17241471245034953,0.17241471245034953,0 to 0.3
rs1020,GENE_21,-0.2805951687317997,0.2805951687317997,-0.3 to 0
rs1020,GENE_22,0.20768326348245553,0.20768326348245553,0 to 0.3
rs1020,GENE_23,0.10718164484081676,0.10718164484081676,0 to 0.3
rs1020,GENE_24,0.003479231399494132,0.003479231399494132,0 to 0.3
rs1020,GENE_25,-0.09146266440023142,0.09146266440023142,-0.3 to 0
rs1020,GENE_26,0.1504277169184292,0.1504277169184292,0 to 0.3
rs1020,GENE_27,-0.03330304408634046,0.03330304408634046,-0.3 to 0
rs1020,GENE_28,0.06675565425194069,0.06675565425194069,0 to 0.3
rs1020,GENE_29,-0.10783198444929815,0.10783198444929815,-0.3 to 0
rs1020,GENE_30,0.09823104539179771,0.09823104539179771,0 to 0.3
rs1020,GENE_31,-0.2442343739057517,0.2442343739057517,-0.3 to 0
rs1020,GENE_32,0.01306635279919532,0.01306635279919532,0 to 0.3
rs1020,GENE_33,0.14114523648250507,0.14114523648250507,0 to 0.3
rs1020,GENE_34,0.23204867822051994,0.23204867822051994,0 to 0.3
rs1020,GENE_35,0.0034594900699239733,0.0034594900699239733,0 to 0.3
rs1020,GENE_36,-0.14943459937332174,0.14943459937332174,-0.3 to 0
rs1020,GENE_37,0.05507394373467173,0.05507394373467173,0 to 0.3
rs1020,GENE_38,-0.1912133234484669,0.1912133234484669,-0.3 to 0
rs1020,GENE_39,-0.08771733776409689,0.08771733776409689,-0.3 to 0
rs1020,GENE_40,0.2243639444737799,0.2243639444737799,0 to 0.3
rs1020,GENE_41,-0.08083648096362711,0.08083648096362711,-0.3 to 0
rs1020,GENE_42,-0.010737760058501421,0.010737760058501421,-0.3 to 0
rs1020,GENE_43,-0.12290087420412048,0.12290087420412048,-0.3 to 0
rs1020,GENE_44,0.2116116009000814,0.2116116009000814,0 to 0.3
rs1020,GENE_45,-0.19384266195458216,0.19384266195458216,-0.3 to 0
rs1020,GENE_46,-0.004175514797927298,0.004175514797927298,-0.3 to 0
rs1020,GENE_47,0.2067035247926321,0.2067035247926321,0 to 0.3
rs1020,GENE_48,-0.13628703563555508,0.13628703563555508,-0.3 to 0
rs1020,GENE_49,-0.24570463699905545,0.24570463699905545,-0.3 to 0
rs1020,GENE_50,0.22059812014694746,0.22059812014694746,0 to 0.3
rs1020,GENE_51,0.005875604057780542,0.005875604057780542,0 to 0.3
rs1020,GENE_52,-0.08835686793979944,0.08835686793979944,-0.3 to 0
rs1020,GENE_53,0.07929636195426396,0.07929636195426396,0 to 0.3
rs1020,GENE_54,0.0060003406322141455,0.0060003406322141455,0 to 0.3
rs1020,GENE_55,0.30562317754136753,0.30562317754136753,0.3 to 0.5
rs1020,GENE_56,0.3242584214831148,0.3242584214831148,0.3 to 0.5
rs1020,GENE_57,-0.15723921594399404,0.15723921594399404,-0.3 to 0
rs1020,GENE_58,0.15142051695817807,0.15142051695817807,0 to 0.3
rs1020,GENE_59,-0.08843982256014037,0.08843982256014037,-0.3 to 0
rs1020,GENE_60,0.15897466246218564,0.15897466246218564,0 to 0.3
rs1020,GENE_61,0.0680768817805813,0.0680768817805813,0 to 0.3
rs1020,GENE_62,0.07444986678170257,0.07444986678170257,0 to 0.3
rs1020,GENE_63,-0.08859113127477339,0.08859113127477339,-0.3 to 0
rs1020,GENE_64,-0.1989933808261139,0.1989933808261139,-0.3 to 0
rs1020,GENE_65,0.013222597291366859,0.013222597291366859,0 to 0.3
rs1020,GENE_66,0.2719495101196713,0.2719495101196713,0 to 0.3
rs1020,GENE_67,-0.21947887013660156,0.21947887013660156,-0.3 to 0
rs1020,GENE_68,0.04006306654403116,0.04006306654403116,0 to 0.3
rs1020,GENE_69,0.17981334598252316,0.17981334598252316,0 to 0.3
rs1020,GENE_70,-0.16767767895723582,0.16767767895723582,-0.3 to 0
rs1020,GENE_71,-0.08722440364305453,0.08722440364305453,-0.3 to 0
rs1020,GENE_72,0.07831026476094197,0.07831026476094197,0 to 0.3
rs1020,GENE_73,0.2219252543203314,0.2219252543203314,0 to 0.3
rs1020,GENE_74,-0.09093995690663449,0.09093995690663449,-0.3 to 0
rs1020,GENE_75,-0.26318418479889155,0.26318418479889155,-0.3 to 0
rs1020,GENE_76,0.01889634397428932,0.01889634397428932,0 to 0.3
rs1020,GENE_77,-0.08832767303788866,0.08832767303788866,-0.3 to 0
rs1020,GENE_78,0.03987932272051698,0.03987932272051698,0 to 0.3
rs1020,GENE_79,0.2597262329964012,0.2597262329964012,0 to 0.3
rs1020,GENE_80,-0.14007199841808604,0.14007199841808604,-0.3 to 0
rs1020,GENE_81,0.1128161946000608,0.1128161946000608,0 to 0.3
rs1020,GENE_82,-0.01454478858872688,0.01454478858872688,-0.3 to 0
rs1020,GENE_83,-0.02126571210244199,0.02126571210244199,-0.3 to 0
rs1020,GENE_84,0.03669574240533212,0.03669574240533212,0 to 0.3
rs1020,GENE_85,0.04420517151944809,0.04420517151944809,0 to 0.3
rs1020,GENE_86,0.02531331234726318,0.02531331234726318,0 to 0.3
rs1020,GENE_87,-0.19437229648480298,0.19437229648480298,-0.3 to 0
rs1020,GENE_88,0.23962179511793943,0.23962179511793943,0 to 0.3
rs1020,GENE_89,0.039467085830668894,0.039467085830668894,0 to 0.3
rs1020,GENE_90,0.14509787370641272,0.14509787370641272,0 to 0.3
rs1020,GENE_91,-0.18833705160247127,0.18833705160247127,-0.3 to 0
rs1020,GENE_92,-0.24311698172204435,0.24311698172204435,-0.3 to 0
rs1020,GENE_93,-0.10140754243794585,0.10140754243794585,-0.3 to 0
rs1020,GENE_94,0.12266770860346562,0.12266770860346562,0 to 0.3
rs1020,GENE_95,-0.1460205911827471,0.1460205911827471,-0.3 to 0
rs1020,GENE_96,-0.2800998286585181,0.2800998286585181,-0.3 to 0
rs1020,GENE_97,0.15080819395396056,0.15080819395396056,0 to 0.3
rs1020,GENE_98,-0.05401631099767514,0.05401631099767514,-0.3 to 0
rs1020,GENE_99,0.0968542275256658,0.0968542275256658,0 to 0.3
rs1020,GENE_100,0.14048953912114528,0.14048953912114528,0 to 0.3
rs1021,GENE_1,-0.039568954950327744,0.039568954950327744,-0.3 to 0
rs1021,GENE_2,-0.03051518063668983,0.03051518063668983,-0.3 to 0
rs1021,GENE_3,-0.25979269366369173,0.25979269366369173,-0.3 to 0
rs1021,GENE_4,-0.0538896116271721,0.0538896116271721,-0.3 to 0
rs1021,GENE_5,0.11504544699576437,0.11504544699576437,0 to 0.3
rs1021,GENE_6,0.12203086861491115,0.12203086861491115,0 to 0.3
rs1021,GENE_7,0.0039793392196125705,0.0039793392196125705,0 to 0.3
rs1021,GENE_8,0.272493012837346,0.272493012837346,0 to 0.3
rs1021,GENE_9,0.02473711743058042,0.02473711743058042,0 to 0.3
rs1021,GENE_10,0.22124083149521628,0.22124083149521628,0 to 0.3
rs1021,GENE_11,-0.00044754169201791045,0.00044754169201791045,-0.3 to 0
rs1021,GENE_12,-0.07311031848189525,0.07311031848189525,-0.3 to 0
rs1021,GENE_13,0.19032367558944174,0.19032367558944174,0 to 0.3
rs1021,GENE_14,0.039620191431688837,0.039620191431688837,0 to 0.3
rs1021,GENE_15,0.18197582124151687,0.18197582124151687,0 to 0.3
rs1021,GENE_16,-0.021457156175343658,0.021457156175343658,-0.3 to 0
rs1021,GENE_17,-0.11490694434384618,0.11490694434384618,-0.3 to 0
rs1021,GENE_18,0.32801649474171646,0.32801649474171646,0.3 to 0.5
rs1021,GENE_19,0.21729080821879826,0.21729080821879826,0 to 0.3
rs1021,GENE_20,0.1444134588058974,0.1444134588058974,0 to 0.3
rs1021,GENE_21,-0.1623132507845267,0.1623132507845267,-0.3 to 0
rs1021,GENE_22,-0.01567493332106775,0.01567493332106775,-0.3 to 0
rs1021,GENE_23,-0.011892234889936126,0.011892234889936126,-0.3 to 0
rs1021,GENE_24,-0.008766509952936033,0.008766509952936033,-0.3 to 0
rs1021,GENE_25,0.06147310820943062,0.06147310820943062,0 to 0.3
rs1021,GENE_26,0.2870945664711899,0.2870945664711899,0 to 0.3
rs1021,GENE_27,-0.024745906249928472,0.024745906249928472,-0.3 to 0
rs1021,GENE_28,0.3044480159639469,0.3044480159639469,0.3 to 0.5
rs1021,GENE_29,0.10593961194631928,0.10593961194631928,0 to 0.3
rs1021,GENE_30,-0.02803869714537547,0.02803869714537547,-0.3 to 0
rs1021,GENE_31,0.18751359294137365,0.18751359294137365,0 to 0.3
rs1021,GENE_32,-0.2683030941266636,0.2683030941266636,-0.3 to 0
rs1021,GENE_33,0.2315159455656512,0.2315159455656512,0 to 0.3
rs1021,GENE_34,-0.07016060118993027,0.07016060118993027,-0.3 to 0
rs1021,GENE_35,0.2740325109339181,0.2740325109339181,0 to 0.3
rs1021,GENE_36,0.23659133864387366,0.23659133864387366,0 to 0.3
rs1021,GENE_37,0.11854246138773286,0.11854246138773286,0 to 0.3
rs1021,GENE_38,0.36281319905316384,0.36281319905316384,0.3 to 0.5
rs1021,GENE_39,0.07901799680599872,0.07901799680599872,0 to 0.3
rs1021,GENE_40,0.029733064376988028,0.029733064376988028,0 to 0.3
rs1021,GENE_41,0.038737816244077586,0.038737816244077586,0 to 0.3
rs1021,GENE_42,0.0026803371909278877,0.0026803371909278877,0 to 0.3
rs1021,GENE_43,0.2542686814280788,0.2542686814280788,0 to 0.3
rs1021,GENE_44,0.38846656968745663,0.38846656968745663,0.3 to 0.5
rs1021,GENE_45,0.04861179980484251,0.04861179980484251,0 to 0.3
rs1021,GENE_46,0.10543768082273586,0.10543768082273586,0 to 0.3
rs1021,GENE_47,-0.20606301205271987,0.20606301205271987,-0.3 to 0
rs1021,GENE_48,-0.0006357156708489529,0.0006357156708489529,-0.3 to 0
rs1021,GENE_49,0.14862713379076678,0.14862713379076678,0 to 0.3
rs1021,GENE_50,0.16376299319040452,0.16376299319040452,0 to 0.3
rs1021,GENE_51,0.05617667186268205,0.05617667186268205,0 to 0.3
rs1021,GENE_52,0.19940977394632423,0.19940977394632423,0 to 0.3
rs1021,GENE_53,0.15559062101861834,0.15559062101861834,0 to 0.3
rs1021,GENE_54,0.043296951316488114,0.043296951316488114,0 to 0.3
rs1021,GENE_55,-0.1927001053649202,0.1927001053649202,-0.3 to 0
rs1021,GENE_56,-0.15142324612003766,0.15142324612003766,-0.3 to 0
rs1021,GENE_57,-0.2814561870411373,0.2814561870411373,-0.3 to 0
rs1021,GENE_58,0.3194992475110449,0.3194992475110449,0.3 to 0.5
rs1021,GENE_59,0.15178684818121496,0.15178684818121496,0 to 0.3
rs1021,GENE_60,0.21202775846219318,0.21202775846219318,0 to 0.3
rs1021,GENE_61,0.04161869327476688,0.04161869327476688,0 to 0.3
rs1021,GENE_62,-0.005736854660975246,0.005736854660975246,-0.3 to 0
rs1021,GENE_63,0.16702064210521225,0.16702064210521225,0 to 0.3
rs1021,GENE_64,0.32112315194833085,0.32112315194833085,0.3 to 0.5
rs1021,GENE_65,-0.05781165275974577,0.05781165275974577,-0.3 to 0
rs1021,GENE_66,-0.20906190288543283,0.20906190288543283,-0.3 to 0
rs1021,GENE_67,0.03557590992871974,0.03557590992871974,0 to 0.3
rs1021,GENE_68,-0.036151186611220014,0.036151186611220014,-0.3 to 0
rs1021,GENE_69,0.2501803355343975,0.2501803355343975,0 to 0.3
rs1021,GENE_70,0.328260790990501,0.328260790990501,0.3 to 0.5
rs1021,GENE_71,0.021568812623442117,0.021568812623442117,0 to 0.3
rs1021,GENE_72,-0.013984336317559092,0.013984336317559092,-0.3 to 0
rs1021,GENE_73,-0.12887352339840316,0.12887352339840316,-0.3 to 0
rs1021,GENE_74,0.2574864649177232,0.2574864649177232,0 to 0.3
rs1021,GENE_75,0.2520605614991431,0.2520605614991431,0 to 0.3
rs1021,GENE_76,-0.007092483624594011,0.007092483624594011,-0.3 to 0
rs1021,GENE_77,0.2358346365294587,0.2358346365294587,0 to 0.3
rs1021,GENE_78,-0.1658730416019982,0.1658730416019982,-0.3 to 0
rs1021,GENE_79,-0.13592898785130153,0.13592898785130153,-0.3 to 0
rs1021,GENE_80,0.2908766096437047,0.2908766096437047,0 to 0.3
rs1021,GENE_81,0.22737927105646352,0.22737927105646352,0 to 0.3
rs1021,GENE_82,0.05990942633226603,0.05990942633226603,0 to 0.3
rs1021,GENE_83,0.02923397450717918,0.02923397450717918,0 to 0.3
rs1021,GENE_84,0.0028404884635727687,0.0028404884635727687,0 to 0.3
rs1021,GENE_85,-0.20842947231546471,0.20842947231546471,-0.3 to 0
rs1021,GENE_86,0.06844851762043917,0.06844851762043917,0 to 0.3
rs1021,GENE_87,-0.22799678336687407,0.22799678336687407,-0.3 to 0
rs1021,GENE_88,-0.26364855422559436,0.26364855422559436,-0.3 to 0
rs1021,GENE_89,-0.21668060823165053,0.21668060823165053,-0.3 to 0
rs1021,GENE_90,-0.17701393407163915,0.17701393407163915,-0.3 to 0
rs1021,GENE_91,-0.21472746987706837,0.21472746987706837,-0.3 to 0
rs1021,GENE_92,0.0037388498978493208,0.0037388498978493208,0 to 0.3
rs1021,GENE_93,-0.11721249599095983,0.11721249599095983,-0.3 to 0
rs1021,GENE_94,0.07319650419883841,0.07319650419883841,0 to 0.3
rs1021,GENE_95,-0.29270496075937336,0.29270496075937336,-0.3 to 0
rs1021,GENE_96,0.028546369504423994,0.028546369504423994,0 to 0.3
rs1021,GENE_97,-0.051705923670752336,0.051705923670752336,-0.3 to 0
rs1021,GENE_98,0.17732958225565965,0.17732958225565965,0 to 0.3
rs1021,GENE_99,-0.09902181019457672,0.09902181019457672,-0.3 to 0
rs1021,GENE_100,-0.06181239352791918,0.06181239352791918,-0.3 to 0
rs1022,GENE_1,-0.16116120386506014,0.16116120386506014,-0.3 to 0
rs1022,GENE_2,0.27781500464501424,0.27781500464501424,0 to 0.3
rs1022,GENE_3,-0.161292891787395,0.161292891787395,-0.3 to 0
rs1022,GENE_4,-0.24057809274143047,0.24057809274143047,-0.3 to 0
rs1022,GENE_5,-0.36525998556628764,0.36525998556628764,-0.5 to -0.3
rs1022,GENE_6,0.37688801947996825,0.37688801947996825,0.3 to 0.5
rs1022,GENE_7,0.09252459597902618,0.09252459597902618,0 to 0.3
rs1022,GENE_8,-0.22702468621087213,0.22702468621087213,-0.3 to 0
rs1022,GENE_9,-0.2339225883332877,0.2339225883332877,-0.3 to 0
rs1022,GENE_10,-0.051198309290253464,0.051198309290253464,-0.3 to 0
rs1022,GENE_11,-0.15082327551552022,0.15082327551552022,-0.3 to 0
rs1022,GENE_12,0.11660505547140708,0.11660505547140708,0 to 0.3
rs1022,GENE_13,0.15640386024909791,0.15640386024909791,0 to 0.3
rs1022,GENE_14,0.15258387333306653,0.15258387333306653,0 to 0.3
rs1022,GENE_15,-0.26840730206191027,0.26840730206191027,-0.3 to 0
rs1022,GENE_16,-0.0892315431849603,0.0892315431849603,-0.3 to 0
rs1022,GENE_17,-0.28524749553496853,0.28524749553496853,-0.3 to 0
rs1022,GENE_18,-0.1713333544480584,0.1713333544480584,-0.3 to 0
rs1022,GENE_19,-0.165099242669783,0.165099242669783,-0.3 to 0
rs1022,GENE_20,0.08668545661788737,0.08668545661788737,0 to 0.3
rs1022,GENE_21,0.4004299128173313,0.4004299128173313,0.3 to 0.5
rs1022,GENE_22,0.014244551814137172,0.014244551814137172,0 to 0.3
rs1022,GENE_23,0.12292962260853135,0.12292962260853135,0 to 0.3
rs1022,GENE_24,0.34141158654912074,0.34141158654912074,0.3 to 0.5
rs1022,GENE_25,-0.02386775991592198,0.02386775991592198,-0.3 to 0
rs1022,GENE_26,0.13693456464366532,0.13693456464366532,0 to 0.3
rs1022,GENE_27,-0.10353371896957211,0.10353371896957211,-0.3 to 0
rs1022,GENE_28,0.2500576846239298,0.2500576846239298,0 to 0.3
rs1022,GENE_29,-0.29287309953097784,0.29287309953097784,-0.3 to 0
rs1022,GENE_30,0.27645316426175537,0.27645316426175537,0 to 0.3
rs1022,GENE_31,0.06777596191041758,0.06777596191041758,0 to 0.3
rs1022,GENE_32,0.11364562843125273,0.11364562843125273,0 to 0.3
rs1022,GENE_33,-0.34993022842323807,0.34993022842323807,-0.5 to -0.3
rs1022,GENE_34,-0.09930337187568969,0.09930337187568969,-0.3 to 0
rs1022,GENE_35,0.30210375068404677,0.30210375068404677,0.3 to 0.5
rs1022,GENE_36,-0.24216181794076572,0.24216181794076572,-0.3 to 0
rs1022,GENE_37,-0.07478150485661601,0.07478150485661601,-0.3 to 0
rs1022,GENE_38,-0.3179584412859701,0.3179584412859701,-0.5 to -0.3
rs1022,GENE_39,0.23296843171070142,0.23296843171070142,0 to 0.3
rs1022,GENE_40,-0.27344077069467226,0.27344077069467226,-0.3 to 0
rs1022,GENE_41,-0.011680914184187782,0.011680914184187782,-0.3 to 0
rs1022,GENE_42,-0.2056395690241958,0.2056395690241958,-0.3 to 0
rs1022,GENE_43,-0.1809729551730468,0.1809729551730468,-0.3 to 0
rs1022,GENE_44,0.02976101898153946,0.02976101898153946,0 to 0.3
rs1022,GENE_45,-0.08834096041704653,0.08834096041704653,-0.3 to 0
rs1022,GENE_46,-0.2605922595968812,0.2605922595968812,-0.3 to 0
rs1022,GENE_47,-0.13973417910416566,0.13973417910416566,-0.3 to 0
rs1022,GENE_48,0.24432987196624817,0.24432987196624817,0 to 0.3
rs1022,GENE_49,-0.13645002954898197,0.13645002954898197,-0.3 to 0
rs1022,GENE_50,0.0673268711188329,0.0673268711188329,0 to 0.3
rs1022,GENE_51,-0.2011000999927361,0.2011000999927361,-0.3 to 0
rs1022,GENE_52,-0.26890757660462455,0.26890757660462455,-0.3 to 0
rs1022,GENE_53,0.23356958998648125,0.23356958998648125,0 to 0.3
rs1022,GENE_54,-0.15380362759611996,0.15380362759611996,-0.3 to 0
rs1022,GENE_55,0.4017663916920827,0.4017663916920827,0.3 to 0.5
rs1022,GENE_56,-0.02678232055818986,0.02678232055818986,-0.3 to 0
rs1022,GENE_57,0.1523953666973882,0.1523953666973882,0 to 0.3
rs1022,GENE_58,-0.18016081675473178,0.18016081675473178,-0.3 to 0
rs1022,GENE_59,-0.22918674251685772,0.22918674251685772,-0.3 to 0
rs1022,GENE_60,-0.11000644628838468,0.11000644628838468,-0.3 to 0
rs1022,GENE_61,-0.2079630838979237,0.2079630838979237,-0.3 to 0
rs1022,GENE_62,0.017181559794404125,0.017181559794404125,0 to 0.3
rs1022,GENE_63,0.24601180461591726,0.24601180461591726,0 to 0.3
rs1022,GENE_64,0.08690098225961174,0.08690098225961174,0 to 0.3
rs1022,GENE_65,-0.12421999205311351,0.12421999205311351,-0.3 to 0
rs1022,GENE_66,0.25530602196575297,0.25530602196575297,0 to 0.3
rs1022,GENE_67,-0.12982725333166845,0.12982725333166845,-0.3 to 0
rs1022,GENE_68,-0.1483035082232507,0.1483035082232507,-0.3 to 0
rs1022,GENE_69,-0.0020604870351387883,0.0020604870351387883,-0.3 to 0
rs1022,GENE_70,-0.3047984554418852,0.3047984554418852,-0.5 to -0.3
rs1022,GENE_71,-0.18467147334067083,0.18467147334067083,-0.3 to 0
rs1022,GENE_72,0.04147750579361623,0.04147750579361623,0 to 0.3
rs1022,GENE_73,0.22370141293217466,0.22370141293217466,0 to 0.3
rs1022,GENE_74,0.2995205476233642,0.2995205476233642,0 to 0.3
rs1022,GENE_75,0.2953725907552398,0.2953725907552398,0 to 0.3
rs1022,GENE_76,0.27884654598687675,0.27884654598687675,0 to 0.3
rs1022,GENE_77,-0.019168883218974603,0.019168883218974603,-0.3 to 0
rs1022,GENE_78,-0.0695983927243263,0.0695983927243263,-0.3 to 0
rs1022,GENE_79,0.004432455192327308,0.004432455192327308,0 to 0.3
rs1022,GENE_80,-0.09913544515755768,0.09913544515755768,-0.3 to 0
rs1022,GENE_81,-0.1796995327173326,0.1796995327173326,-0.3 to 0
rs1022,GENE_82,-0.08802445969508861,0.08802445969508861,-0.3 to 0
rs1022,GENE_83,-0.22892379555521805,0.22892379555521805,-0.3 to 0
rs1022,GENE_84,-0.26931604132695813,0.26931604132695813,-0.3 to 0
rs1022,GENE_85,-0.11874116359716001,0.11874116359716001,-0.3 to 0
rs1022,GENE_86,0.11400648963935579,0.11400648963935579,0 to 0.3
rs1022,GENE_87,0.3288116527707806,0.3288116527707806,0.3 to 0.5
rs1022,GENE_88,-0.1945223007878584,0.1945223007878584,-0.3 to 0
rs1022,GENE_89,0.3008003071571515,0.3008003071571515,0.3 to 0.5
rs1022,GENE_90,-0.2330412660574802,0.2330412660574802,-0.3 to 0
rs1022,GENE_91,0.0453175213019653,0.0453175213019653,0 to 0.3
rs1022,GENE_92,-0.18850521277557178,0.18850521277557178,-0.3 to 0
rs1022,GENE_93,0.13829048422651916,0.13829048422651916,0 to 0.3
rs1022,GENE_94,-0.17603826262490488,0.17603826262490488,-0.3 to 0
rs1022,GENE_95,0.056852382195070064,0.056852382195070064,0 to 0.3
rs1022,GENE_96,-0.10607770578458227,0.10607770578458227,-0.3 to 0
rs1022,GENE_97,0.3504338618912731,0.3504338618912731,0.3 to 0.5
rs1022,GENE_98,-0.20787403728092538,0.20787403728092538,-0.3 to 0
rs1022,GENE_99,-0.06478500027575222,0.06478500027575222,-0.3 to 0
rs1022,GENE_100,-0.0267533154638467,0.0267533154638467,-0.3 to 0
rs1023,GENE_1,0.405720162299826,0.405720162299826,0.3 to 0.5
rs1023,GENE_2,0.12760791581571107,0.12760791581571107,0 to 0.3
rs1023,GENE_3,0.24133241613731415,0.24133241613731415,0 to 0.3
rs1023,GENE_4,0.04090906909319394,0.04090906909319394,0 to 0.3
rs1023,GENE_5,-0.08122645737940051,0.08122645737940051,-0.3 to 0
rs1023,GENE_6,-0.1820537729944375,0.1820537729944375,-0.3 to 0
rs1023,GENE_7,-0.26228210309605016,0.26228210309605016,-0.3 to 0
rs1023,GENE_8,0.19451648037792113,0.19451648037792113,0 to 0.3
rs1023,GENE_9,-0.2757299934637488,0.2757299934637488,-0.3 to 0
rs1023,GENE_10,0.14231053011663955,0.14231053011663955,0 to 0.3
rs1023,GENE_11,-0.004287172743957969,0.004287172743957969,-0.3 to 0
rs1023,GENE_12,-0.1185672271324289,0.1185672271324289,-0.3 to 0
rs1023,GENE_13,-0.053985034806399636,0.053985034806399636,-0.3 to 0
rs1023,GENE_14,-0.1252900697974093,0.1252900697974093,-0.3 to 0
rs1023,GENE_15,0.05027237556177334,0.05027237556177334,0 to 0.3
rs1023,GENE_16,0.1356356120125038,0.1356356120125038,0 to 0.3
rs1023,GENE_17,-0.11476674983215153,0.11476674983215153,-0.3 to 0
rs1023,GENE_18,0.14611349478903038,0.14611349478903038,0 to 0.3
rs1023,GENE_19,-0.22400353593947026,0.22400353593947026,-0.3 to 0
rs1023,GENE_20,0.05339459468132987,0.05339459468132987,0 to 0.3
rs1023,GENE_21,0.06878360572688147,0.06878360572688147,0 to 0.3
rs1023,GENE_22,-0.23749821556303768,0.23749821556303768,-0.3 to 0
rs1023,GENE_23,-0.20764750241256746,0.20764750241256746,-0.3 to 0
rs1023,GENE_24,0.055074704401039225,0.055074704401039225,0 to 0.3
rs1023,GENE_25,0.019472928399622735,0.019472928399622735,0 to 0.3
rs1023,GENE_26,0.07163793924256713,0.07163793924256713,0 to 0.3
rs1023,GENE_27,0.2929574672639276,0.2929574672639276,0 to 0.3
rs1023,GENE_28,0.015881804219881092,0.015881804219881092,0 to 0.3
rs1023,GENE_29,-0.0435503891220179,0.0435503891220179,-0.3 to 0
rs1023,GENE_30,0.08217983518703002,0.08217983518703002,0 to 0.3
rs1023,GENE_31,0.10184959659880298,0.10184959659880298,0 to 0.3
rs1023,GENE_32,-0.1985273084134485,0.1985273084134485,-0.3 to 0
rs1023,GENE_33,-0.07522086714246067,0.07522086714246067,-0.3 to 0
rs1023,GENE_34,-0.3430100715270428,0.3430100715270428,-0.5 to -0.3
rs1023,GENE_35,-0.009790300214308484,0.009790300214308484,-0.3 to 0
rs1023,GENE_36,-0.04579019443821234,0.04579019443821234,-0.3 to 0
rs1023,GENE_37,0.0127680297020205,0.0127680297020205,0 to 0.3
rs1023,GENE_38,0.08449687752060558,0.08449687752060558,0 to 0.3
rs1023,GENE_39,-0.10402430426149968,0.10402430426149968,-0.3 to 0
rs1023,GENE_40,-0.3389054391688717,0.3389054391688717,-0.5 to -0.3
rs1023,GENE_41,-0.1386187927594565,0.1386187927594565,-0.3 to 0
rs1023,GENE_42,-0.2602949946439414,0.2602949946439414,-0.3 to 0
rs1023,GENE_43,0.02889535195283191,0.02889535195283191,0 to 0.3
rs1023,GENE_44,0.10067414383664681,0.10067414383664681,0 to 0.3
rs1023,GENE_45,-0.07835054654932716,0.07835054654932716,-0.3 to 0
rs1023,GENE_46,0.1758602632442783,0.1758602632442783,0 to 0.3
rs1023,GENE_47,0.21498254014941784,0.21498254014941784,0 to 0.3
rs1023,GENE_48,0.25040650225629457,0.25040650225629457,0 to 0.3
rs1023,GENE_49,-0.10288490325510981,0.10288490325510981,-0.3 to 0
rs1023,GENE_50,0.045992379482080924,0.045992379482080924,0 to 0.3
rs1023,GENE_51,-0.43423197610454156,0.43423197610454156,-0.5 to -0.3
rs1023,GENE_52,0.19440169901622767,0.19440169901622767,0 to 0.3
rs1023,GENE_53,-0.19138414949089727,0.19138414949089727,-0.3 to 0
rs1023,GENE_54,0.02003541163260452,0.02003541163260452,0 to 0.3
rs1023,GENE_55,0.03616779802659485,0.03616779802659485,0 to 0.3
rs1023,GENE_56,0.24275028823290612,0.24275028823290612,0 to 0.3
rs1023,GENE_57,0.3114384764649308,0.3114384764649308,0.3 to 0.5
rs1023,GENE_58,0.05299448339592873,0.05299448339592873,0 to 0.3
rs1023,GENE_59,0.0043299335113162075,0.0043299335113162075,0 to 0.3
rs1023,GENE_60,-0.19780361064012772,0.19780361064012772,-0.3 to 0
rs1023,GENE_61,0.07135475631870217,0.07135475631870217,0 to 0.3
rs1023,GENE_62,-0.32754232027674,0.32754232027674,-0.5 to -0.3
rs1023,GENE_63,0.09241057713576058,0.09241057713576058,0 to 0.3
rs1023,GENE_64,0.11070215387755772,0.11070215387755772,0 to 0.3
rs1023,GENE_65,0.23486076646536155,0.23486076646536155,0 to 0.3
rs1023,GENE_66,-0.1364139977081437,0.1364139977081437,-0.3 to 0
rs1023,GENE_67,-0.19808711355877012,0.19808711355877012,-0.3 to 0
rs1023,GENE_68,0.2631032598166374,0.2631032598166374,0 to 0.3
rs1023,GENE_69,0.16143701784889172,0.16143701784889172,0 to 0.3
rs1023,GENE_70,-0.1065317874411462,0.1065317874411462,-0.3 to 0
rs1023,GENE_71,-0.10812835406686208,0.10812835406686208,-0.3 to 0
rs1023,GENE_72,-0.22030851410618207,0.22030851410618207,-0.3 to 0
rs1023,GENE_73,-0.14636538062161694,0.14636538062161694,-0.3 to 0
rs1023,GENE_74,-0.036134321358903085,0.036134321358903085,-0.3 to 0
rs1023,GENE_75,-0.2087880476565652,0.2087880476565652,-0.3 to 0
rs1023,GENE_76,-0.4583082959219465,0.4583082959219465,-0.5 to -0.3
rs1023,GENE_77,0.10215343674515075,0.10215343674515075,0 to 0.3
rs1023,GENE_78,-0.19185584895280328,0.19185584895280328,-0.3 to 0
rs1023,GENE_79,-0.22669021618218935,0.22669021618218935,-0.3 to 0
rs1023,GENE_80,-0.0016495953821819135,0.0016495953821819135,-0.3 to 0
rs1023,GENE_81,0.3068335387909345,0.3068335387909345,0.3 to 0.5
rs1023,GENE_82,0.007655836536443855,0.007655836536443855,0 to 0.3
rs1023,GENE_83,0.209988993401876,0.209988993401876,0 to 0.3
rs1023,GENE_84,0.11079297738306632,0.11079297738306632,0 to 0.3
rs1023,GENE_85,0.33463092626516333,0.33463092626516333,0.3 to 0.5
rs1023,GENE_86,0.09525415773339686,0.09525415773339686,0 to 0.3
rs1023,GENE_87,0.25941446855912753,0.25941446855912753,0 to 0.3
rs1023,GENE_88,0.29054638829373003,0.29054638829373003,0 to 0.3
rs1023,GENE_89,-0.26071125677478607,0.26071125677478607,-0.3 to 0
rs1023,GENE_90,0.2421857781027227,0.2421857781027227,0 to 0.3
rs1023,GENE_91,0.033431052762087736,0.033431052762087736,0 to 0.3
rs1023,GENE_92,-0.2508301914441941,0.2508301914441941,-0.3 to 0
rs1023,GENE_93,0.1662136868081618,0.1662136868081618,0 to 0.3
rs1023,GENE_94,-0.35952624605626227,0.35952624605626227,-0.5 to -0.3
rs1023,GENE_95,0.31509031808838295,0.31509031808838295,0.3 to 0.5
rs1023,GENE_96,-0.2144786615864048,0.2144786615864048,-0.3 to 0
rs1023,GENE_97,0.1357179281972756,0.1357179281972756,0 to 0.3
rs1023,GENE_98,-0.046533577578477626,0.046533577578477626,-0.3 to 0
rs1023,GENE_99,-0.12077596345108987,0.12077596345108987,-0.3 to 0
rs1023,GENE_100,0.05662496035172913,0.05662496035172913,0 to 0.3
rs1024,GENE_1,-0.2168571435118567,0.2168571435118567,-0.3 to 0
rs1024,GENE_2,-0.22492498266647645,0.22492498266647645,-0.3 to 0
rs1024,GENE_3,0.27200460810376786,0.27200460810376786,0 to 0.3
rs1024,GENE_4,-0.095253331464624,0.095253331464624,-0.3 to 0
rs1024,GENE_5,-0.08854913635601536,0.08854913635601536,-0.3 to 0
rs1024,GENE_6,-0.014241520124266474,0.014241520124266474,-0.3 to 0
rs1024,GENE_7,0.22255968360213108,0.22255968360213108,0 to 0.3
rs1024,GENE_8,-0.13387279505941233,0.13387279505941233,-0.3 to 0
rs1024,GENE_9,-0.07852544545501151,0.07852544545501151,-0.3 to 0
rs1024,GENE_10,-0.1921655548404125,0.1921655548404125,-0.3 to 0
rs1024,GENE_11,0.2632028171460401,0.2632028171460401,0 to 0.3
rs1024,GENE_12,-0.3945747116686518,0.3945747116686518,-0.5 to -0.3
rs1024,GENE_13,-0.19066323397061147,0.19066323397061147,-0.3 to 0
rs1024,GENE_14,0.36799746161866675,0.36799746161866675,0.3 to 0.5
rs1024,GENE_15,0.1737475557345564,0.1737475557345564,0 to 0.3
rs1024,GENE_16,0.30340929234001107,0.30340929234001107,0.3 to 0.5
rs1024,GENE_17,0.16798921144563303,0.16798921144563303,0 to 0.3
rs1024,GENE_18,-0.2709967802117164,0.2709967802117164,-0.3 to 0
rs1024,GENE_19,0.09687234321734937,0.09687234321734937,0 to 0.3
rs1024,GENE_20,0.10423287490897894,0.10423287490897894,0 to 0.3
rs1024,GENE_21,-0.21195202779757158,0.21195202779757158,-0.3 to 0
rs1024,GENE_22,0.03921616088444744,0.03921616088444744,0 to 0.3
rs1024,GENE_23,0.17543568794406514,0.17543568794406514,0 to 0.3
rs1024,GENE_24,-0.1894973735562998,0.1894973735562998,-0.3 to 0
rs1024,GENE_25,-0.3672766659866042,0.3672766659866042,-0.5 to -0.3
rs1024,GENE_26,-0.06871409415686597,0.06871409415686597,-0.3 to 0
rs1024,GENE_27,0.011675880829493172,0.011675880829493172,0 to 0.3
rs1024,GENE_28,0.08059383003210288,0.08059383003210288,0 to 0.3
rs1024,GENE_29,-0.11982646581112162,0.11982646581112162,-0.3 to 0
rs1024,GENE_30,-0.04744706042897408,0.04744706042897408,-0.3 to 0
rs1024,GENE_31,-0.29460072727625325,0.29460072727625325,-0.3 to 0
rs1024,GENE_32,-0.18775472880759556,0.18775472880759556,-0.3 to 0
rs1024,GENE_33,0.16965375561616733,0.16965375561616733,0 to 0.3
rs1024,GENE_34,0.31128871192369717,0.31128871192369717,0.3 to 0.5
rs1024,GENE_35,0.04035228161393877,0.04035228161393877,0 to 0.3
rs1024,GENE_36,-0.15388925688717753,0.15388925688717753,-0.3 to 0
rs1024,GENE_37,-0.046501237923992675,0.046501237923992675,-0.3 to 0
rs1024,GENE_38,-0.11861733038212932,0.11861733038212932,-0.3 to 0
rs1024,GENE_39,0.10948624655465002,0.10948624655465002,0 to 0.3
rs1024,GENE_40,-0.04935065945041977,0.04935065945041977,-0.3 to 0
rs1024,GENE_41,-0.29172628694222086,0.29172628694222086,-0.3 to 0
rs1024,GENE_42,-0.009220974192489951,0.009220974192489951,-0.3 to 0
rs1024,GENE_43,-0.1803812013167413,0.1803812013167413,-0.3 to 0
rs1024,GENE_44,0.050436378176254515,0.050436378176254515,0 to 0.3
rs1024,GENE_45,0.044188374863017355,0.044188374863017355,0 to 0.3
rs1024,GENE_46,0.19785446789052094,0.19785446789052094,0 to 0.3
rs1024,GENE_47,0.36521726808816285,0.36521726808816285,0.3 to 0.5
rs1024,GENE_48,0.010301544821556027,0.010301544821556027,0 to 0.3
rs1024,GENE_49,-0.16595248706759186,0.16595248706759186,-0.3 to 0
rs1024,GENE_50,0.2249877191997548,0.2249877191997548,0 to 0.3
rs1024,GENE_51,0.06453241246822629,0.06453241246822629,0 to 0.3
rs1024,GENE_52,-0.1654206987776643,0.1654206987776643,-0.3 to 0
rs1024,GENE_53,0.27442297295689555,0.27442297295689555,0 to 0.3
rs1024,GENE_54,0.0797332094957941,0.0797332094957941,0 to 0.3
rs1024,GENE_55,-0.27217793926341016,0.27217793926341016,-0.3 to 0
rs1024,GENE_56,0.17713038077943305,0.17713038077943305,0 to 0.3
rs1024,GENE_57,0.2052738495700145,0.2052738495700145,0 to 0.3
rs1024,GENE_58,0.12683815125508174,0.12683815125508174,0 to 0.3
rs1024,GENE_59,-0.055210125237127906,0.055210125237127906,-0.3 to 0
rs1024,GENE_60,-0.18832514226149688,0.18832514226149688,-0.3 to 0
rs1024,GENE_61,-0.03681163086176732,0.03681163086176732,-0.3 to 0
rs1024,GENE_62,-0.3548047697007656,0.3548047697007656,-0.5 to -0.3
rs1024,GENE_63,-0.1791352365220245,0.1791352365220245,-0.3 to 0
rs1024,GENE_64,0.007003993475374297,0.007003993475374297,0 to 0.3
rs1024,GENE_65,0.06700017510090632,0.06700017510090632,0 to 0.3
rs1024,GENE_66,0.20657782584072207,0.20657782584072207,0 to 0.3
rs1024,GENE_67,0.17713889659465015,0.17713889659465015,0 to 0.3
rs1024,GENE_68,0.11122202362795414,0.11122202362795414,0 to 0.3
rs1024,GENE_69,0.09581888328036672,0.09581888328036672,0 to 0.3
rs1024,GENE_70,-0.06637304372112579,0.06637304372112579,-0.3 to 0
rs1024,GENE_71,0.3330043353608385,0.3330043353608385,0.3 to 0.5
rs1024,GENE_72,0.2690100965334231,0.2690100965334231,0 to 0.3
rs1024,GENE_73,-0.022960028676345046,0.022960028676345046,-0.3 to 0
rs1024,GENE_74,-0.002224175177456847,0.002224175177456847,-0.3 to 0
rs1024,GENE_75,-0.025516674867312076,0.025516674867312076,-0.3 to 0
rs1024,GENE_76,-0.22009826492628606,0.22009826492628606,-0.3 to 0
rs1024,GENE_77,0.28248285333758555,0.28248285333758555,0 to 0.3
rs1024,GENE_78,-0.14815058248082874,0.14815058248082874,-0.3 to 0
rs1024,GENE_79,-0.15627362653634452,0.15627362653634452,-0.3 to 0
rs1024,GENE_80,-0.11359371876233404,0.11359371876233404,-0.3 to 0
rs1024,GENE_81,-0.15314066663909723,0.15314066663909723,-0.3 to 0
rs1024,GENE_82,0.15885911040450645,0.15885911040450645,0 to 0.3
rs1024,GENE_83,0.048613273095954604,0.048613273095954604,0 to 0.3
rs1024,GENE_84,0.284557222078468,0.284557222078468,0 to 0.3
rs1024,GENE_85,-0.0009480383502406752,0.0009480383502406752,-0.3 to 0
rs1024,GENE_86,-0.39409804866581033,0.39409804866581033,-0.5 to -0.3
rs1024,GENE_87,-0.021993849140483378,0.021993849140483378,-0.3 to 0
rs1024,GENE_88,0.3274158546268062,0.3274158546268062,0.3 to 0.5
rs1024,GENE_89,-0.07428368338547074,0.07428368338547074,-0.3 to 0
rs1024,GENE_90,0.14323795592243765,0.14323795592243765,0 to 0.3
rs1024,GENE_91,-0.2400980262931571,0.2400980262931571,-0.3 to 0
rs1024,GENE_92,0.2045437157452028,0.2045437157452028,0 to 0.3
rs1024,GENE_93,-0.09226385068953534,0.09226385068953534,-0.3 to 0
rs1024,GENE_94,0.2306287853507326,0.2306287853507326,0 to 0.3
rs1024,GENE_95,-0.22184098342828248,0.22184098342828248,-0.3 to 0
rs1024,GENE_96,0.032529626016100203,0.032529626016100203,0 to 0.3
rs1024,GENE_97,-0.030474762439921598,0.030474762439921598,-0.3 to 0
rs1024,GENE_98,-0.20257917617193238,0.20257917617193238,-0.3 to 0
rs1024,GENE_99,0.2977082779268982,0.2977082779268982,0 to 0.3
rs1024,GENE_100,0.008976494622919256,0.008976494622919256,0 to 0.3
rs1025,GENE_1,0.11357703254154546,0.11357703254154546,0 to 0.3
rs1025,GENE_2,0.17773594768417061,0.17773594768417061,0 to 0.3
rs1025,GENE_3,0.193591023501319,0.193591023501319,0 to 0.3
rs1025,GENE_4,-0.09285922337266116,0.09285922337266116,-0.3 to 0
rs1025,GENE_5,0.1891214070570915,0.1891214070570915,0 to 0.3
rs1025,GENE_6,0.32330415716219657,0.32330415716219657,0.3 to 0.5
rs1025,GENE_7,-0.19048138440735873,0.19048138440735873,-0.3 to 0
rs1025,GENE_8,0.23993963480619687,0.23993963480619687,0 to 0.3
rs1025,GENE_9,0.2301925200201389,0.2301925200201389,0 to 0.3
rs1025,GENE_10,0.03781381412401193,0.03781381412401193,0 to 0.3
rs1025,GENE_11,0.013576062721316446,0.013576062721316446,0 to 0.3
rs1025,GENE_12,0.1319952112330895,0.1319952112330895,0 to 0.3
rs1025,GENE_13,0.31540455365809156,0.31540455365809156,0.3 to 0.5
rs1025,GENE_14,-0.16195644703281642,0.16195644703281642,-0.3 to 0
rs1025,GENE_15,0.10622279473222918,0.10622279473222918,0 to 0.3
rs1025,GENE_16,0.016394381477008734,0.016394381477008734,0 to 0.3
rs1025,GENE_17,-0.06135515170600926,0.06135515170600926,-0.3 to 0
rs1025,GENE_18,-0.034461681330050155,0.034461681330050155,-0.3 to 0
rs1025,GENE_19,-0.15904676774171522,0.15904676774171522,-0.3 to 0
rs1025,GENE_20,0.09518410363634155,0.09518410363634155,0 to 0.3
rs1025,GENE_21,0.15318246493064347,0.15318246493064347,0 to 0.3
rs1025,GENE_22,-0.11025099482348528,0.11025099482348528,-0.3 to 0
rs1025,GENE_23,-0.09580455902872052,0.09580455902872052,-0.3 to 0
rs1025,GENE_24,0.12984892303128265,0.12984892303128265,0 to 0.3
rs1025,GENE_25,0.27568735729165833,0.27568735729165833,0 to 0.3
rs1025,GENE_26,0.14860027498264503,0.14860027498264503,0 to 0.3
rs1025,GENE_27,-0.2682029519070659,0.2682029519070659,-0.3 to 0
rs1025,GENE_28,0.2612312501769686,0.2612312501769686,0 to 0.3
rs1025,GENE_29,0.1508580960614958,0.1508580960614958,0 to 0.3
rs1025,GENE_30,0.23959903384092437,0.23959903384092437,0 to 0.3
rs1025,GENE_31,0.2552616322245581,0.2552616322245581,0 to 0.3
rs1025,GENE_32,-0.10852549243888232,0.10852549243888232,-0.3 to 0
rs1025,GENE_33,-0.1903001679812441,0.1903001679812441,-0.3 to 0
rs1025,GENE_34,-0.2115960452022915,0.2115960452022915,-0.3 to 0
rs1025,GENE_35,0.22998709128018352,0.22998709128018352,0 to 0.3
rs1025,GENE_36,-0.20979759630175165,0.20979759630175165,-0.3 to 0
rs1025,GENE_37,0.12435007453819201,0.12435007453819201,0 to 0.3
rs1025,GENE_38,-0.02186114756044776,0.02186114756044776,-0.3 to 0
rs1025,GENE_39,0.029990618330029743,0.029990618330029743,0 to 0.3
rs1025,GENE_40,0.08620006217006863,0.08620006217006863,0 to 0.3
rs1025,GENE_41,-0.20561928537703744,0.20561928537703744,-0.3 to 0
rs1025,GENE_42,-0.1972862606429641,0.1972862606429641,-0.3 to 0
rs1025,GENE_43,0.1240198779369797,0.1240198779369797,0 to 0.3
rs1025,GENE_44,0.2567563334787694,0.2567563334787694,0 to 0.3
rs1025,GENE_45,0.05683041544829315,0.05683041544829315,0 to 0.3
rs1025,GENE_46,-0.15528387944155653,0.15528387944155653,-0.3 to 0
rs1025,GENE_47,0.27077692107552565,0.27077692107552565,0 to 0.3
rs1025,GENE_48,0.08438188728050483,0.08438188728050483,0 to 0.3
rs1025,GENE_49,0.1790200898149889,0.1790200898149889,0 to 0.3
rs1025,GENE_50,0.05835317398215771,0.05835317398215771,0 to 0.3
rs1025,GENE_51,-0.017932504603268774,0.017932504603268774,-0.3 to 0
rs1025,GENE_52,-0.12575976931852356,0.12575976931852356,-0.3 to 0
rs1025,GENE_53,0.14894437038243138,0.14894437038243138,0 to 0.3
rs1025,GENE_54,0.09510512029895357,0.09510512029895357,0 to 0.3
rs1025,GENE_55,0.161962282107397,0.161962282107397,0 to 0.3
rs1025,GENE_56,0.38642176463057526,0.38642176463057526,0.3 to 0.5
rs1025,GENE_57,0.3104786923444765,0.3104786923444765,0.3 to 0.5
rs1025,GENE_58,0.12446021442805996,0.12446021442805996,0 to 0.3
rs1025,GENE_59,0.17682079544065557,0.17682079544065557,0 to 0.3
rs1025,GENE_60,0.2746044241439044,0.2746044241439044,0 to 0.3
rs1025,GENE_61,-0.15760252300007072,0.15760252300007072,-0.3 to 0
rs1025,GENE_62,0.33474231431231255,0.33474231431231255,0.3 to 0.5
rs1025,GENE_63,0.031245663266545456,0.031245663266545456,0 to 0.3
rs1025,GENE_64,0.13558417189289848,0.13558417189289848,0 to 0.3
rs1025,GENE_65,-0.22019655448454983,0.22019655448454983,-0.3 to 0
rs1025,GENE_66,-0.13644539374352396,0.13644539374352396,-0.3 to 0
rs1025,GENE_67,-0.11563932636627947,0.11563932636627947,-0.3 to 0
rs1025,GENE_68,-0.19320867725524363,0.19320867725524363,-0.3 to 0
rs1025,GENE_69,-0.04385457998996604,0.04385457998996604,-0.3 to 0
rs1025,GENE_70,-0.25567863887818054,0.25567863887818054,-0.3 to 0
rs1025,GENE_71,-0.14965102919203405,0.14965102919203405,-0.3 to 0
rs1025,GENE_72,-0.26710339364137636,0.26710339364137636,-0.3 to 0
rs1025,GENE_73,0.22510654632205063,0.22510654632205063,0 to 0.3
rs1025,GENE_74,0.30755187226181213,0.30755187226181213,0.3 to 0.5
rs1025,GENE_75,0.1357415310137696,0.1357415310137696,0 to 0.3
rs1025,GENE_76,-0.005883271750455281,0.005883271750455281,-0.3 to 0
rs1025,GENE_77,-0.004757359142313888,0.004757359142313888,-0.3 to 0
rs1025,GENE_78,0.3647875369802048,0.3647875369802048,0.3 to 0.5
rs1025,GENE_79,-0.0038377736054768263,0.0038377736054768263,-0.3 to 0
rs1025,GENE_80,0.10905027961044227,0.10905027961044227,0 to 0.3
rs1025,GENE_81,0.010080839499490036,0.010080839499490036,0 to 0.3
rs1025,GENE_82,-0.19426215794667415,0.19426215794667415,-0.3 to 0
rs1025,GENE_83,-0.16481013225836855,0.16481013225836855,-0.3 to 0
rs1025,GENE_84,-0.14961650552122413,0.14961650552122413,-0.3 to 0
rs1025,GENE_85,-0.29176056451717935,0.29176056451717935,-0.3 to 0
rs1025,GENE_86,0.04329068953383605,0.04329068953383605,0 to 0.3
rs1025,GENE_87,0.16516796564247088,0.16516796564247088,0 to 0.3
rs1025,GENE_88,-0.2524540118038449,0.2524540118038449,-0.3 to 0
rs1025,GENE_89,0.09566027478978206,0.09566027478978206,0 to 0.3
rs1025,GENE_90,-0.10367219692191758,0.10367219692191758,-0.3 to 0
rs1025,GENE_91,0.16269330547480215,0.16269330547480215,0 to 0.3
rs1025,GENE_92,-0.05601174051627363,0.05601174051627363,-0.3 to 0
rs1025,GENE_93,-0.17221048254098628,0.17221048254098628,-0.3 to 0
rs1025,GENE_94,-0.09150068187687975,0.09150068187687975,-0.3 to 0
rs1025,GENE_95,-0.024035231630934826,0.024035231630934826,-0.3 to 0
rs1025,GENE_96,-0.13884805532249522,0.13884805532249522,-0.3 to 0
rs1025,GENE_97,-0.11735158442667147,0.11735158442667147,-0.3 to 0
rs1025,GENE_98,-0.06652760236597396,0.06652760236597396,-0.3 to 0
rs1025,GENE_99,-0.31194040490821184,0.31194040490821184,-0.5 to -0.3
rs1025,GENE_100,-0.0702758363845964,0.0702758363845964,-0.3 to 0
rs1026,GENE_1,-0.056667992440120475,0.056667992440120475,-0.3 to 0
rs1026,GENE_2,0.18504090338724014,0.18504090338724014,0 to 0.3
rs1026,GENE_3,-0.18191189708089286,0.18191189708089286,-0.3 to 0
rs1026,GENE_4,-0.08706928122247204,0.08706928122247204,-0.3 to 0
rs1026,GENE_5,-0.19705721208989727,0.19705721208989727,-0.3 to 0
rs1026,GENE_6,-0.4387719989581832,0.4387719989581832,-0.5 to -0.3
rs1026,GENE_7,0.06681274291943223,0.06681274291943223,0 to 0.3
rs1026,GENE_8,0.04117268874228618,0.04117268874228618,0 to 0.3
rs1026,GENE_9,-0.2069007693644508,0.2069007693644508,-0.3 to 0
rs1026,GENE_10,0.18984883356033022,0.18984883356033022,0 to 0.3
rs1026,GENE_11,0.32443915393310946,0.32443915393310946,0.3 to 0.5
rs1026,GENE_12,0.026908283085347217,0.026908283085347217,0 to 0.3
rs1026,GENE_13,-0.1299876021972242,0.1299876021972242,-0.3 to 0
rs1026,GENE_14,0.044281440223879816,0.044281440223879816,0 to 0.3
rs1026,GENE_15,-0.014738731266701012,0.014738731266701012,-0.3 to 0
rs1026,GENE_16,0.18030559411330085,0.18030559411330085,0 to 0.3
rs1026,GENE_17,-0.3958160762166896,0.3958160762166896,-0.5 to -0.3
rs1026,GENE_18,0.1406266184837666,0.1406266184837666,0 to 0.3
rs1026,GENE_19,0.06679635544176572,0.06679635544176572,0 to 0.3
rs1026,GENE_20,0.26055056184224124,0.26055056184224124,0 to 0.3
rs1026,GENE_21,-0.21779112555923033,0.21779112555923033,-0.3 to 0
rs1026,GENE_22,-0.28041569872001687,0.28041569872001687,-0.3 to 0
rs1026,GENE_23,0.13325568760923764,0.13325568760923764,0 to 0.3
rs1026,GENE_24,0.23344366772933298,0.23344366772933298,0 to 0.3
rs1026,GENE_25,-0.1907176319654088,0.1907176319654088,-0.3 to 0
rs1026,GENE_26,0.5375983664042181,0.5375983664042181,0.5 to 0.7
rs1026,GENE_27,0.12950477983889597,0.12950477983889597,0 to 0.3
rs1026,GENE_28,0.07957654289017312,0.07957654289017312,0 to 0.3
rs1026,GENE_29,0.15814885150946562,0.15814885150946562,0 to 0.3
rs1026,GENE_30,0.18894471595302142,0.18894471595302142,0 to 0.3
rs1026,GENE_31,0.21086968681746543,0.21086968681746543,0 to 0.3
rs1026,GENE_32,-0.025990267208422655,0.025990267208422655,-0.3 to 0
rs1026,GENE_33,0.22816154361399318,0.22816154361399318,0 to 0.3
rs1026,GENE_34,-0.16545486567996348,0.16545486567996348,-0.3 to 0
rs1026,GENE_35,0.04087911480971415,0.04087911480971415,0 to 0.3
rs1026,GENE_36,-0.025483458034320314,0.025483458034320314,-0.3 to 0
rs1026,GENE_37,-0.015000033606731456,0.015000033606731456,-0.3 to 0
rs1026,GENE_38,0.01873681985768012,0.01873681985768012,0 to 0.3
rs1026,GENE_39,0.007450512996644564,0.007450512996644564,0 to 0.3
rs1026,GENE_40,-0.05280673216587475,0.05280673216587475,-0.3 to 0
rs1026,GENE_41,0.0541813588772903,0.0541813588772903,0 to 0.3
rs1026,GENE_42,0.2889719686590657,0.2889719686590657,0 to 0.3
rs1026,GENE_43,0.11423006147064146,0.11423006147064146,0 to 0.3
rs1026,GENE_44,0.3091982038314045,0.3091982038314045,0.3 to 0.5
rs1026,GENE_45,0.23160448644873902,0.23160448644873902,0 to 0.3
rs1026,GENE_46,-0.13028794759546622,0.13028794759546622,-0.3 to 0
rs1026,GENE_47,-0.21952745349187883,0.21952745349187883,-0.3 to 0
rs1026,GENE_48,-0.1657133848479334,0.1657133848479334,-0.3 to 0
rs1026,GENE_49,0.015543596902491337,0.015543596902491337,0 to 0.3
rs1026,GENE_50,-0.16991738982408794,0.16991738982408794,-0.3 to 0
rs1026,GENE_51,-0.20758444238287216,0.20758444238287216,-0.3 to 0
rs1026,GENE_52,-0.027332697687869573,0.027332697687869573,-0.3 to 0
rs1026,GENE_53,-0.050942317350476454,0.050942317350476454,-0.3 to 0
rs1026,GENE_54,-0.26270528216447314,0.26270528216447314,-0.3 to 0
rs1026,GENE_55,0.1996728625003577,0.1996728625003577,0 to 0.3
rs1026,GENE_56,-0.23887687731261228,0.23887687731261228,-0.3 to 0
rs1026,GENE_57,-0.31195962872875477,0.31195962872875477,-0.5 to -0.3
rs1026,GENE_58,0.08653596615678362,0.08653596615678362,0 to 0.3
rs1026,GENE_59,-0.03706543081308813,0.03706543081308813,-0.3 to 0
rs1026,GENE_60,-0.1126966489351245,0.1126966489351245,-0.3 to 0
rs1026,GENE_61,0.05268843259822275,0.05268843259822275,0 to 0.3
rs1026,GENE_62,-0.20705939863425615,0.20705939863425615,-0.3 to 0
rs1026,GENE_63,-0.1702814200273408,0.1702814200273408,-0.3 to 0
rs1026,GENE_64,0.02022925872948609,0.02022925872948609,0 to 0.3
rs1026,GENE_65,0.03306965151985471,0.03306965151985471,0 to 0.3
rs1026,GENE_66,0.07889371271977683,0.07889371271977683,0 to 0.3
rs1026,GENE_67,-0.15144654769304886,0.15144654769304886,-0.3 to 0
rs1026,GENE_68,0.02358512862594248,0.02358512862594248,0 to 0.3
rs1026,GENE_69,0.0507697082145788,0.0507697082145788,0 to 0.3
rs1026,GENE_70,0.1597992530935858,0.1597992530935858,0 to 0.3
rs1026,GENE_71,-0.1648175103315781,0.1648175103315781,-0.3 to 0
rs1026,GENE_72,0.08120838384089911,0.08120838384089911,0 to 0.3
rs1026,GENE_73,0.1531516697776588,0.1531516697776588,0 to 0.3
rs1026,GENE_74,-0.03730678435190388,0.03730678435190388,-0.3 to 0
rs1026,GENE_75,-0.09617366476320387,0.09617366476320387,-0.3 to 0
rs1026,GENE_76,-0.051127153420130154,0.051127153420130154,-0.3 to 0
rs1026,GENE_77,-0.08982464695805421,0.08982464695805421,-0.3 to 0
rs1026,GENE_78,-0.20139391430304096,0.20139391430304096,-0.3 to 0
rs1026,GENE_79,-0.14630166258186422,0.14630166258186422,-0.3 to 0
rs1026,GENE_80,0.3116835209984341,0.3116835209984341,0.3 to 0.5
rs1026,GENE_81,0.13375121097585932,0.13375121097585932,0 to 0.3
rs1026,GENE_82,0.11625592312914527,0.11625592312914527,0 to 0.3
rs1026,GENE_83,-0.030506075274276765,0.030506075274276765,-0.3 to 0
rs1026,GENE_84,-0.035085800650492376,0.035085800650492376,-0.3 to 0
rs1026,GENE_85,0.14996267100828148,0.14996267100828148,0 to 0.3
rs1026,GENE_86,0.2531510531457269,0.2531510531457269,0 to 0.3
rs1026,GENE_87,-0.26353213810816584,0.26353213810816584,-0.3 to 0
rs1026,GENE_88,-0.1974510140006924,0.1974510140006924,-0.3 to 0
rs1026,GENE_89,-0.09392924570618304,0.09392924570618304,-0.3 to 0
rs1026,GENE_90,-0.20256283589738225,0.20256283589738225,-0.3 to 0
rs1026,GENE_91,-0.16924371783643036,0.16924371783643036,-0.3 to 0
rs1026,GENE_92,-0.006622648853165395,0.006622648853165395,-0.3 to 0
rs1026,GENE_93,0.33754404295815144,0.33754404295815144,0.3 to 0.5
rs1026,GENE_94,-0.24922413109759511,0.24922413109759511,-0.3 to 0
rs1026,GENE_95,0.052679756142878155,0.052679756142878155,0 to 0.3
rs1026,GENE_96,-0.14020792439843469,0.14020792439843469,-0.3 to 0
rs1026,GENE_97,0.2247940940228102,0.2247940940228102,0 to 0.3
rs1026,GENE_98,0.22028076316996165,0.22028076316996165,0 to 0.3
rs1026,GENE_99,0.009362519774670165,0.009362519774670165,0 to 0.3
rs1026,GENE_100,-0.007647292917767029,0.007647292917767029,-0.3 to 0
rs1027,GENE_1,0.08084057484536371,0.08084057484536371,0 to 0.3
rs1027,GENE_2,0.04380367639300906,0.04380367639300906,0 to 0.3
rs1027,GENE_3,0.09644375015825832,0.09644375015825832,0 to 0.3
rs1027,GENE_4,0.17703377763469505,0.17703377763469505,0 to 0.3
rs1027,GENE_5,0.2473271973863934,0.2473271973863934,0 to 0.3
rs1027,GENE_6,0.3459114332317587,0.3459114332317587,0.3 to 0.5
rs1027,GENE_7,-0.07272892629878164,0.07272892629878164,-0.3 to 0
rs1027,GENE_8,-0.16061981021518937,0.16061981021518937,-0.3 to 0
rs1027,GENE_9,0.20689668723902369,0.20689668723902369,0 to 0.3
rs1027,GENE_10,-0.04497450343921712,0.04497450343921712,-0.3 to 0
rs1027,GENE_11,0.20078913020833508,0.20078913020833508,0 to 0.3
rs1027,GENE_12,0.10983915390769802,0.10983915390769802,0 to 0.3
rs1027,GENE_13,-0.0007479411824285139,0.0007479411824285139,-0.3 to 0
rs1027,GENE_14,0.03381920535515476,0.03381920535515476,0 to 0.3
rs1027,GENE_15,0.1511256391552612,0.1511256391552612,0 to 0.3
rs1027,GENE_16,-0.09421659276030822,0.09421659276030822,-0.3 to 0
rs1027,GENE_17,-0.09322234802487166,0.09322234802487166,-0.3 to 0
rs1027,GENE_18,0.09146205034009937,0.09146205034009937,0 to 0.3
rs1027,GENE_19,0.22619857778039157,0.22619857778039157,0 to 0.3
rs1027,GENE_20,-0.12834322363989448,0.12834322363989448,-0.3 to 0
rs1027,GENE_21,0.2616174596448073,0.2616174596448073,0 to 0.3
rs1027,GENE_22,0.16141513095474955,0.16141513095474955,0 to 0.3
rs1027,GENE_23,0.062337688772139375,0.062337688772139375,0 to 0.3
rs1027,GENE_24,0.15254110290429712,0.15254110290429712,0 to 0.3
rs1027,GENE_25,0.21621514875644027,0.21621514875644027,0 to 0.3
rs1027,GENE_26,-0.08899378597057366,0.08899378597057366,-0.3 to 0
rs1027,GENE_27,-0.35358957379673883,0.35358957379673883,-0.5 to -0.3
rs1027,GENE_28,0.17220001805729357,0.17220001805729357,0 to 0.3
rs1027,GENE_29,0.16016411338267728,0.16016411338267728,0 to 0.3
rs1027,GENE_30,0.07984672899665014,0.07984672899665014,0 to 0.3
rs1027,GENE_31,-0.07622899597725889,0.07622899597725889,-0.3 to 0
rs1027,GENE_32,-0.3777786750050949,0.3777786750050949,-0.5 to -0.3
rs1027,GENE_33,0.04197963736618578,0.04197963736618578,0 to 0.3
rs1027,GENE_34,-0.12820352606061672,0.12820352606061672,-0.3 to 0
rs1027,GENE_35,0.2502795577910232,0.2502795577910232,0 to 0.3
rs1027,GENE_36,0.20045903919955235,0.20045903919955235,0 to 0.3
rs1027,GENE_37,0.1871127047162697,0.1871127047162697,0 to 0.3
rs1027,GENE_38,0.15684172663224338,0.15684172663224338,0 to 0.3
rs1027,GENE_39,0.07557436894773017,0.07557436894773017,0 to 0.3
rs1027,GENE_40,0.11185639540939543,0.11185639540939543,0 to 0.3
rs1027,GENE_41,0.3468680873789689,0.3468680873789689,0.3 to 0.5
rs1027,GENE_42,0.0013476147404246255,0.0013476147404246255,0 to 0.3
rs1027,GENE_43,0.051376802323536225,0.051376802323536225,0 to 0.3
rs1027,GENE_44,0.036147410546461034,0.036147410546461034,0 to 0.3
rs1027,GENE_45,-0.14331403025835335,0.14331403025835335,-0.3 to 0
rs1027,GENE_46,-0.17186284116417727,0.17186284116417727,-0.3 to 0
rs1027,GENE_47,0.17016043306974074,0.17016043306974074,0 to 0.3
rs1027,GENE_48,-0.18677251000731734,0.18677251000731734,-0.3 to 0
rs1027,GENE_49,-0.04544652300911592,0.04544652300911592,-0.3 to 0
rs1027,GENE_50,-0.15200193429719383,0.15200193429719383,-0.3 to 0
rs1027,GENE_51,0.01771232785668276,0.01771232785668276,0 to 0.3
rs1027,GENE_52,-0.0384283775213455,0.0384283775213455,-0.3 to 0
rs1027,GENE_53,0.14959680366226483,0.14959680366226483,0 to 0.3
rs1027,GENE_54,-0.314108602468526,0.314108602468526,-0.5 to -0.3
rs1027,GENE_55,-0.015281022775948826,0.015281022775948826,-0.3 to 0
rs1027,GENE_56,-0.2771638117561066,0.2771638117561066,-0.3 to 0
rs1027,GENE_57,-0.1521695978080513,0.1521695978080513,-0.3 to 0
rs1027,GENE_58,0.0629092368444793,0.0629092368444793,0 to 0.3
rs1027,GENE_59,-0.03887495920194111,0.03887495920194111,-0.3 to 0
rs1027,GENE_60,0.17715910589513406,0.17715910589513406,0 to 0.3
rs1027,GENE_61,-0.046382343080630786,0.046382343080630786,-0.3 to 0
rs1027,GENE_62,0.19354056994100916,0.19354056994100916,0 to 0.3
rs1027,GENE_63,0.12592027943391373,0.12592027943391373,0 to 0.3
rs1027,GENE_64,0.12522190201239464,0.12522190201239464,0 to 0.3
rs1027,GENE_65,-0.2510821184360934,0.2510821184360934,-0.3 to 0
rs1027,GENE_66,-0.12059190844630356,0.12059190844630356,-0.3 to 0
rs1027,GENE_67,0.13065082105882844,0.13065082105882844,0 to 0.3
rs1027,GENE_68,-0.3151894219253474,0.3151894219253474,-0.5 to -0.3
rs1027,GENE_69,-0.0608123663260773,0.0608123663260773,-0.3 to 0
rs1027,GENE_70,0.23329516712541,0.23329516712541,0 to 0.3
rs1027,GENE_71,-0.13314851374051134,0.13314851374051134,-0.3 to 0
rs1027,GENE_72,0.06786473398127806,0.06786473398127806,0 to 0.3
rs1027,GENE_73,0.191301202894589,0.191301202894589,0 to 0.3
rs1027,GENE_74,0.16884958559571095,0.16884958559571095,0 to 0.3
rs1027,GENE_75,0.07544825815318824,0.07544825815318824,0 to 0.3
rs1027,GENE_76,0.24053511470421968,0.24053511470421968,0 to 0.3
rs1027,GENE_77,0.02321065100668848,0.02321065100668848,0 to 0.3
rs1027,GENE_78,0.019545393827040857,0.019545393827040857,0 to 0.3
rs1027,GENE_79,0.20246483892769498,0.20246483892769498,0 to 0.3
rs1027,GENE_80,-0.1499639923725855,0.1499639923725855,-0.3 to 0
rs1027,GENE_81,0.05182425580447327,0.05182425580447327,0 to 0.3
rs1027,GENE_82,0.04290900703581461,0.04290900703581461,0 to 0.3
rs1027,GENE_83,-0.29365305359727156,0.29365305359727156,-0.3 to 0
rs1027,GENE_84,-0.12023041817437523,0.12023041817437523,-0.3 to 0
rs1027,GENE_85,0.09873567995919123,0.09873567995919123,0 to 0.3
rs1027,GENE_86,0.22595268862355003,0.22595268862355003,0 to 0.3
rs1027,GENE_87,-0.25276777479592355,0.25276777479592355,-0.3 to 0
rs1027,GENE_88,-0.32668872412338185,0.32668872412338185,-0.5 to -0.3
rs1027,GENE_89,-0.02233291771394017,0.02233291771394017,-0.3 to 0
rs1027,GENE_90,-0.2979941342441691,0.2979941342441691,-0.3 to 0
rs1027,GENE_91,-0.273314048208346,0.273314048208346,-0.3 to 0
rs1027,GENE_92,0.051744769951350814,0.051744769951350814,0 to 0.3
rs1027,GENE_93,-0.3561321553328563,0.3561321553328563,-0.5 to -0.3
rs1027,GENE_94,0.07444205944275328,0.07444205944275328,0 to 0.3
rs1027,GENE_95,-0.2652026306212155,0.2652026306212155,-0.3 to 0
rs1027,GENE_96,-0.05202520894067802,0.05202520894067802,-0.3 to 0
rs1027,GENE_97,-0.16981621987546255,0.16981621987546255,-0.3 to 0
rs1027,GENE_98,-0.03263510651977873,0.03263510651977873,-0.3 to 0
rs1027,GENE_99,0.162322713277014,0.162322713277014,0 to 0.3
rs1027,GENE_100,0.20723544410715722,0.20723544410715722,0 to 0.3
rs1028,GENE_1,0.2239200651729994,0.2239200651729994,0 to 0.3
rs1028,GENE_2,-0.05713465539026533,0.05713465539026533,-0.3 to 0
rs1028,GENE_3,0.015149126713980571,0.015149126713980571,0 to 0.3
rs1028,GENE_4,0.020124261260557337,0.020124261260557337,0 to 0.3
rs1028,GENE_5,-0.18785325449683807,0.18785325449683807,-0.3 to 0
rs1028,GENE_6,-0.18291948854936077,0.18291948854936077,-0.3 to 0
rs1028,GENE_7,0.21970987825745192,0.21970987825745192,0 to 0.3
rs1028,GENE_8,0.2756760249660072,0.2756760249660072,0 to 0.3
rs1028,GENE_9,-0.2278294003689823,0.2278294003689823,-0.3 to 0
rs1028,GENE_10,0.22693937578921405,0.22693937578921405,0 to 0.3
rs1028,GENE_11,0.23387187826900666,0.23387187826900666,0 to 0.3
rs1028,GENE_12,-0.1467362119488463,0.1467362119488463,-0.3 to 0
rs1028,GENE_13,0.08562952979510614,0.08562952979510614,0 to 0.3
rs1028,GENE_14,-0.0031833589388233574,0.0031833589388233574,-0.3 to 0
rs1028,GENE_15,0.01707679984248331,0.01707679984248331,0 to 0.3
rs1028,GENE_16,0.3168617218145284,0.3168617218145284,0.3 to 0.5
rs1028,GENE_17,-0.31033589751912877,0.31033589751912877,-0.5 to -0.3
rs1028,GENE_18,0.261669651420543,0.261669651420543,0 to 0.3
rs1028,GENE_19,0.21165431698051757,0.21165431698051757,0 to 0.3
rs1028,GENE_20,-0.15953632826664135,0.15953632826664135,-0.3 to 0
rs1028,GENE_21,0.10812481551858702,0.10812481551858702,0 to 0.3
rs1028,GENE_22,-0.33057346878862315,0.33057346878862315,-0.5 to -0.3
rs1028,GENE_23,0.15736223175232422,0.15736223175232422,0 to 0.3
rs1028,GENE_24,0.007760834204021635,0.007760834204021635,0 to 0.3
rs1028,GENE_25,0.041712871877828954,0.041712871877828954,0 to 0.3
rs1028,GENE_26,-0.14862247937491724,0.14862247937491724,-0.3 to 0
rs1028,GENE_27,0.1862665355061884,0.1862665355061884,0 to 0.3
rs1028,GENE_28,-0.33023896621081367,0.33023896621081367,-0.5 to -0.3
rs1028,GENE_29,0.19275814049592802,0.19275814049592802,0 to 0.3
rs1028,GENE_30,-0.13154062927930382,0.13154062927930382,-0.3 to 0
rs1028,GENE_31,0.16387366034107417,0.16387366034107417,0 to 0.3
rs1028,GENE_32,0.057112683914196515,0.057112683914196515,0 to 0.3
rs1028,GENE_33,0.017212554237658384,0.017212554237658384,0 to 0.3
rs1028,GENE_34,-0.19069861878486952,0.19069861878486952,-0.3 to 0
rs1028,GENE_35,-0.19036890638270473,0.19036890638270473,-0.3 to 0
rs1028,GENE_36,0.15295376552208506,0.15295376552208506,0 to 0.3
rs1028,GENE_37,-0.15669878208314936,0.15669878208314936,-0.3 to 0
rs1028,GENE_38,0.22607081947213958,0.22607081947213958,0 to 0.3
rs1028,GENE_39,-0.12082737822527548,0.12082737822527548,-0.3 to 0
rs1028,GENE_40,-0.2718774581619654,0.2718774581619654,-0.3 to 0
rs1028,GENE_41,0.061094751271119,0.061094751271119,0 to 0.3
rs1028,GENE_42,0.04128252819155579,0.04128252819155579,0 to 0.3
rs1028,GENE_43,0.12360507471851365,0.12360507471851365,0 to 0.3
rs1028,GENE_44,-0.16272879381495806,0.16272879381495806,-0.3 to 0
rs1028,GENE_45,0.05171060169099016,0.05171060169099016,0 to 0.3
rs1028,GENE_46,0.28560327552893666,0.28560327552893666,0 to 0.3
rs1028,GENE_47,-0.021891378240694558,0.021891378240694558,-0.3 to 0
rs1028,GENE_48,-0.04743889583172323,0.04743889583172323,-0.3 to 0
rs1028,GENE_49,0.2957174132168981,0.2957174132168981,0 to 0.3
rs1028,GENE_50,-0.16129566423658998,0.16129566423658998,-0.3 to 0
rs1028,GENE_51,-0.16610343987746098,0.16610343987746098,-0.3 to 0
rs1028,GENE_52,0.07137408450525598,0.07137408450525598,0 to 0.3
rs1028,GENE_53,-0.0282123581708883,0.0282123581708883,-0.3 to 0
rs1028,GENE_54,0.12190734152412928,0.12190734152412928,0 to 0.3
rs1028,GENE_55,-0.4881827493081686,0.4881827493081686,-0.5 to -0.3
rs1028,GENE_56,-0.3061328199004692,0.3061328199004692,-0.5 to -0.3
rs1028,GENE_57,0.026528670306252635,0.026528670306252635,0 to 0.3
rs1028,GENE_58,0.05565812172931602,0.05565812172931602,0 to 0.3
rs1028,GENE_59,0.07333842333551108,0.07333842333551108,0 to 0.3
rs1028,GENE_60,-0.28273382516150936,0.28273382516150936,-0.3 to 0
rs1028,GENE_61,-0.21788590518808104,0.21788590518808104,-0.3 to 0
rs1028,GENE_62,-0.17669588170555217,0.17669588170555217,-0.3 to 0
rs1028,GENE_63,-0.04316582893013954,0.04316582893013954,-0.3 to 0
rs1028,GENE_64,-0.1297345291199691,0.1297345291199691,-0.3 to 0
rs1028,GENE_65,0.2588696922681372,0.2588696922681372,0 to 0.3
rs1028,GENE_66,-0.24679040711092393,0.24679040711092393,-0.3 to 0
rs1028,GENE_67,-0.006949548744998592,0.006949548744998592,-0.3 to 0
rs1028,GENE_68,0.15698224785368353,0.15698224785368353,0 to 0.3
rs1028,GENE_69,-0.15314995692725727,0.15314995692725727,-0.3 to 0
rs1028,GENE_70,0.14671932227222131,0.14671932227222131,0 to 0.3
rs1028,GENE_71,0.2394648904913558,0.2394648904913558,0 to 0.3
rs1028,GENE_72,0.2208200393650839,0.2208200393650839,0 to 0.3
rs1028,GENE_73,-0.17950549516109882,0.17950549516109882,-0.3 to 0
rs1028,GENE_74,-0.1441209121718112,0.1441209121718112,-0.3 to 0
rs1028,GENE_75,0.17319615187218812,0.17319615187218812,0 to 0.3
rs1028,GENE_76,-0.007760200606511652,0.007760200606511652,-0.3 to 0
rs1028,GENE_77,-0.08471063266188954,0.08471063266188954,-0.3 to 0
rs1028,GENE_78,-0.11642435146458714,0.11642435146458714,-0.3 to 0
rs1028,GENE_79,-0.18656122851931461,0.18656122851931461,-0.3 to 0
rs1028,GENE_80,0.2897868812010293,0.2897868812010293,0 to 0.3
rs1028,GENE_81,-0.022864965683862596,0.022864965683862596,-0.3 to 0
rs1028,GENE_82,0.06746639954367302,0.06746639954367302,0 to 0.3
rs1028,GENE_83,0.17616730618551313,0.17616730618551313,0 to 0.3
rs1028,GENE_84,0.4145202921921148,0.4145202921921148,0.3 to 0.5
rs1028,GENE_85,0.13173940167484943,0.13173940167484943,0 to 0.3
rs1028,GENE_86,0.10143307427214437,0.10143307427214437,0 to 0.3
rs1028,GENE_87,-0.017357340904255582,0.017357340904255582,-0.3 to 0
rs1028,GENE_88,0.03915384990081523,0.03915384990081523,0 to 0.3
rs1028,GENE_89,-0.3465002645550358,0.3465002645550358,-0.5 to -0.3
rs1028,GENE_90,0.11137755920601833,0.11137755920601833,0 to 0.3
rs1028,GENE_91,-0.031973947478773246,0.031973947478773246,-0.3 to 0
rs1028,GENE_92,0.24809422362416725,0.24809422362416725,0 to 0.3
rs1028,GENE_93,-0.16553093829649324,0.16553093829649324,-0.3 to 0
rs1028,GENE_94,-0.3154418243539443,0.3154418243539443,-0.5 to -0.3
rs1028,GENE_95,-0.030291387660300897,0.030291387660300897,-0.3 to 0
rs1028,GENE_96,0.01509183622342411,0.01509183622342411,0 to 0.3
rs1028,GENE_97,-0.41304169539026475,0.41304169539026475,-0.5 to -0.3
rs1028,GENE_98,0.04558693789825346,0.04558693789825346,0 to 0.3
rs1028,GENE_99,0.3103103905720161,0.3103103905720161,0.3 to 0.5
rs1028,GENE_100,-0.19911184034416674,0.19911184034416674,-0.3 to 0
rs1029,GENE_1,-0.2992846196921325,0.2992846196921325,-0.3 to 0
rs1029,GENE_2,-0.1447309458447434,0.1447309458447434,-0.3 to 0
rs1029,GENE_3,-0.1304207351576997,0.1304207351576997,-0.3 to 0
rs1029,GENE_4,-0.47837425954582136,0.47837425954582136,-0.5 to -0.3
rs1029,GENE_5,-0.23368282075750454,0.23368282075750454,-0.3 to 0
rs1029,GENE_6,-0.12231863446876422,0.12231863446876422,-0.3 to 0
rs1029,GENE_7,-0.11948187069606575,0.11948187069606575,-0.3 to 0
rs1029,GENE_8,-0.16612433765812917,0.16612433765812917,-0.3 to 0
rs1029,GENE_9,-0.16081661100795344,0.16081661100795344,-0.3 to 0
rs1029,GENE_10,0.02235368818602521,0.02235368818602521,0 to 0.3
rs1029,GENE_11,0.07996301575143948,0.07996301575143948,0 to 0.3
rs1029,GENE_12,0.002764213925453657,0.002764213925453657,0 to 0.3
rs1029,GENE_13,-0.047217683374912396,0.047217683374912396,-0.3 to 0
rs1029,GENE_14,-0.09589707638887274,0.09589707638887274,-0.3 to 0
rs1029,GENE_15,-0.3256684141948936,0.3256684141948936,-0.5 to -0.3
rs1029,GENE_16,-0.03490489877973578,0.03490489877973578,-0.3 to 0
rs1029,GENE_17,0.03411220248927156,0.03411220248927156,0 to 0.3
rs1029,GENE_18,-0.02623144156536275,0.02623144156536275,-0.3 to 0
rs1029,GENE_19,0.02647056120569621,0.02647056120569621,0 to 0.3
rs1029,GENE_20,0.04182580984760492,0.04182580984760492,0 to 0.3
rs1029,GENE_21,0.07398276929225457,0.07398276929225457,0 to 0.3
rs1029,GENE_22,-0.16373740001410206,0.16373740001410206,-0.3 to 0
rs1029,GENE_23,-0.34386891631961003,0.34386891631961003,-0.5 to -0.3
rs1029,GENE_24,0.07237655133314959,0.07237655133314959,0 to 0.3
rs1029,GENE_25,-0.2476501106507687,0.2476501106507687,-0.3 to 0
rs1029,GENE_26,0.1340066222688885,0.1340066222688885,0 to 0.3
rs1029,GENE_27,-0.12857351495572109,0.12857351495572109,-0.3 to 0
rs1029,GENE_28,-0.044603635725245755,0.044603635725245755,-0.3 to 0
rs1029,GENE_29,-0.3546534250143459,0.3546534250143459,-0.5 to -0.3
rs1029,GENE_30,-0.31340131730045545,0.31340131730045545,-0.5 to -0.3
rs1029,GENE_31,-0.1224554281091352,0.1224554281091352,-0.3 to 0
rs1029,GENE_32,0.29421070473219474,0.29421070473219474,0 to 0.3
rs1029,GENE_33,-0.22285396818973516,0.22285396818973516,-0.3 to 0
rs1029,GENE_34,-0.035008352066670426,0.035008352066670426,-0.3 to 0
rs1029,GENE_35,0.05349119573607255,0.05349119573607255,0 to 0.3
rs1029,GENE_36,-0.02038005730523482,0.02038005730523482,-0.3 to 0
rs1029,GENE_37,-0.10079282507542131,0.10079282507542131,-0.3 to 0
rs1029,GENE_38,-0.13197110606470822,0.13197110606470822,-0.3 to 0
rs1029,GENE_39,-0.0949275138302982,0.0949275138302982,-0.3 to 0
rs1029,GENE_40,-0.33631676299002367,0.33631676299002367,-0.5 to -0.3
rs1029,GENE_41,0.03202680175764973,0.03202680175764973,0 to 0.3
rs1029,GENE_42,-0.19294098725927164,0.19294098725927164,-0.3 to 0
rs1029,GENE_43,0.04974618663145159,0.04974618663145159,0 to 0.3
rs1029,GENE_44,0.014838271250348799,0.014838271250348799,0 to 0.3
rs1029,GENE_45,-0.14284157813650233,0.14284157813650233,-0.3 to 0
rs1029,GENE_46,0.28242204162863593,0.28242204162863593,0 to 0.3
rs1029,GENE_47,-0.15377781658214237,0.15377781658214237,-0.3 to 0
rs1029,GENE_48,0.28366047781989284,0.28366047781989284,0 to 0.3
rs1029,GENE_49,-0.06316011300492015,0.06316011300492015,-0.3 to 0
rs1029,GENE_50,0.05637197900703917,0.05637197900703917,0 to 0.3
rs1029,GENE_51,-0.28643329058994943,0.28643329058994943,-0.3 to 0
rs1029,GENE_52,0.13192258076015906,0.13192258076015906,0 to 0.3
rs1029,GENE_53,-0.16140314177909473,0.16140314177909473,-0.3 to 0
rs1029,GENE_54,-0.1510869168762865,0.1510869168762865,-0.3 to 0
rs1029,GENE_55,0.10777584825048982,0.10777584825048982,0 to 0.3
rs1029,GENE_56,0.1506857091950374,0.1506857091950374,0 to 0.3
rs1029,GENE_57,0.09825878606603397,0.09825878606603397,0 to 0.3
rs1029,GENE_58,0.11291049448085042,0.11291049448085042,0 to 0.3
rs1029,GENE_59,-0.03171936904820631,0.03171936904820631,-0.3 to 0
rs1029,GENE_60,-0.16347354211287446,0.16347354211287446,-0.3 to 0
rs1029,GENE_61,-0.047604992846883035,0.047604992846883035,-0.3 to 0
rs1029,GENE_62,-0.10760128595110555,0.10760128595110555,-0.3 to 0
rs1029,GENE_63,0.31709890778225935,0.31709890778225935,0.3 to 0.5
rs1029,GENE_64,-0.14502773094968516,0.14502773094968516,-0.3 to 0
rs1029,GENE_65,-0.22542535797136942,0.22542535797136942,-0.3 to 0
rs1029,GENE_66,0.1335843294797487,0.1335843294797487,0 to 0.3
rs1029,GENE_67,-0.29243067967799224,0.29243067967799224,-0.3 to 0
rs1029,GENE_68,-0.110112046641414,0.110112046641414,-0.3 to 0
rs1029,GENE_69,0.2088632978321222,0.2088632978321222,0 to 0.3
rs1029,GENE_70,-0.10055345458032432,0.10055345458032432,-0.3 to 0
rs1029,GENE_71,-0.2803401118129363,0.2803401118129363,-0.3 to 0
rs1029,GENE_72,-0.22297185286092217,0.22297185286092217,-0.3 to 0
rs1029,GENE_73,-0.24824074555240724,0.24824074555240724,-0.3 to 0
rs1029,GENE_74,0.06512958368696328,0.06512958368696328,0 to 0.3
rs1029,GENE_75,-0.06260329907779111,0.06260329907779111,-0.3 to 0
rs1029,GENE_76,-0.0702514358047158,0.0702514358047158,-0.3 to 0
rs1029,GENE_77,0.06121940286700053,0.06121940286700053,0 to 0.3
rs1029,GENE_78,-0.007342205597937695,0.007342205597937695,-0.3 to 0
rs1029,GENE_79,-0.018931591627455086,0.018931591627455086,-0.3 to 0
rs1029,GENE_80,-0.0760093325803515,0.0760093325803515,-0.3 to 0
rs1029,GENE_81,0.11694269148265851,0.11694269148265851,0 to 0.3
rs1029,GENE_82,-0.2959532759718127,0.2959532759718127,-0.3 to 0
rs1029,GENE_83,-0.31504879808397884,0.31504879808397884,-0.5 to -0.3
rs1029,GENE_84,-0.3092162564185322,0.3092162564185322,-0.5 to -0.3
rs1029,GENE_85,0.005820268877224239,0.005820268877224239,0 to 0.3
rs1029,GENE_86,-0.11323328741336873,0.11323328741336873,-0.3 to 0
rs1029,GENE_87,0.33730236464841873,0.33730236464841873,0.3 to 0.5
rs1029,GENE_88,0.2533439938090825,0.2533439938090825,0 to 0.3
rs1029,GENE_89,-0.004457228065855112,0.004457228065855112,-0.3 to 0
rs1029,GENE_90,0.2130118962942263,0.2130118962942263,0 to 0.3
rs1029,GENE_91,0.3042156956327098,0.3042156956327098,0.3 to 0.5
rs1029,GENE_92,-0.14939411159330718,0.14939411159330718,-0.3 to 0
rs1029,GENE_93,0.19793780843821782,0.19793780843821782,0 to 0.3
rs1029,GENE_94,-0.12808418479747266,0.12808418479747266,-0.3 to 0
rs1029,GENE_95,0.31036545599680787,0.31036545599680787,0.3 to 0.5
rs1029,GENE_96,-0.26039596347102667,0.26039596347102667,-0.3 to 0
rs1029,GENE_97,0.3373301265568885,0.3373301265568885,0.3 to 0.5
rs1029,GENE_98,0.10413272167685947,0.10413272167685947,0 to 0.3
rs1029,GENE_99,-0.21209216871025763,0.21209216871025763,-0.3 to 0
rs1029,GENE_100,0.17182253816106524,0.17182253816106524,0 to 0.3
rs1030,GENE_1,0.11717539375471094,0.11717539375471094,0 to 0.3
rs1030,GENE_2,-0.005946401969325738,0.005946401969325738,-0.3 to 0
rs1030,GENE_3,0.18986306342278658,0.18986306342278658,0 to 0.3
rs1030,GENE_4,-0.05751810338780664,0.05751810338780664,-0.3 to 0
rs1030,GENE_5,-0.14498189478088527,0.14498189478088527,-0.3 to 0
rs1030,GENE_6,-0.0019558810534820274,0.0019558810534820274,-0.3 to 0
rs1030,GENE_7,-0.008651754894956626,0.008651754894956626,-0.3 to 0
rs1030,GENE_8,-0.05618327646071859,0.05618327646071859,-0.3 to 0
rs1030,GENE_9,-0.04874620906332068,0.04874620906332068,-0.3 to 0
rs1030,GENE_10,-0.05145535899175834,0.05145535899175834,-0.3 to 0
rs1030,GENE_11,-0.0023410452560813978,0.0023410452560813978,-0.3 to 0
rs1030,GENE_12,0.1387073368210594,0.1387073368210594,0 to 0.3
rs1030,GENE_13,0.014771504669978598,0.014771504669978598,0 to 0.3
rs1030,GENE_14,-0.13948718014869343,0.13948718014869343,-0.3 to 0
rs1030,GENE_15,0.14707733648732765,0.14707733648732765,0 to 0.3
rs1030,GENE_16,0.12260938608458763,0.12260938608458763,0 to 0.3
rs1030,GENE_17,-0.22789612770821646,0.22789612770821646,-0.3 to 0
rs1030,GENE_18,0.20052630932337082,0.20052630932337082,0 to 0.3
rs1030,GENE_19,-0.22210053788955833,0.22210053788955833,-0.3 to 0
rs1030,GENE_20,0.20266810541875613,0.20266810541875613,0 to 0.3
rs1030,GENE_21,-0.03509133519022509,0.03509133519022509,-0.3 to 0
rs1030,GENE_22,-0.23676629964814727,0.23676629964814727,-0.3 to 0
rs1030,GENE_23,-0.037330937668820216,0.037330937668820216,-0.3 to 0
rs1030,GENE_24,-0.21482112872909806,0.21482112872909806,-0.3 to 0
rs1030,GENE_25,0.08349992467850097,0.08349992467850097,0 to 0.3
rs1030,GENE_26,0.019009063605015485,0.019009063605015485,0 to 0.3
rs1030,GENE_27,-0.03906877023528951,0.03906877023528951,-0.3 to 0
rs1030,GENE_28,0.3494344697985366,0.3494344697985366,0.3 to 0.5
rs1030,GENE_29,0.2600650697025719,0.2600650697025719,0 to 0.3
rs1030,GENE_30,0.10697747191651641,0.10697747191651641,0 to 0.3
rs1030,GENE_31,0.09368223067046806,0.09368223067046806,0 to 0.3
rs1030,GENE_32,-0.15759232518254976,0.15759232518254976,-0.3 to 0
rs1030,GENE_33,-0.10255631303355364,0.10255631303355364,-0.3 to 0
rs1030,GENE_34,-0.16038639116570533,0.16038639116570533,-0.3 to 0
rs1030,GENE_35,0.22820961424983283,0.22820961424983283,0 to 0.3
rs1030,GENE_36,0.17819467169880657,0.17819467169880657,0 to 0.3
rs1030,GENE_37,-0.17877735206398557,0.17877735206398557,-0.3 to 0
rs1030,GENE_38,-0.05340099266219926,0.05340099266219926,-0.3 to 0
rs1030,GENE_39,0.08400397448910263,0.08400397448910263,0 to 0.3
rs1030,GENE_40,0.1425841880522054,0.1425841880522054,0 to 0.3
rs1030,GENE_41,0.2562442745018735,0.2562442745018735,0 to 0.3
rs1030,GENE_42,0.13659143903323803,0.13659143903323803,0 to 0.3
rs1030,GENE_43,0.07228662077765964,0.07228662077765964,0 to 0.3
rs1030,GENE_44,0.05015308376067793,0.05015308376067793,0 to 0.3
rs1030,GENE_45,0.31952833380935114,0.31952833380935114,0.3 to 0.5
rs1030,GENE_46,0.025575001010980383,0.025575001010980383,0 to 0.3
rs1030,GENE_47,0.2546898752228905,0.2546898752228905,0 to 0.3
rs1030,GENE_48,-0.09229651481303923,0.09229651481303923,-0.3 to 0
rs1030,GENE_49,-0.02919556975015441,0.02919556975015441,-0.3 to 0
rs1030,GENE_50,0.14065736862028935,0.14065736862028935,0 to 0.3
rs1030,GENE_51,-0.26987224503440904,0.26987224503440904,-0.3 to 0
rs1030,GENE_52,0.1082325961616529,0.1082325961616529,0 to 0.3
rs1030,GENE_53,0.1672814051028032,0.1672814051028032,0 to 0.3
rs1030,GENE_54,0.12963438984502157,0.12963438984502157,0 to 0.3
rs1030,GENE_55,-0.13134286405553933,0.13134286405553933,-0.3 to 0
rs1030,GENE_56,0.2575606697196848,0.2575606697196848,0 to 0.3
rs1030,GENE_57,0.2953282968480843,0.2953282968480843,0 to 0.3
rs1030,GENE_58,-0.14279423855343884,0.14279423855343884,-0.3 to 0
rs1030,GENE_59,-0.04697359853571389,0.04697359853571389,-0.3 to 0
rs1030,GENE_60,-0.07000402912464339,0.07000402912464339,-0.3 to 0
rs1030,GENE_61,-0.3872534472695704,0.3872534472695704,-0.5 to -0.3
rs1030,GENE_62,0.057401160613291764,0.057401160613291764,0 to 0.3
rs1030,GENE_63,-0.1666345035865798,0.1666345035865798,-0.3 to 0
rs1030,GENE_64,0.08889172459302293,0.08889172459302293,0 to 0.3
rs1030,GENE_65,-0.02722035980769589,0.02722035980769589,-0.3 to 0
rs1030,GENE_66,0.08561310240939383,0.08561310240939383,0 to 0.3
rs1030,GENE_67,0.029350899777814587,0.029350899777814587,0 to 0.3
rs1030,GENE_68,-0.04372828574597798,0.04372828574597798,-0.3 to 0
rs1030,GENE_69,-0.02289434462644552,0.02289434462644552,-0.3 to 0
rs1030,GENE_70,0.2388474188719373,0.2388474188719373,0 to 0.3
rs1030,GENE_71,-0.002922743030575111,0.002922743030575111,-0.3 to 0
rs1030,GENE_72,-0.01597152882534068,0.01597152882534068,-0.3 to 0
rs1030,GENE_73,0.06440307549735508,0.06440307549735508,0 to 0.3
rs1030,GENE_74,0.18888104471793624,0.18888104471793624,0 to 0.3
rs1030,GENE_75,-0.14701998620778015,0.14701998620778015,-0.3 to 0
rs1030,GENE_76,-0.15051661733380972,0.15051661733380972,-0.3 to 0
rs1030,GENE_77,0.06608991947234456,0.06608991947234456,0 to 0.3
rs1030,GENE_78,-0.1108035054660546,0.1108035054660546,-0.3 to 0
rs1030,GENE_79,-0.30967917074203044,0.30967917074203044,-0.5 to -0.3
rs1030,GENE_80,0.057539822724357446,0.057539822724357446,0 to 0.3
rs1030,GENE_81,0.15671898609839477,0.15671898609839477,0 to 0.3
rs1030,GENE_82,0.02470746655630467,0.02470746655630467,0 to 0.3
rs1030,GENE_83,-0.018310411320972098,0.018310411320972098,-0.3 to 0
rs1030,GENE_84,0.052690947042808196,0.052690947042808196,0 to 0.3
rs1030,GENE_85,-0.18300547706473544,0.18300547706473544,-0.3 to 0
rs1030,GENE_86,0.08883934212441445,0.08883934212441445,0 to 0.3
rs1030,GENE_87,0.09777854155375135,0.09777854155375135,0 to 0.3
rs1030,GENE_88,0.1378310758916819,0.1378310758916819,0 to 0.3
rs1030,GENE_89,0.0469740899820308,0.0469740899820308,0 to 0.3
rs1030,GENE_90,0.15925432013373358,0.15925432013373358,0 to 0.3
rs1030,GENE_91,-0.3273879471829628,0.3273879471829628,-0.5 to -0.3
rs1030,GENE_92,-0.1387026320670107,0.1387026320670107,-0.3 to 0
rs1030,GENE_93,-0.018385757325806003,0.018385757325806003,-0.3 to 0
rs1030,GENE_94,-0.3779091891268444,0.3779091891268444,-0.5 to -0.3
rs1030,GENE_95,0.006405973027548488,0.006405973027548488,0 to 0.3
rs1030,GENE_96,-0.24287970217401703,0.24287970217401703,-0.3 to 0
rs1030,GENE_97,-0.22509566248444332,0.22509566248444332,-0.3 to 0
rs1030,GENE_98,-0.2053556516965971,0.2053556516965971,-0.3 to 0
rs1030,GENE_99,-0.02650330539621142,0.02650330539621142,-0.3 to 0
rs1030,GENE_100,-0.06887537567293264,0.06887537567293264,-0.3 to 0
rs1031,GENE_1,-0.0454010047161987,0.0454010047161987,-0.3 to 0
rs1031,GENE_2,-0.10812085221288656,0.10812085221288656,-0.3 to 0
rs1031,GENE_3,-0.2709176592359502,0.2709176592359502,-0.3 to 0
rs1031,GENE_4,-0.04860573091300325,0.04860573091300325,-0.3 to 0
rs1031,GENE_5,0.30915955155838737,0.30915955155838737,0.3 to 0.5
rs1031,GENE_6,0.002053782468086051,0.002053782468086051,0 to 0.3
rs1031,GENE_7,-0.19687748029404908,0.19687748029404908,-0.3 to 0
rs1031,GENE_8,0.2366417375114977,0.2366417375114977,0 to 0.3
rs1031,GENE_9,0.236800966463459,0.236800966463459,0 to 0.3
rs1031,GENE_10,0.009026347516127166,0.009026347516127166,0 to 0.3
rs1031,GENE_11,-0.00167337532877501,0.00167337532877501,-0.3 to 0
rs1031,GENE_12,0.34413523935838747,0.34413523935838747,0.3 to 0.5
rs1031,GENE_13,-0.30304407966822794,0.30304407966822794,-0.5 to -0.3
rs1031,GENE_14,-0.09135995802244953,0.09135995802244953,-0.3 to 0
rs1031,GENE_15,-0.008390666992208865,0.008390666992208865,-0.3 to 0
rs1031,GENE_16,-0.22049042410602715,0.22049042410602715,-0.3 to 0
rs1031,GENE_17,0.25833414084035194,0.25833414084035194,0 to 0.3
rs1031,GENE_18,0.048385871117992224,0.048385871117992224,0 to 0.3
rs1031,GENE_19,-0.24067414002042659,0.24067414002042659,-0.3 to 0
rs1031,GENE_20,-0.033055527856182515,0.033055527856182515,-0.3 to 0
rs1031,GENE_21,0.08890937892259121,0.08890937892259121,0 to 0.3
rs1031,GENE_22,0.17979011749157445,0.17979011749157445,0 to 0.3
rs1031,GENE_23,-0.29151878563140193,0.29151878563140193,-0.3 to 0
rs1031,GENE_24,-0.021271086110680962,0.021271086110680962,-0.3 to 0
rs1031,GENE_25,0.1378147634735305,0.1378147634735305,0 to 0.3
rs1031,GENE_26,0.1275453993754909,0.1275453993754909,0 to 0.3
rs1031,GENE_27,-0.27333799182898033,0.27333799182898033,-0.3 to 0
rs1031,GENE_28,-0.17041760244972243,0.17041760244972243,-0.3 to 0
rs1031,GENE_29,-0.057645896776360145,0.057645896776360145,-0.3 to 0
rs1031,GENE_30,-0.07711374080732124,0.07711374080732124,-0.3 to 0
rs1031,GENE_31,0.0540941515248602,0.0540941515248602,0 to 0.3
rs1031,GENE_32,0.25924139514661787,0.25924139514661787,0 to 0.3
rs1031,GENE_33,-0.050631765638328004,0.050631765638328004,-0.3 to 0
rs1031,GENE_34,0.12662892525415262,0.12662892525415262,0 to 0.3
rs1031,GENE_35,-0.3311177356279695,0.3311177356279695,-0.5 to -0.3
rs1031,GENE_36,-0.0412293636327142,0.0412293636327142,-0.3 to 0
rs1031,GENE_37,0.37789190635329073,0.37789190635329073,0.3 to 0.5
rs1031,GENE_38,0.1324269541085263,0.1324269541085263,0 to 0.3
rs1031,GENE_39,-0.31463862634748396,0.31463862634748396,-0.5 to -0.3
rs1031,GENE_40,0.128476862358108,0.128476862358108,0 to 0.3
rs1031,GENE_41,0.09280887681676676,0.09280887681676676,0 to 0.3
rs1031,GENE_42,-0.2254640691572256,0.2254640691572256,-0.3 to 0
rs1031,GENE_43,0.1000275975421118,0.1000275975421118,0 to 0.3
rs1031,GENE_44,-0.020165925684107952,0.020165925684107952,-0.3 to 0
rs1031,GENE_45,-0.07790345444746252,0.07790345444746252,-0.3 to 0
rs1031,GENE_46,-0.052014582129329634,0.052014582129329634,-0.3 to 0
rs1031,GENE_47,-0.22912717179046235,0.22912717179046235,-0.3 to 0
rs1031,GENE_48,-0.0007498112575974283,0.0007498112575974283,-0.3 to 0
rs1031,GENE_49,0.03634674454910201,0.03634674454910201,0 to 0.3
rs1031,GENE_50,-0.14591307547384585,0.14591307547384585,-0.3 to 0
rs1031,GENE_51,0.014899015779983427,0.014899015779983427,0 to 0.3
rs1031,GENE_52,0.09824377532877986,0.09824377532877986,0 to 0.3
rs1031,GENE_53,-0.4921172494026175,0.4921172494026175,-0.5 to -0.3
rs1031,GENE_54,0.009047397482401087,0.009047397482401087,0 to 0.3
rs1031,GENE_55,0.1340273653460623,0.1340273653460623,0 to 0.3
rs1031,GENE_56,0.07240221914546556,0.07240221914546556,0 to 0.3
rs1031,GENE_57,0.06249970431918535,0.06249970431918535,0 to 0.3
rs1031,GENE_58,-0.11592322409625683,0.11592322409625683,-0.3 to 0
rs1031,GENE_59,0.2426914293182451,0.2426914293182451,0 to 0.3
rs1031,GENE_60,0.09047840860170178,0.09047840860170178,0 to 0.3
rs1031,GENE_61,0.12628492869607347,0.12628492869607347,0 to 0.3
rs1031,GENE_62,0.07881572037972984,0.07881572037972984,0 to 0.3
rs1031,GENE_63,0.20074683950121683,0.20074683950121683,0 to 0.3
rs1031,GENE_64,0.08187368437516505,0.08187368437516505,0 to 0.3
rs1031,GENE_65,-0.27395118549769737,0.27395118549769737,-0.3 to 0
rs1031,GENE_66,0.03274925878489659,0.03274925878489659,0 to 0.3
rs1031,GENE_67,-0.035511606443588056,0.035511606443588056,-0.3 to 0
rs1031,GENE_68,-0.22406437496945195,0.22406437496945195,-0.3 to 0
rs1031,GENE_69,0.11011674427573356,0.11011674427573356,0 to 0.3
rs1031,GENE_70,-0.04189909563030678,0.04189909563030678,-0.3 to 0
rs1031,GENE_71,-0.3023405923026182,0.3023405923026182,-0.5 to -0.3
rs1031,GENE_72,-0.26294865836358866,0.26294865836358866,-0.3 to 0
rs1031,GENE_73,0.02080684840024203,0.02080684840024203,0 to 0.3
rs1031,GENE_74,-0.27436131187278534,0.27436131187278534,-0.3 to 0
rs1031,GENE_75,0.025579807116369178,0.025579807116369178,0 to 0.3
rs1031,GENE_76,-0.1398898948405989,0.1398898948405989,-0.3 to 0
rs1031,GENE_77,0.17845814081720882,0.17845814081720882,0 to 0.3
rs1031,GENE_78,0.19858562698615045,0.19858562698615045,0 to 0.3
rs1031,GENE_79,-0.04752747229783576,0.04752747229783576,-0.3 to 0
rs1031,GENE_80,-0.025007815774389562,0.025007815774389562,-0.3 to 0
rs1031,GENE_81,0.18134754130725236,0.18134754130725236,0 to 0.3
rs1031,GENE_82,-0.013776209554800807,0.013776209554800807,-0.3 to 0
rs1031,GENE_83,-0.1160363460877734,0.1160363460877734,-0.3 to 0
rs1031,GENE_84,-0.387345574533289,0.387345574533289,-0.5 to -0.3
rs1031,GENE_85,-0.04077669693853748,0.04077669693853748,-0.3 to 0
rs1031,GENE_86,0.04258452892248716,0.04258452892248716,0 to 0.3
rs1031,GENE_87,0.16580430211786829,0.16580430211786829,0 to 0.3
rs1031,GENE_88,-0.06249583608174196,0.06249583608174196,-0.3 to 0
rs1031,GENE_89,0.444948142804085,0.444948142804085,0.3 to 0.5
rs1031,GENE_90,0.01301303063609853,0.01301303063609853,0 to 0.3
rs1031,GENE_91,0.1837504807329987,0.1837504807329987,0 to 0.3
rs1031,GENE_92,-0.16471821144417712,0.16471821144417712,-0.3 to 0
rs1031,GENE_93,-0.04653680638013807,0.04653680638013807,-0.3 to 0
rs1031,GENE_94,0.08088914837539737,0.08088914837539737,0 to 0.3
rs1031,GENE_95,0.03967870355112519,0.03967870355112519,0 to 0.3
rs1031,GENE_96,-0.13229231664820446,0.13229231664820446,-0.3 to 0
rs1031,GENE_97,-0.09153408563459725,0.09153408563459725,-0.3 to 0
rs1031,GENE_98,-0.04838604648432656,0.04838604648432656,-0.3 to 0
rs1031,GENE_99,-0.49836349305035693,0.49836349305035693,-0.5 to -0.3
rs1031,GENE_100,0.20248833236419492,0.20248833236419492,0 to 0.3
rs1032,GENE_1,0.3617984290517657,0.3617984290517657,0.3 to 0.5
rs1032,GENE_2,-0.22277762742428645,0.22277762742428645,-0.3 to 0
rs1032,GENE_3,-0.0016799485985618447,0.0016799485985618447,-0.3 to 0
rs1032,GENE_4,0.14458058386855474,0.14458058386855474,0 to 0.3
rs1032,GENE_5,0.024260813053358306,0.024260813053358306,0 to 0.3
rs1032,GENE_6,-0.05453992489214567,0.05453992489214567,-0.3 to 0
rs1032,GENE_7,-0.02604515824309487,0.02604515824309487,-0.3 to 0
rs1032,GENE_8,0.30638326108891495,0.30638326108891495,0.3 to 0.5
rs1032,GENE_9,-0.009323803538676689,0.009323803538676689,-0.3 to 0
rs1032,GENE_10,0.11229925944576384,0.11229925944576384,0 to 0.3
rs1032,GENE_11,-0.19236634441558248,0.19236634441558248,-0.3 to 0
rs1032,GENE_12,0.22518730274127985,0.22518730274127985,0 to 0.3
rs1032,GENE_13,-0.2072983864353219,0.2072983864353219,-0.3 to 0
rs1032,GENE_14,-0.1802631597981411,0.1802631597981411,-0.3 to 0
rs1032,GENE_15,0.2780354797215664,0.2780354797215664,0 to 0.3
rs1032,GENE_16,-0.2116434175101626,0.2116434175101626,-0.3 to 0
rs1032,GENE_17,0.15014516311875364,0.15014516311875364,0 to 0.3
rs1032,GENE_18,0.007985152259218817,0.007985152259218817,0 to 0.3
rs1032,GENE_19,0.057802502669878596,0.057802502669878596,0 to 0.3
rs1032,GENE_20,0.3276745010412294,0.3276745010412294,0.3 to 0.5
rs1032,GENE_21,-0.17702924953773108,0.17702924953773108,-0.3 to 0
rs1032,GENE_22,0.08415647616820264,0.08415647616820264,0 to 0.3
rs1032,GENE_23,-0.035818775300215946,0.035818775300215946,-0.3 to 0
rs1032,GENE_24,-0.3671311560333441,0.3671311560333441,-0.5 to -0.3
rs1032,GENE_25,0.3588918867983817,0.3588918867983817,0.3 to 0.5
rs1032,GENE_26,0.01959420386351808,0.01959420386351808,0 to 0.3
rs1032,GENE_27,0.004267424047954308,0.004267424047954308,0 to 0.3
rs1032,GENE_28,0.19409306437885568,0.19409306437885568,0 to 0.3
rs1032,GENE_29,-0.04098718770465802,0.04098718770465802,-0.3 to 0
rs1032,GENE_30,-0.16802158654611668,0.16802158654611668,-0.3 to 0
rs1032,GENE_31,0.16333274822347998,0.16333274822347998,0 to 0.3
rs1032,GENE_32,-0.2641930125762861,0.2641930125762861,-0.3 to 0
rs1032,GENE_33,0.09631030755936049,0.09631030755936049,0 to 0.3
rs1032,GENE_34,0.06322516868768013,0.06322516868768013,0 to 0.3
rs1032,GENE_35,0.05568603513740255,0.05568603513740255,0 to 0.3
rs1032,GENE_36,-0.16237957428762176,0.16237957428762176,-0.3 to 0
rs1032,GENE_37,0.09567617079928062,0.09567617079928062,0 to 0.3
rs1032,GENE_38,0.1645067761164587,0.1645067761164587,0 to 0.3
rs1032,GENE_39,0.06132681334870258,0.06132681334870258,0 to 0.3
rs1032,GENE_40,0.1228525871184501,0.1228525871184501,0 to 0.3
rs1032,GENE_41,0.0005779102766568341,0.0005779102766568341,0 to 0.3
rs1032,GENE_42,0.04458180258345315,0.04458180258345315,0 to 0.3
rs1032,GENE_43,-0.3233957961886456,0.3233957961886456,-0.5 to -0.3
rs1032,GENE_44,0.06871822459320302,0.06871822459320302,0 to 0.3
rs1032,GENE_45,-0.05670803277089115,0.05670803277089115,-0.3 to 0
rs1032,GENE_46,0.09028780730389004,0.09028780730389004,0 to 0.3
rs1032,GENE_47,0.0039755948878556265,0.0039755948878556265,0 to 0.3
rs1032,GENE_48,-0.05084164704881367,0.05084164704881367,-0.3 to 0
rs1032,GENE_49,-0.24771108909057055,0.24771108909057055,-0.3 to 0
rs1032,GENE_50,0.19691600017812216,0.19691600017812216,0 to 0.3
rs1032,GENE_51,0.1998984403995616,0.1998984403995616,0 to 0.3
rs1032,GENE_52,-0.19905325451975434,0.19905325451975434,-0.3 to 0
rs1032,GENE_53,-0.04333050720697468,0.04333050720697468,-0.3 to 0
rs1032,GENE_54,0.24121210596713125,0.24121210596713125,0 to 0.3
rs1032,GENE_55,-0.2857263681884959,0.2857263681884959,-0.3 to 0
rs1032,GENE_56,0.17967351790692873,0.17967351790692873,0 to 0.3
rs1032,GENE_57,-0.07819177965738874,0.07819177965738874,-0.3 to 0
rs1032,GENE_58,0.238549103694849,0.238549103694849,0 to 0.3
rs1032,GENE_59,-0.17900452908221579,0.17900452908221579,-0.3 to 0
rs1032,GENE_60,0.14148959291664795,0.14148959291664795,0 to 0.3
rs1032,GENE_61,0.2244048247308685,0.2244048247308685,0 to 0.3
rs1032,GENE_62,-0.021461704189707446,0.021461704189707446,-0.3 to 0
rs1032,GENE_63,-0.13256117230815118,0.13256117230815118,-0.3 to 0
rs1032,GENE_64,0.1753602771265056,0.1753602771265056,0 to 0.3
rs1032,GENE_65,0.008502307641818583,0.008502307641818583,0 to 0.3
rs1032,GENE_66,0.34444457340047085,0.34444457340047085,0.3 to 0.5
rs1032,GENE_67,0.4592034508915227,0.4592034508915227,0.3 to 0.5
rs1032,GENE_68,0.058321266129783625,0.058321266129783625,0 to 0.3
rs1032,GENE_69,0.18815569549717193,0.18815569549717193,0 to 0.3
rs1032,GENE_70,-0.14047896844242092,0.14047896844242092,-0.3 to 0
rs1032,GENE_71,0.3666723862213857,0.3666723862213857,0.3 to 0.5
rs1032,GENE_72,0.07755793780414043,0.07755793780414043,0 to 0.3
rs1032,GENE_73,-0.1800223830900959,0.1800223830900959,-0.3 to 0
rs1032,GENE_74,-0.08750607589872661,0.08750607589872661,-0.3 to 0
rs1032,GENE_75,-0.1989491114793847,0.1989491114793847,-0.3 to 0
rs1032,GENE_76,-0.08153635042609773,0.08153635042609773,-0.3 to 0
rs1032,GENE_77,-0.08798634036136842,0.08798634036136842,-0.3 to 0
rs1032,GENE_78,-0.08387327516991878,0.08387327516991878,-0.3 to 0
rs1032,GENE_79,-0.03703651847006362,0.03703651847006362,-0.3 to 0
rs1032,GENE_80,0.14568133107045386,0.14568133107045386,0 to 0.3
rs1032,GENE_81,0.11767652854737845,0.11767652854737845,0 to 0.3
rs1032,GENE_82,-0.02669370975967331,0.02669370975967331,-0.3 to 0
rs1032,GENE_83,0.22275544130808092,0.22275544130808092,0 to 0.3
rs1032,GENE_84,0.13093017879850705,0.13093017879850705,0 to 0.3
rs1032,GENE_85,-0.022262161032974234,0.022262161032974234,-0.3 to 0
rs1032,GENE_86,-0.2375166338697159,0.2375166338697159,-0.3 to 0
rs1032,GENE_87,-0.25140398344932985,0.25140398344932985,-0.3 to 0
rs1032,GENE_88,0.22749735471278848,0.22749735471278848,0 to 0.3
rs1032,GENE_89,0.11946540442815515,0.11946540442815515,0 to 0.3
rs1032,GENE_90,0.1726091426236754,0.1726091426236754,0 to 0.3
rs1032,GENE_91,0.03174459272175653,0.03174459272175653,0 to 0.3
rs1032,GENE_92,-0.03262400603071838,0.03262400603071838,-0.3 to 0
rs1032,GENE_93,-0.048409159339383,0.048409159339383,-0.3 to 0
rs1032,GENE_94,0.1357886016276584,0.1357886016276584,0 to 0.3
rs1032,GENE_95,-0.11810493324934426,0.11810493324934426,-0.3 to 0
rs1032,GENE_96,0.3087791722858424,0.3087791722858424,0.3 to 0.5
rs1032,GENE_97,-0.12188671762243021,0.12188671762243021,-0.3 to 0
rs1032,GENE_98,-0.1254908911314288,0.1254908911314288,-0.3 to 0
rs1032,GENE_99,-0.00034382828910074575,0.00034382828910074575,-0.3 to 0
rs1032,GENE_100,0.08703780896117387,0.08703780896117387,0 to 0.3
rs1033,GENE_1,-0.024301863656210478,0.024301863656210478,-0.3 to 0
rs1033,GENE_2,0.0002914342465798565,0.0002914342465798565,0 to 0.3
rs1033,GENE_3,-0.06746250704347362,0.06746250704347362,-0.3 to 0
rs1033,GENE_4,-0.028122427965616866,0.028122427965616866,-0.3 to 0
rs1033,GENE_5,-0.0952362803424559,0.0952362803424559,-0.3 to 0
rs1033,GENE_6,0.06761705305668737,0.06761705305668737,0 to 0.3
rs1033,GENE_7,-0.3628504465198944,0.3628504465198944,-0.5 to -0.3
rs1033,GENE_8,-0.1489651229219171,0.1489651229219171,-0.3 to 0
rs1033,GENE_9,0.27745768214377825,0.27745768214377825,0 to 0.3
rs1033,GENE_10,-0.12404731591130924,0.12404731591130924,-0.3 to 0
rs1033,GENE_11,0.19723702833244175,0.19723702833244175,0 to 0.3
rs1033,GENE_12,0.11525598256467484,0.11525598256467484,0 to 0.3
rs1033,GENE_13,-0.24888496155283002,0.24888496155283002,-0.3 to 0
rs1033,GENE_14,-0.41880412507442566,0.41880412507442566,-0.5 to -0.3
rs1033,GENE_15,-0.2287106718197987,0.2287106718197987,-0.3 to 0
rs1033,GENE_16,0.1588035508050846,0.1588035508050846,0 to 0.3
rs1033,GENE_17,0.2712805640626053,0.2712805640626053,0 to 0.3
rs1033,GENE_18,-0.08311985815869381,0.08311985815869381,-0.3 to 0
rs1033,GENE_19,-0.3031869009977999,0.3031869009977999,-0.5 to -0.3
rs1033,GENE_20,0.1411815920640688,0.1411815920640688,0 to 0.3
rs1033,GENE_21,0.09752794267271453,0.09752794267271453,0 to 0.3
rs1033,GENE_22,0.24357396934808523,0.24357396934808523,0 to 0.3
rs1033,GENE_23,-0.38590459361800916,0.38590459361800916,-0.5 to -0.3
rs1033,GENE_24,0.14589585862518425,0.14589585862518425,0 to 0.3
rs1033,GENE_25,-0.04816791182969274,0.04816791182969274,-0.3 to 0
rs1033,GENE_26,-0.12697635575127664,0.12697635575127664,-0.3 to 0
rs1033,GENE_27,0.2042232055853282,0.2042232055853282,0 to 0.3
rs1033,GENE_28,-0.21641635709333054,0.21641635709333054,-0.3 to 0
rs1033,GENE_29,0.02533137700141966,0.02533137700141966,0 to 0.3
rs1033,GENE_30,-0.18151771966272856,0.18151771966272856,-0.3 to 0
rs1033,GENE_31,0.10596463979812645,0.10596463979812645,0 to 0.3
rs1033,GENE_32,0.12834299528400295,0.12834299528400295,0 to 0.3
rs1033,GENE_33,-0.4039113326563481,0.4039113326563481,-0.5 to -0.3
rs1033,GENE_34,0.1090080147254378,0.1090080147254378,0 to 0.3
rs1033,GENE_35,-0.39457041572970386,0.39457041572970386,-0.5 to -0.3
rs1033,GENE_36,-0.02467335395487932,0.02467335395487932,-0.3 to 0
rs1033,GENE_37,-0.09393662039716853,0.09393662039716853,-0.3 to 0
rs1033,GENE_38,-0.20788314299100702,0.20788314299100702,-0.3 to 0
rs1033,GENE_39,-0.173776283258125,0.173776283258125,-0.3 to 0
rs1033,GENE_40,0.2247159224833261,0.2247159224833261,0 to 0.3
rs1033,GENE_41,0.07861685163981039,0.07861685163981039,0 to 0.3
rs1033,GENE_42,0.11485800766777733,0.11485800766777733,0 to 0.3
rs1033,GENE_43,-0.03688600393701481,0.03688600393701481,-0.3 to 0
rs1033,GENE_44,-0.0693698770419271,0.0693698770419271,-0.3 to 0
rs1033,GENE_45,0.09655468566062092,0.09655468566062092,0 to 0.3
rs1033,GENE_46,-0.13978635661862043,0.13978635661862043,-0.3 to 0
rs1033,GENE_47,-0.154306941182125,0.154306941182125,-0.3 to 0
rs1033,GENE_48,0.17803624032345075,0.17803624032345075,0 to 0.3
rs1033,GENE_49,-0.06637931764449154,0.06637931764449154,-0.3 to 0
rs1033,GENE_50,0.03763191029769446,0.03763191029769446,0 to 0.3
rs1033,GENE_51,0.14608043988631356,0.14608043988631356,0 to 0.3
rs1033,GENE_52,-0.07386609802119033,0.07386609802119033,-0.3 to 0
rs1033,GENE_53,-0.5363490691349826,0.5363490691349826,-0.7 to -0.5
rs1033,GENE_54,0.1643362799109133,0.1643362799109133,0 to 0.3
rs1033,GENE_55,0.1718282480149804,0.1718282480149804,0 to 0.3
rs1033,GENE_56,0.3202032880972199,0.3202032880972199,0.3 to 0.5
rs1033,GENE_57,-0.10977160691929667,0.10977160691929667,-0.3 to 0
rs1033,GENE_58,-0.08190613825493549,0.08190613825493549,-0.3 to 0
rs1033,GENE_59,-0.17571880213252064,0.17571880213252064,-0.3 to 0
rs1033,GENE_60,0.16829574163746713,0.16829574163746713,0 to 0.3
rs1033,GENE_61,-0.15618657729620605,0.15618657729620605,-0.3 to 0
rs1033,GENE_62,-0.016255405779951933,0.016255405779951933,-0.3 to 0
rs1033,GENE_63,0.31902973963139347,0.31902973963139347,0.3 to 0.5
rs1033,GENE_64,0.19255298120282593,0.19255298120282593,0 to 0.3
rs1033,GENE_65,0.21944744043874143,0.21944744043874143,0 to 0.3
rs1033,GENE_66,0.01729826345736974,0.01729826345736974,0 to 0.3
rs1033,GENE_67,0.04298461570064207,0.04298461570064207,0 to 0.3
rs1033,GENE_68,0.108767830364527,0.108767830364527,0 to 0.3
rs1033,GENE_69,0.34640499337071523,0.34640499337071523,0.3 to 0.5
rs1033,GENE_70,-0.08503860139399194,0.08503860139399194,-0.3 to 0
rs1033,GENE_71,-0.15060610952522285,0.15060610952522285,-0.3 to 0
rs1033,GENE_72,-0.24904511457876827,0.24904511457876827,-0.3 to 0
rs1033,GENE_73,0.04745598211873718,0.04745598211873718,0 to 0.3
rs1033,GENE_74,-0.3342233860535749,0.3342233860535749,-0.5 to -0.3
rs1033,GENE_75,-0.10103890872947416,0.10103890872947416,-0.3 to 0
rs1033,GENE_76,-0.044408019884142697,0.044408019884142697,-0.3 to 0
rs1033,GENE_77,-0.44334121370038243,0.44334121370038243,-0.5 to -0.3
rs1033,GENE_78,0.1585818433833763,0.1585818433833763,0 to 0.3
rs1033,GENE_79,0.10391884242055206,0.10391884242055206,0 to 0.3
rs1033,GENE_80,-0.375748714902437,0.375748714902437,-0.5 to -0.3
rs1033,GENE_81,0.15028520148461935,0.15028520148461935,0 to 0.3
rs1033,GENE_82,-0.2070710511280157,0.2070710511280157,-0.3 to 0
rs1033,GENE_83,0.19384701036268065,0.19384701036268065,0 to 0.3
rs1033,GENE_84,-0.28964491209209087,0.28964491209209087,-0.3 to 0
rs1033,GENE_85,0.02127923705229085,0.02127923705229085,0 to 0.3
rs1033,GENE_86,-0.12160924320029082,0.12160924320029082,-0.3 to 0
rs1033,GENE_87,-0.043665303176766444,0.043665303176766444,-0.3 to 0
rs1033,GENE_88,0.15066294914087217,0.15066294914087217,0 to 0.3
rs1033,GENE_89,0.13204655826836545,0.13204655826836545,0 to 0.3
rs1033,GENE_90,0.1844145216979883,0.1844145216979883,0 to 0.3
rs1033,GENE_91,-0.07455909063899958,0.07455909063899958,-0.3 to 0
rs1033,GENE_92,0.21691130172007655,0.21691130172007655,0 to 0.3
rs1033,GENE_93,0.1745523703366606,0.1745523703366606,0 to 0.3
rs1033,GENE_94,0.23221173645220936,0.23221173645220936,0 to 0.3
rs1033,GENE_95,0.029002315570019494,0.029002315570019494,0 to 0.3
rs1033,GENE_96,0.07797719662630646,0.07797719662630646,0 to 0.3
rs1033,GENE_97,0.1305238350253091,0.1305238350253091,0 to 0.3
rs1033,GENE_98,-0.25987560897327167,0.25987560897327167,-0.3 to 0
rs1033,GENE_99,-0.44174015959871155,0.44174015959871155,-0.5 to -0.3
rs1033,GENE_100,-0.16398785286204184,0.16398785286204184,-0.3 to 0
rs1034,GENE_1,-0.07582393750234395,0.07582393750234395,-0.3 to 0
rs1034,GENE_2,-0.005942201444629107,0.005942201444629107,-0.3 to 0
rs1034,GENE_3,-0.22641598741169502,0.22641598741169502,-0.3 to 0
rs1034,GENE_4,0.3400445320521578,0.3400445320521578,0.3 to 0.5
rs1034,GENE_5,0.10380641507138649,0.10380641507138649,0 to 0.3
rs1034,GENE_6,0.024084086524370222,0.024084086524370222,0 to 0.3
rs1034,GENE_7,0.21296429309358675,0.21296429309358675,0 to 0.3
rs1034,GENE_8,0.09496506885155931,0.09496506885155931,0 to 0.3
rs1034,GENE_9,0.19975471966910702,0.19975471966910702,0 to 0.3
rs1034,GENE_10,0.01906953175582679,0.01906953175582679,0 to 0.3
rs1034,GENE_11,-0.045725938890980825,0.045725938890980825,-0.3 to 0
rs1034,GENE_12,0.008760495360874322,0.008760495360874322,0 to 0.3
rs1034,GENE_13,0.20759760777032285,0.20759760777032285,0 to 0.3
rs1034,GENE_14,0.18356827503609716,0.18356827503609716,0 to 0.3
rs1034,GENE_15,-0.3097587445672933,0.3097587445672933,-0.5 to -0.3
rs1034,GENE_16,0.12277443084828846,0.12277443084828846,0 to 0.3
rs1034,GENE_17,0.08177199585461463,0.08177199585461463,0 to 0.3
rs1034,GENE_18,0.14638315101856794,0.14638315101856794,0 to 0.3
rs1034,GENE_19,-0.23853010935037203,0.23853010935037203,-0.3 to 0
rs1034,GENE_20,0.22845083999001245,0.22845083999001245,0 to 0.3
rs1034,GENE_21,0.1724908018790339,0.1724908018790339,0 to 0.3
rs1034,GENE_22,-0.1783861985728034,0.1783861985728034,-0.3 to 0
rs1034,GENE_23,0.16030688119125167,0.16030688119125167,0 to 0.3
rs1034,GENE_24,0.12873009353673634,0.12873009353673634,0 to 0.3
rs1034,GENE_25,0.320479371981397,0.320479371981397,0.3 to 0.5
rs1034,GENE_26,0.22091106551019074,0.22091106551019074,0 to 0.3
rs1034,GENE_27,0.06728172570473837,0.06728172570473837,0 to 0.3
rs1034,GENE_28,-0.18583275916511244,0.18583275916511244,-0.3 to 0
rs1034,GENE_29,0.040395023489596345,0.040395023489596345,0 to 0.3
rs1034,GENE_30,0.08496706066969419,0.08496706066969419,0 to 0.3
rs1034,GENE_31,0.43435592928196226,0.43435592928196226,0.3 to 0.5
rs1034,GENE_32,-0.06728746749973132,0.06728746749973132,-0.3 to 0
rs1034,GENE_33,-0.037175722659284496,0.037175722659284496,-0.3 to 0
rs1034,GENE_34,0.18412395115387992,0.18412395115387992,0 to 0.3
rs1034,GENE_35,-0.23917709550209162,0.23917709550209162,-0.3 to 0
rs1034,GENE_36,0.016622799258147233,0.016622799258147233,0 to 0.3
rs1034,GENE_37,0.2662581893749228,0.2662581893749228,0 to 0.3
rs1034,GENE_38,0.07941069741474044,0.07941069741474044,0 to 0.3
rs1034,GENE_39,-0.25688064135682115,0.25688064135682115,-0.3 to 0
rs1034,GENE_40,0.23132030254422245,0.23132030254422245,0 to 0.3
rs1034,GENE_41,0.02656832732017577,0.02656832732017577,0 to 0.3
rs1034,GENE_42,0.15904527167007557,0.15904527167007557,0 to 0.3
rs1034,GENE_43,-0.09690743825307913,0.09690743825307913,-0.3 to 0
rs1034,GENE_44,0.18021286392173647,0.18021286392173647,0 to 0.3
rs1034,GENE_45,0.12601795517250797,0.12601795517250797,0 to 0.3
rs1034,GENE_46,-0.3652360304713232,0.3652360304713232,-0.5 to -0.3
rs1034,GENE_47,-0.24472700184159116,0.24472700184159116,-0.3 to 0
rs1034,GENE_48,-0.10741290662526677,0.10741290662526677,-0.3 to 0
rs1034,GENE_49,-0.11377932350250619,0.11377932350250619,-0.3 to 0
rs1034,GENE_50,0.1683440145971505,0.1683440145971505,0 to 0.3
rs1034,GENE_51,-0.11356719186486548,0.11356719186486548,-0.3 to 0
rs1034,GENE_52,-0.06011743020277454,0.06011743020277454,-0.3 to 0
rs1034,GENE_53,0.05205574343130894,0.05205574343130894,0 to 0.3
rs1034,GENE_54,0.04038226169023871,0.04038226169023871,0 to 0.3
rs1034,GENE_55,0.27482328301723935,0.27482328301723935,0 to 0.3
rs1034,GENE_56,0.26561933430225987,0.26561933430225987,0 to 0.3
rs1034,GENE_57,0.10296535311463617,0.10296535311463617,0 to 0.3
rs1034,GENE_58,-0.035587417681889055,0.035587417681889055,-0.3 to 0
rs1034,GENE_59,-0.24855848102169092,0.24855848102169092,-0.3 to 0
rs1034,GENE_60,0.17369178160714735,0.17369178160714735,0 to 0.3
rs1034,GENE_61,-0.15077915266402472,0.15077915266402472,-0.3 to 0
rs1034,GENE_62,0.22053975941719525,0.22053975941719525,0 to 0.3
rs1034,GENE_63,-0.37001358931746,0.37001358931746,-0.5 to -0.3
rs1034,GENE_64,0.023223654118544466,0.023223654118544466,0 to 0.3
rs1034,GENE_65,0.016662805504340236,0.016662805504340236,0 to 0.3
rs1034,GENE_66,-0.013805385096565323,0.013805385096565323,-0.3 to 0
rs1034,GENE_67,-0.40456111556945473,0.40456111556945473,-0.5 to -0.3
rs1034,GENE_68,0.0008863419147798753,0.0008863419147798753,0 to 0.3
rs1034,GENE_69,-0.06782784330073954,0.06782784330073954,-0.3 to 0
rs1034,GENE_70,0.09578062061805731,0.09578062061805731,0 to 0.3
rs1034,GENE_71,0.06278201550009568,0.06278201550009568,0 to 0.3
rs1034,GENE_72,0.2673051729311518,0.2673051729311518,0 to 0.3
rs1034,GENE_73,-0.08960424745071384,0.08960424745071384,-0.3 to 0
rs1034,GENE_74,-0.14852563226021945,0.14852563226021945,-0.3 to 0
rs1034,GENE_75,0.046253603465409805,0.046253603465409805,0 to 0.3
rs1034,GENE_76,-0.11144665349977456,0.11144665349977456,-0.3 to 0
rs1034,GENE_77,0.14153342282111517,0.14153342282111517,0 to 0.3
rs1034,GENE_78,0.2926568327995563,0.2926568327995563,0 to 0.3
rs1034,GENE_79,0.004301774481131081,0.004301774481131081,0 to 0.3
rs1034,GENE_80,0.2087332993696822,0.2087332993696822,0 to 0.3
rs1034,GENE_81,-0.2600325234157755,0.2600325234157755,-0.3 to 0
rs1034,GENE_82,0.10480068947376919,0.10480068947376919,0 to 0.3
rs1034,GENE_83,-0.004668635930173559,0.004668635930173559,-0.3 to 0
rs1034,GENE_84,0.1245121744749535,0.1245121744749535,0 to 0.3
rs1034,GENE_85,0.10704551067919549,0.10704551067919549,0 to 0.3
rs1034,GENE_86,-0.11519842457581866,0.11519842457581866,-0.3 to 0
rs1034,GENE_87,0.17718765686510643,0.17718765686510643,0 to 0.3
rs1034,GENE_88,-0.15884694248677383,0.15884694248677383,-0.3 to 0
rs1034,GENE_89,0.023097883433985708,0.023097883433985708,0 to 0.3
rs1034,GENE_90,-0.34162472427736845,0.34162472427736845,-0.5 to -0.3
rs1034,GENE_91,0.02232764198304472,0.02232764198304472,0 to 0.3
rs1034,GENE_92,-0.09936124370372441,0.09936124370372441,-0.3 to 0
rs1034,GENE_93,0.07006676760467956,0.07006676760467956,0 to 0.3
rs1034,GENE_94,-0.2128024658717315,0.2128024658717315,-0.3 to 0
rs1034,GENE_95,0.1250588702245437,0.1250588702245437,0 to 0.3
rs1034,GENE_96,-0.19445483551981196,0.19445483551981196,-0.3 to 0
rs1034,GENE_97,0.12907571864178058,0.12907571864178058,0 to 0.3
rs1034,GENE_98,-0.1793129283854566,0.1793129283854566,-0.3 to 0
rs1034,GENE_99,0.07632643818130048,0.07632643818130048,0 to 0.3
rs1034,GENE_100,0.03225796481472762,0.03225796481472762,0 to 0.3
rs1035,GENE_1,-0.3181420883931741,0.3181420883931741,-0.5 to -0.3
rs1035,GENE_2,0.15779549855912584,0.15779549855912584,0 to 0.3
rs1035,GENE_3,-0.20271164783453194,0.20271164783453194,-0.3 to 0
rs1035,GENE_4,-0.43376393779839306,0.43376393779839306,-0.5 to -0.3
rs1035,GENE_5,-0.18219108202985984,0.18219108202985984,-0.3 to 0
rs1035,GENE_6,0.13524544124462323,0.13524544124462323,0 to 0.3
rs1035,GENE_7,0.24581591955886223,0.24581591955886223,0 to 0.3
rs1035,GENE_8,-0.04318143021593057,0.04318143021593057,-0.3 to 0
rs1035,GENE_9,-0.2807632417441561,0.2807632417441561,-0.3 to 0
rs1035,GENE_10,-0.0438261533123736,0.0438261533123736,-0.3 to 0
rs1035,GENE_11,0.20393929166156996,0.20393929166156996,0 to 0.3
rs1035,GENE_12,-0.2744903695221395,0.2744903695221395,-0.3 to 0
rs1035,GENE_13,0.018929381029279532,0.018929381029279532,0 to 0.3
rs1035,GENE_14,0.3242551137721457,0.3242551137721457,0.3 to 0.5
rs1035,GENE_15,-0.10712353421902791,0.10712353421902791,-0.3 to 0
rs1035,GENE_16,0.1454504494357518,0.1454504494357518,0 to 0.3
rs1035,GENE_17,-0.2880960041887183,0.2880960041887183,-0.3 to 0
rs1035,GENE_18,0.06197900895181374,0.06197900895181374,0 to 0.3
rs1035,GENE_19,-0.1451894118664804,0.1451894118664804,-0.3 to 0
rs1035,GENE_20,0.07442366712843113,0.07442366712843113,0 to 0.3
rs1035,GENE_21,0.02622261556056459,0.02622261556056459,0 to 0.3
rs1035,GENE_22,0.28300820224301143,0.28300820224301143,0 to 0.3
rs1035,GENE_23,0.21651197912643774,0.21651197912643774,0 to 0.3
rs1035,GENE_24,0.38740951596790163,0.38740951596790163,0.3 to 0.5
rs1035,GENE_25,-0.16683564565009512,0.16683564565009512,-0.3 to 0
rs1035,GENE_26,0.16738837070155574,0.16738837070155574,0 to 0.3
rs1035,GENE_27,-0.2058594743514246,0.2058594743514246,-0.3 to 0
rs1035,GENE_28,0.27656200030320105,0.27656200030320105,0 to 0.3
rs1035,GENE_29,-0.06217189575398059,0.06217189575398059,-0.3 to 0
rs1035,GENE_30,0.07941163401969724,0.07941163401969724,0 to 0.3
rs1035,GENE_31,-0.12918174623936446,0.12918174623936446,-0.3 to 0
rs1035,GENE_32,-0.06888301673973597,0.06888301673973597,-0.3 to 0
rs1035,GENE_33,-0.08992924059507446,0.08992924059507446,-0.3 to 0
rs1035,GENE_34,-0.07069250430491622,0.07069250430491622,-0.3 to 0
rs1035,GENE_35,0.2207569607067011,0.2207569607067011,0 to 0.3
rs1035,GENE_36,-0.002774267412356589,0.002774267412356589,-0.3 to 0
rs1035,GENE_37,0.009077367095519486,0.009077367095519486,0 to 0.3
rs1035,GENE_38,-0.07879384692167785,0.07879384692167785,-0.3 to 0
rs1035,GENE_39,0.3246374772215475,0.3246374772215475,0.3 to 0.5
rs1035,GENE_40,-0.09902277439070319,0.09902277439070319,-0.3 to 0
rs1035,GENE_41,-0.24889334503628682,0.24889334503628682,-0.3 to 0
rs1035,GENE_42,-0.031248836833440433,0.031248836833440433,-0.3 to 0
rs1035,GENE_43,-0.264964251956483,0.264964251956483,-0.3 to 0
rs1035,GENE_44,-0.05343313646333241,0.05343313646333241,-0.3 to 0
rs1035,GENE_45,0.011915755814997512,0.011915755814997512,0 to 0.3
rs1035,GENE_46,-0.0675241250857517,0.0675241250857517,-0.3 to 0
rs1035,GENE_47,-0.1558375430620619,0.1558375430620619,-0.3 to 0
rs1035,GENE_48,0.33934561523562573,0.33934561523562573,0.3 to 0.5
rs1035,GENE_49,-0.21118030892543133,0.21118030892543133,-0.3 to 0
rs1035,GENE_50,0.3402199106855857,0.3402199106855857,0.3 to 0.5
rs1035,GENE_51,0.07773871963943917,0.07773871963943917,0 to 0.3
rs1035,GENE_52,-0.246919697640771,0.246919697640771,-0.3 to 0
rs1035,GENE_53,0.16855132562119274,0.16855132562119274,0 to 0.3
rs1035,GENE_54,0.253429056344576,0.253429056344576,0 to 0.3
rs1035,GENE_55,0.0026726571559460522,0.0026726571559460522,0 to 0.3
rs1035,GENE_56,-0.05799323015991209,0.05799323015991209,-0.3 to 0
rs1035,GENE_57,-0.04558138970769812,0.04558138970769812,-0.3 to 0
rs1035,GENE_58,-0.13535863649656593,0.13535863649656593,-0.3 to 0
rs1035,GENE_59,-0.17852355270433928,0.17852355270433928,-0.3 to 0
rs1035,GENE_60,-0.13644910946344208,0.13644910946344208,-0.3 to 0
rs1035,GENE_61,-0.07300807737011311,0.07300807737011311,-0.3 to 0
rs1035,GENE_62,-0.11424033625242987,0.11424033625242987,-0.3 to 0
rs1035,GENE_63,0.1456384224800214,0.1456384224800214,0 to 0.3
rs1035,GENE_64,0.22913896104710355,0.22913896104710355,0 to 0.3
rs1035,GENE_65,-0.22248924038100015,0.22248924038100015,-0.3 to 0
rs1035,GENE_66,0.1699322947058188,0.1699322947058188,0 to 0.3
rs1035,GENE_67,-0.000419682625110651,0.000419682625110651,-0.3 to 0
rs1035,GENE_68,-0.20981414072235494,0.20981414072235494,-0.3 to 0
rs1035,GENE_69,-0.08401750414723771,0.08401750414723771,-0.3 to 0
rs1035,GENE_70,0.029615048139117344,0.029615048139117344,0 to 0.3
rs1035,GENE_71,0.37710670193584894,0.37710670193584894,0.3 to 0.5
rs1035,GENE_72,0.13121802489272238,0.13121802489272238,0 to 0.3
rs1035,GENE_73,0.28235789877410816,0.28235789877410816,0 to 0.3
rs1035,GENE_74,0.17519751363517555,0.17519751363517555,0 to 0.3
rs1035,GENE_75,0.4083202639191748,0.4083202639191748,0.3 to 0.5
rs1035,GENE_76,0.013616336443812015,0.013616336443812015,0 to 0.3
rs1035,GENE_77,0.07717358500259304,0.07717358500259304,0 to 0.3
rs1035,GENE_78,-0.17434018500337614,0.17434018500337614,-0.3 to 0
rs1035,GENE_79,-0.2509869890130609,0.2509869890130609,-0.3 to 0
rs1035,GENE_80,0.15841907341409062,0.15841907341409062,0 to 0.3
rs1035,GENE_81,-0.18827418044992003,0.18827418044992003,-0.3 to 0
rs1035,GENE_82,-0.16109126672559027,0.16109126672559027,-0.3 to 0
rs1035,GENE_83,-0.16073715109703657,0.16073715109703657,-0.3 to 0
rs1035,GENE_84,0.06424559716256986,0.06424559716256986,0 to 0.3
rs1035,GENE_85,-0.042302958749850086,0.042302958749850086,-0.3 to 0
rs1035,GENE_86,0.1532960073073568,0.1532960073073568,0 to 0.3
rs1035,GENE_87,-0.020199062141093224,0.020199062141093224,-0.3 to 0
rs1035,GENE_88,0.1879464490661249,0.1879464490661249,0 to 0.3
rs1035,GENE_89,0.22800473290331694,0.22800473290331694,0 to 0.3
rs1035,GENE_90,0.03118319411660249,0.03118319411660249,0 to 0.3
rs1035,GENE_91,-0.26252422530725805,0.26252422530725805,-0.3 to 0
rs1035,GENE_92,0.3052745349403142,0.3052745349403142,0.3 to 0.5
rs1035,GENE_93,0.07089937966284424,0.07089937966284424,0 to 0.3
rs1035,GENE_94,0.04992509212330257,0.04992509212330257,0 to 0.3
rs1035,GENE_95,-0.13358094545161756,0.13358094545161756,-0.3 to 0
rs1035,GENE_96,0.20369120043970135,0.20369120043970135,0 to 0.3
rs1035,GENE_97,-0.002937008583413602,0.002937008583413602,-0.3 to 0
rs1035,GENE_98,-0.2663783637940111,0.2663783637940111,-0.3 to 0
rs1035,GENE_99,-0.10469337760061026,0.10469337760061026,-0.3 to 0
rs1035,GENE_100,-0.20276034051257488,0.20276034051257488,-0.3 to 0
rs1036,GENE_1,-0.2561580369985944,0.2561580369985944,-0.3 to 0
rs1036,GENE_2,0.13039067017155126,0.13039067017155126,0 to 0.3
rs1036,GENE_3,0.011134033240187882,0.011134033240187882,0 to 0.3
rs1036,GENE_4,-0.15449206752959702,0.15449206752959702,-0.3 to 0
rs1036,GENE_5,-0.24047927157939517,0.24047927157939517,-0.3 to 0
rs1036,GENE_6,-0.3110740782598427,0.3110740782598427,-0.5 to -0.3
rs1036,GENE_7,-0.22959696773162705,0.22959696773162705,-0.3 to 0
rs1036,GENE_8,-0.09287773214824727,0.09287773214824727,-0.3 to 0
rs1036,GENE_9,-0.2212692682004026,0.2212692682004026,-0.3 to 0
rs1036,GENE_10,0.05050267724501145,0.05050267724501145,0 to 0.3
rs1036,GENE_11,0.22719161002742913,0.22719161002742913,0 to 0.3
rs1036,GENE_12,-0.3888851930212196,0.3888851930212196,-0.5 to -0.3
rs1036,GENE_13,-0.12951291735700132,0.12951291735700132,-0.3 to 0
rs1036,GENE_14,-0.09229968778360838,0.09229968778360838,-0.3 to 0
rs1036,GENE_15,0.08440262358792344,0.08440262358792344,0 to 0.3
rs1036,GENE_16,0.13223328141990728,0.13223328141990728,0 to 0.3
rs1036,GENE_17,-0.2775582142671474,0.2775582142671474,-0.3 to 0
rs1036,GENE_18,-0.2260206817808434,0.2260206817808434,-0.3 to 0
rs1036,GENE_19,0.2760165771930606,0.2760165771930606,0 to 0.3
rs1036,GENE_20,0.08917747303896602,0.08917747303896602,0 to 0.3
rs1036,GENE_21,-0.028310047579837044,0.028310047579837044,-0.3 to 0
rs1036,GENE_22,-0.06241362048427994,0.06241362048427994,-0.3 to 0
rs1036,GENE_23,-0.14629589007840704,0.14629589007840704,-0.3 to 0
rs1036,GENE_24,0.025547814743395476,0.025547814743395476,0 to 0.3
rs1036,GENE_25,-0.44684911280826173,0.44684911280826173,-0.5 to -0.3
rs1036,GENE_26,0.07181640464786061,0.07181640464786061,0 to 0.3
rs1036,GENE_27,-0.1960924583837278,0.1960924583837278,-0.3 to 0
rs1036,GENE_28,0.2694530317769359,0.2694530317769359,0 to 0.3
rs1036,GENE_29,-0.10607788862254575,0.10607788862254575,-0.3 to 0
rs1036,GENE_30,0.36719575225695267,0.36719575225695267,0.3 to 0.5
rs1036,GENE_31,-0.1099891468431457,0.1099891468431457,-0.3 to 0
rs1036,GENE_32,0.0449745281167722,0.0449745281167722,0 to 0.3
rs1036,GENE_33,-0.09938055316575788,0.09938055316575788,-0.3 to 0
rs1036,GENE_34,-0.2973387228297903,0.2973387228297903,-0.3 to 0
rs1036,GENE_35,0.2890818594241831,0.2890818594241831,0 to 0.3
rs1036,GENE_36,-0.26184467915989246,0.26184467915989246,-0.3 to 0
rs1036,GENE_37,-0.41988475241682927,0.41988475241682927,-0.5 to -0.3
rs1036,GENE_38,-0.30409161051040096,0.30409161051040096,-0.5 to -0.3
rs1036,GENE_39,0.33659572312186387,0.33659572312186387,0.3 to 0.5
rs1036,GENE_40,-0.16067990212239314,0.16067990212239314,-0.3 to 0
rs1036,GENE_41,-0.3034209524201723,0.3034209524201723,-0.5 to -0.3
rs1036,GENE_42,0.05706449784622552,0.05706449784622552,0 to 0.3
rs1036,GENE_43,-0.09293431738226979,0.09293431738226979,-0.3 to 0
rs1036,GENE_44,0.1637318905788653,0.1637318905788653,0 to 0.3
rs1036,GENE_45,0.15804495812998715,0.15804495812998715,0 to 0.3
rs1036,GENE_46,0.2629128915274148,0.2629128915274148,0 to 0.3
rs1036,GENE_47,0.04736647112577387,0.04736647112577387,0 to 0.3
rs1036,GENE_48,0.02265447403033488,0.02265447403033488,0 to 0.3
rs1036,GENE_49,0.08696127105618427,0.08696127105618427,0 to 0.3
rs1036,GENE_50,-0.13839003456248583,0.13839003456248583,-0.3 to 0
rs1036,GENE_51,0.05264506617527081,0.05264506617527081,0 to 0.3
rs1036,GENE_52,-0.23277089648528587,0.23277089648528587,-0.3 to 0
rs1036,GENE_53,-0.05149201277399414,0.05149201277399414,-0.3 to 0
rs1036,GENE_54,-0.10488593123555652,0.10488593123555652,-0.3 to 0
rs1036,GENE_55,0.08297001440744063,0.08297001440744063,0 to 0.3
rs1036,GENE_56,0.17663728348210617,0.17663728348210617,0 to 0.3
rs1036,GENE_57,0.1768543875852546,0.1768543875852546,0 to 0.3
rs1036,GENE_58,0.3644874586963929,0.3644874586963929,0.3 to 0.5
rs1036,GENE_59,-0.05953782359782392,0.05953782359782392,-0.3 to 0
rs1036,GENE_60,-0.04266269801172117,0.04266269801172117,-0.3 to 0
rs1036,GENE_61,0.042963952702572174,0.042963952702572174,0 to 0.3
rs1036,GENE_62,-0.028296647197291806,0.028296647197291806,-0.3 to 0
rs1036,GENE_63,0.05953248606740251,0.05953248606740251,0 to 0.3
rs1036,GENE_64,-0.010737540147331021,0.010737540147331021,-0.3 to 0
rs1036,GENE_65,-0.1644619098560164,0.1644619098560164,-0.3 to 0
rs1036,GENE_66,0.11085400761573422,0.11085400761573422,0 to 0.3
rs1036,GENE_67,0.020252899754546604,0.020252899754546604,0 to 0.3
rs1036,GENE_68,-0.13626183640623504,0.13626183640623504,-0.3 to 0
rs1036,GENE_69,0.01451755961961304,0.01451755961961304,0 to 0.3
rs1036,GENE_70,-0.24060102546325546,0.24060102546325546,-0.3 to 0
rs1036,GENE_71,-0.07203971743652492,0.07203971743652492,-0.3 to 0
rs1036,GENE_72,-0.2994873868754374,0.2994873868754374,-0.3 to 0
rs1036,GENE_73,0.2794059823112715,0.2794059823112715,0 to 0.3
rs1036,GENE_74,0.20448547534518394,0.20448547534518394,0 to 0.3
rs1036,GENE_75,-0.2912483119374505,0.2912483119374505,-0.3 to 0
rs1036,GENE_76,0.13645810314238144,0.13645810314238144,0 to 0.3
rs1036,GENE_77,-0.2039637388921099,0.2039637388921099,-0.3 to 0
rs1036,GENE_78,0.08088539330408848,0.08088539330408848,0 to 0.3
rs1036,GENE_79,-0.03466710814518826,0.03466710814518826,-0.3 to 0
rs1036,GENE_80,-0.20203844425998366,0.20203844425998366,-0.3 to 0
rs1036,GENE_81,0.16839034909977374,0.16839034909977374,0 to 0.3
rs1036,GENE_82,0.09333010644204709,0.09333010644204709,0 to 0.3
rs1036,GENE_83,-0.2950347633233149,0.2950347633233149,-0.3 to 0
rs1036,GENE_84,-0.23401568243128712,0.23401568243128712,-0.3 to 0
rs1036,GENE_85,-0.05447661015272815,0.05447661015272815,-0.3 to 0
rs1036,GENE_86,0.008163336224241844,0.008163336224241844,0 to 0.3
rs1036,GENE_87,0.20226241778157103,0.20226241778157103,0 to 0.3
rs1036,GENE_88,0.22394740904345853,0.22394740904345853,0 to 0.3
rs1036,GENE_89,-0.11381993859973183,0.11381993859973183,-0.3 to 0
rs1036,GENE_90,0.17210327968992223,0.17210327968992223,0 to 0.3
rs1036,GENE_91,0.19874032042853304,0.19874032042853304,0 to 0.3
rs1036,GENE_92,0.17234602600311505,0.17234602600311505,0 to 0.3
rs1036,GENE_93,0.037986998814649384,0.037986998814649384,0 to 0.3
rs1036,GENE_94,-0.012342072784947838,0.012342072784947838,-0.3 to 0
rs1036,GENE_95,-0.10906299230098462,0.10906299230098462,-0.3 to 0
rs1036,GENE_96,0.07514165028754956,0.07514165028754956,0 to 0.3
rs1036,GENE_97,0.07586177912108498,0.07586177912108498,0 to 0.3
rs1036,GENE_98,0.0722085241056353,0.0722085241056353,0 to 0.3
rs1036,GENE_99,-0.10433176494791267,0.10433176494791267,-0.3 to 0
rs1036,GENE_100,-0.26889417755775874,0.26889417755775874,-0.3 to 0
rs1037,GENE_1,0.12167317883007574,0.12167317883007574,0 to 0.3
rs1037,GENE_2,-0.2890669828790588,0.2890669828790588,-0.3 to 0
rs1037,GENE_3,0.17242681487160075,0.17242681487160075,0 to 0.3
rs1037,GENE_4,0.1664458281492516,0.1664458281492516,0 to 0.3
rs1037,GENE_5,0.17613058043906624,0.17613058043906624,0 to 0.3
rs1037,GENE_6,0.12819133337990204,0.12819133337990204,0 to 0.3
rs1037,GENE_7,0.17389898210122426,0.17389898210122426,0 to 0.3
rs1037,GENE_8,0.15869840074417693,0.15869840074417693,0 to 0.3
rs1037,GENE_9,0.020710156454662787,0.020710156454662787,0 to 0.3
rs1037,GENE_10,-0.1332803669586302,0.1332803669586302,-0.3 to 0
rs1037,GENE_11,-0.20814268415493073,0.20814268415493073,-0.3 to 0
rs1037,GENE_12,0.21537465914929982,0.21537465914929982,0 to 0.3
rs1037,GENE_13,-0.08811661070257928,0.08811661070257928,-0.3 to 0
rs1037,GENE_14,0.10558109134896732,0.10558109134896732,0 to 0.3
rs1037,GENE_15,0.019975807165638022,0.019975807165638022,0 to 0.3
rs1037,GENE_16,-0.03969504489643611,0.03969504489643611,-0.3 to 0
rs1037,GENE_17,0.031429614727023034,0.031429614727023034,0 to 0.3
rs1037,GENE_18,0.06492787486563362,0.06492787486563362,0 to 0.3
rs1037,GENE_19,-0.22982789852272284,0.22982789852272284,-0.3 to 0
rs1037,GENE_20,-0.18856718179244422,0.18856718179244422,-0.3 to 0
rs1037,GENE_21,-0.09951323576975009,0.09951323576975009,-0.3 to 0
rs1037,GENE_22,0.3555605274338064,0.3555605274338064,0.3 to 0.5
rs1037,GENE_23,0.07158156637799593,0.07158156637799593,0 to 0.3
rs1037,GENE_24,-0.4297827199800992,0.4297827199800992,-0.5 to -0.3
rs1037,GENE_25,0.15556148420795168,0.15556148420795168,0 to 0.3
rs1037,GENE_26,-0.13470731347371076,0.13470731347371076,-0.3 to 0
rs1037,GENE_27,0.16507494229217778,0.16507494229217778,0 to 0.3
rs1037,GENE_28,0.14017880681611114,0.14017880681611114,0 to 0.3
rs1037,GENE_29,-0.03541921341423512,0.03541921341423512,-0.3 to 0
rs1037,GENE_30,-0.10065303067055113,0.10065303067055113,-0.3 to 0
rs1037,GENE_31,-0.008480061176052643,0.008480061176052643,-0.3 to 0
rs1037,GENE_32,0.2760168253220564,0.2760168253220564,0 to 0.3
rs1037,GENE_33,-0.03738824640001467,0.03738824640001467,-0.3 to 0
rs1037,GENE_34,-0.07474409738751743,0.07474409738751743,-0.3 to 0
rs1037,GENE_35,0.08875822274823265,0.08875822274823265,0 to 0.3
rs1037,GENE_36,0.06615308520334495,0.06615308520334495,0 to 0.3
rs1037,GENE_37,0.2816570744195544,0.2816570744195544,0 to 0.3
rs1037,GENE_38,0.0644017758478186,0.0644017758478186,0 to 0.3
rs1037,GENE_39,0.3349706125297888,0.3349706125297888,0.3 to 0.5
rs1037,GENE_40,0.05270978183684653,0.05270978183684653,0 to 0.3
rs1037,GENE_41,0.06417382569074612,0.06417382569074612,0 to 0.3
rs1037,GENE_42,-0.22485177116247695,0.22485177116247695,-0.3 to 0
rs1037,GENE_43,-0.19419777791772352,0.19419777791772352,-0.3 to 0
rs1037,GENE_44,-0.3872968796580545,0.3872968796580545,-0.5 to -0.3
rs1037,GENE_45,-0.37865548665779475,0.37865548665779475,-0.5 to -0.3
rs1037,GENE_46,-0.18506700845895424,0.18506700845895424,-0.3 to 0
rs1037,GENE_47,0.20973055538880556,0.20973055538880556,0 to 0.3
rs1037,GENE_48,-0.0033566840192011927,0.0033566840192011927,-0.3 to 0
rs1037,GENE_49,-0.16913321480805266,0.16913321480805266,-0.3 to 0
rs1037,GENE_50,0.1275286846673143,0.1275286846673143,0 to 0.3
rs1037,GENE_51,0.06490462496156928,0.06490462496156928,0 to 0.3
rs1037,GENE_52,0.017772212306645472,0.017772212306645472,0 to 0.3
rs1037,GENE_53,0.37139441869391193,0.37139441869391193,0.3 to 0.5
rs1037,GENE_54,0.09542540557966431,0.09542540557966431,0 to 0.3
rs1037,GENE_55,-0.0811750353218642,0.0811750353218642,-0.3 to 0
rs1037,GENE_56,-0.19683252854973213,0.19683252854973213,-0.3 to 0
rs1037,GENE_57,-0.09658373589392702,0.09658373589392702,-0.3 to 0
rs1037,GENE_58,-0.28332054453568667,0.28332054453568667,-0.3 to 0
rs1037,GENE_59,-0.07512889334603137,0.07512889334603137,-0.3 to 0
rs1037,GENE_60,0.10130572704794313,0.10130572704794313,0 to 0.3
rs1037,GENE_61,0.08943694874382545,0.08943694874382545,0 to 0.3
rs1037,GENE_62,0.05111182878955545,0.05111182878955545,0 to 0.3
rs1037,GENE_63,0.011909426916386872,0.011909426916386872,0 to 0.3
rs1037,GENE_64,-0.19081434904148734,0.19081434904148734,-0.3 to 0
rs1037,GENE_65,0.22673510681709386,0.22673510681709386,0 to 0.3
rs1037,GENE_66,0.2523421250828843,0.2523421250828843,0 to 0.3
rs1037,GENE_67,0.22729424427237147,0.22729424427237147,0 to 0.3
rs1037,GENE_68,0.20525864706385907,0.20525864706385907,0 to 0.3
rs1037,GENE_69,-0.06387362326914835,0.06387362326914835,-0.3 to 0
rs1037,GENE_70,-0.029068750034442082,0.029068750034442082,-0.3 to 0
rs1037,GENE_71,0.1823850074682331,0.1823850074682331,0 to 0.3
rs1037,GENE_72,0.06423201484966405,0.06423201484966405,0 to 0.3
rs1037,GENE_73,-0.13737508965237194,0.13737508965237194,-0.3 to 0
rs1037,GENE_74,0.09257686763347599,0.09257686763347599,0 to 0.3
rs1037,GENE_75,0.13347493797922663,0.13347493797922663,0 to 0.3
rs1037,GENE_76,0.00033605725350173345,0.00033605725350173345,0 to 0.3
rs1037,GENE_77,0.1675281303714817,0.1675281303714817,0 to 0.3
rs1037,GENE_78,0.0031786907829221968,0.0031786907829221968,0 to 0.3
rs1037,GENE_79,0.21937172724092077,0.21937172724092077,0 to 0.3
rs1037,GENE_80,0.0722053793739847,0.0722053793739847,0 to 0.3
rs1037,GENE_81,-0.16697029996777285,0.16697029996777285,-0.3 to 0
rs1037,GENE_82,0.22770986021825146,0.22770986021825146,0 to 0.3
rs1037,GENE_83,0.28298936083985954,0.28298936083985954,0 to 0.3
rs1037,GENE_84,0.3065241003201184,0.3065241003201184,0.3 to 0.5
rs1037,GENE_85,-0.23064259883969285,0.23064259883969285,-0.3 to 0
rs1037,GENE_86,-0.24964177559622,0.24964177559622,-0.3 to 0
rs1037,GENE_87,-0.13548612157456846,0.13548612157456846,-0.3 to 0
rs1037,GENE_88,0.08003278094096285,0.08003278094096285,0 to 0.3
rs1037,GENE_89,0.37351671186100777,0.37351671186100777,0.3 to 0.5
rs1037,GENE_90,-0.11120469366900204,0.11120469366900204,-0.3 to 0
rs1037,GENE_91,-0.0009058246204868582,0.0009058246204868582,-0.3 to 0
rs1037,GENE_92,5.543859738919727e-05,5.543859738919727e-05,0 to 0.3
rs1037,GENE_93,-0.09153862671413274,0.09153862671413274,-0.3 to 0
rs1037,GENE_94,-0.009820850306526274,0.009820850306526274,-0.3 to 0
rs1037,GENE_95,0.12466257045253432,0.12466257045253432,0 to 0.3
rs1037,GENE_96,0.19744669787844688,0.19744669787844688,0 to 0.3
rs1037,GENE_97,-0.04904570052293147,0.04904570052293147,-0.3 to 0
rs1037,GENE_98,-0.25254192105063356,0.25254192105063356,-0.3 to 0
rs1037,GENE_99,0.21170428087890183,0.21170428087890183,0 to 0.3
rs1037,GENE_100,0.17769278103947525,0.17769278103947525,0 to 0.3
rs1038,GENE_1,-0.012361371556481787,0.012361371556481787,-0.3 to 0
rs1038,GENE_2,0.2536586056386312,0.2536586056386312,0 to 0.3
rs1038,GENE_3,0.18501153490952738,0.18501153490952738,0 to 0.3
rs1038,GENE_4,-0.2620976913486588,0.2620976913486588,-0.3 to 0
rs1038,GENE_5,0.027829454902726643,0.027829454902726643,0 to 0.3
rs1038,GENE_6,-0.16606350624709004,0.16606350624709004,-0.3 to 0
rs1038,GENE_7,-0.03706139781534742,0.03706139781534742,-0.3 to 0
rs1038,GENE_8,0.10519677690123305,0.10519677690123305,0 to 0.3
rs1038,GENE_9,-0.008957441477204899,0.008957441477204899,-0.3 to 0
rs1038,GENE_10,0.05746518515673245,0.05746518515673245,0 to 0.3
rs1038,GENE_11,0.2072738293625577,0.2072738293625577,0 to 0.3
rs1038,GENE_12,0.18418393081762577,0.18418393081762577,0 to 0.3
rs1038,GENE_13,0.11380353523138131,0.11380353523138131,0 to 0.3
rs1038,GENE_14,0.12377769094331055,0.12377769094331055,0 to 0.3
rs1038,GENE_15,0.28270020123889733,0.28270020123889733,0 to 0.3
rs1038,GENE_16,0.31229091317202534,0.31229091317202534,0.3 to 0.5
rs1038,GENE_17,-0.2851173929025819,0.2851173929025819,-0.3 to 0
rs1038,GENE_18,0.11166885655300064,0.11166885655300064,0 to 0.3
rs1038,GENE_19,0.033341848576475895,0.033341848576475895,0 to 0.3
rs1038,GENE_20,-0.3272002153262967,0.3272002153262967,-0.5 to -0.3
rs1038,GENE_21,-0.21654530679120718,0.21654530679120718,-0.3 to 0
rs1038,GENE_22,-0.11516312824751308,0.11516312824751308,-0.3 to 0
rs1038,GENE_23,0.017778550477659638,0.017778550477659638,0 to 0.3
rs1038,GENE_24,0.06699046867099104,0.06699046867099104,0 to 0.3
rs1038,GENE_25,0.08818198896380156,0.08818198896380156,0 to 0.3
rs1038,GENE_26,-0.06148549377112259,0.06148549377112259,-0.3 to 0
rs1038,GENE_27,0.20960694572913224,0.20960694572913224,0 to 0.3
rs1038,GENE_28,-0.195181794600723,0.195181794600723,-0.3 to 0
rs1038,GENE_29,0.19928837734350213,0.19928837734350213,0 to 0.3
rs1038,GENE_30,0.11711582474257629,0.11711582474257629,0 to 0.3
rs1038,GENE_31,-0.029351952414170945,0.029351952414170945,-0.3 to 0
rs1038,GENE_32,-0.06359962083372826,0.06359962083372826,-0.3 to 0
rs1038,GENE_33,0.07776378382651003,0.07776378382651003,0 to 0.3
rs1038,GENE_34,-0.21558287559682462,0.21558287559682462,-0.3 to 0
rs1038,GENE_35,-0.2523735799936352,0.2523735799936352,-0.3 to 0
rs1038,GENE_36,0.22638876063537974,0.22638876063537974,0 to 0.3
rs1038,GENE_37,0.1318186608103725,0.1318186608103725,0 to 0.3
rs1038,GENE_38,-0.026014135107567532,0.026014135107567532,-0.3 to 0
rs1038,GENE_39,-0.3607971688797221,0.3607971688797221,-0.5 to -0.3
rs1038,GENE_40,-0.05987875127964457,0.05987875127964457,-0.3 to 0
rs1038,GENE_41,0.06803138232187453,0.06803138232187453,0 to 0.3
rs1038,GENE_42,-0.17771281357765592,0.17771281357765592,-0.3 to 0
rs1038,GENE_43,0.24479564007925134,0.24479564007925134,0 to 0.3
rs1038,GENE_44,-0.10337816674576183,0.10337816674576183,-0.3 to 0
rs1038,GENE_45,0.022066607689612865,0.022066607689612865,0 to 0.3
rs1038,GENE_46,0.2018412702857269,0.2018412702857269,0 to 0.3
rs1038,GENE_47,0.26555409275368785,0.26555409275368785,0 to 0.3
rs1038,GENE_48,-0.24167152262554928,0.24167152262554928,-0.3 to 0
rs1038,GENE_49,0.11300996994465201,0.11300996994465201,0 to 0.3
rs1038,GENE_50,0.04999346513711749,0.04999346513711749,0 to 0.3
rs1038,GENE_51,-0.18799686508850869,0.18799686508850869,-0.3 to 0
rs1038,GENE_52,0.2012539233725509,0.2012539233725509,0 to 0.3
rs1038,GENE_53,0.003757317371664761,0.003757317371664761,0 to 0.3
rs1038,GENE_54,0.3049825911440484,0.3049825911440484,0.3 to 0.5
rs1038,GENE_55,0.0429349429968082,0.0429349429968082,0 to 0.3
rs1038,GENE_56,-0.010958103657466847,0.010958103657466847,-0.3 to 0
rs1038,GENE_57,0.28897439264118596,0.28897439264118596,0 to 0.3
rs1038,GENE_58,-0.18975983130629373,0.18975983130629373,-0.3 to 0
rs1038,GENE_59,0.32832858060224324,0.32832858060224324,0.3 to 0.5
rs1038,GENE_60,-0.16436304898042198,0.16436304898042198,-0.3 to 0
rs1038,GENE_61,-0.28856952347767406,0.28856952347767406,-0.3 to 0
rs1038,GENE_62,0.010078940596840868,0.010078940596840868,0 to 0.3
rs1038,GENE_63,-0.11921489883462241,0.11921489883462241,-0.3 to 0
rs1038,GENE_64,-0.3014722694693069,0.3014722694693069,-0.5 to -0.3
rs1038,GENE_65,0.17931422425452576,0.17931422425452576,0 to 0.3
rs1038,GENE_66,0.05389035122028461,0.05389035122028461,0 to 0.3
rs1038,GENE_67,0.05039629895334041,0.05039629895334041,0 to 0.3
rs1038,GENE_68,0.17534177081483585,0.17534177081483585,0 to 0.3
rs1038,GENE_69,-0.14682162913943067,0.14682162913943067,-0.3 to 0
rs1038,GENE_70,0.16525875141337273,0.16525875141337273,0 to 0.3
rs1038,GENE_71,-0.13666884240162322,0.13666884240162322,-0.3 to 0
rs1038,GENE_72,-0.008445488164673078,0.008445488164673078,-0.3 to 0
rs1038,GENE_73,0.515141731488493,0.515141731488493,0.5 to 0.7
rs1038,GENE_74,-0.16929271424475859,0.16929271424475859,-0.3 to 0
rs1038,GENE_75,-0.19265418550675617,0.19265418550675617,-0.3 to 0
rs1038,GENE_76,0.2403887865770483,0.2403887865770483,0 to 0.3
rs1038,GENE_77,0.3887822955190675,0.3887822955190675,0.3 to 0.5
rs1038,GENE_78,0.12455713433464749,0.12455713433464749,0 to 0.3
rs1038,GENE_79,-0.046280333383371765,0.046280333383371765,-0.3 to 0
rs1038,GENE_80,-0.052225302359052386,0.052225302359052386,-0.3 to 0
rs1038,GENE_81,-0.03625040446517424,0.03625040446517424,-0.3 to 0
rs1038,GENE_82,-0.04216606064691019,0.04216606064691019,-0.3 to 0
rs1038,GENE_83,0.22632866955139408,0.22632866955139408,0 to 0.3
rs1038,GENE_84,0.2185071243050058,0.2185071243050058,0 to 0.3
rs1038,GENE_85,-0.06864766484461621,0.06864766484461621,-0.3 to 0
rs1038,GENE_86,0.21482437104279065,0.21482437104279065,0 to 0.3
rs1038,GENE_87,0.1067503464509676,0.1067503464509676,0 to 0.3
rs1038,GENE_88,-0.027306785747488616,0.027306785747488616,-0.3 to 0
rs1038,GENE_89,0.25996119603006906,0.25996119603006906,0 to 0.3
rs1038,GENE_90,0.0845245531748296,0.0845245531748296,0 to 0.3
rs1038,GENE_91,-0.1288900473963461,0.1288900473963461,-0.3 to 0
rs1038,GENE_92,-0.042859184310786086,0.042859184310786086,-0.3 to 0
rs1038,GENE_93,-0.013590101531291568,0.013590101531291568,-0.3 to 0
rs1038,GENE_94,-0.3122261018967307,0.3122261018967307,-0.5 to -0.3
rs1038,GENE_95,0.13159750798316755,0.13159750798316755,0 to 0.3
rs1038,GENE_96,-0.1808041851621573,0.1808041851621573,-0.3 to 0
rs1038,GENE_97,-0.2772206019587979,0.2772206019587979,-0.3 to 0
rs1038,GENE_98,-0.09488384941921964,0.09488384941921964,-0.3 to 0
rs1038,GENE_99,0.01615250479656097,0.01615250479656097,0 to 0.3
rs1038,GENE_100,0.2282657590354715,0.2282657590354715,0 to 0.3
rs1039,GENE_1,-0.09752778638151312,0.09752778638151312,-0.3 to 0
rs1039,GENE_2,-0.2510470218065923,0.2510470218065923,-0.3 to 0
rs1039,GENE_3,-0.19223497527489924,0.19223497527489924,-0.3 to 0
rs1039,GENE_4,0.16070508478717957,0.16070508478717957,0 to 0.3
rs1039,GENE_5,-0.013072776485796413,0.013072776485796413,-0.3 to 0
rs1039,GENE_6,-0.11155838478364678,0.11155838478364678,-0.3 to 0
rs1039,GENE_7,0.0322480599224995,0.0322480599224995,0 to 0.3
rs1039,GENE_8,-0.14558223505856097,0.14558223505856097,-0.3 to 0
rs1039,GENE_9,0.027482269104335228,0.027482269104335228,0 to 0.3
rs1039,GENE_10,-0.043919912771948746,0.043919912771948746,-0.3 to 0
rs1039,GENE_11,0.010668244691309234,0.010668244691309234,0 to 0.3
rs1039,GENE_12,0.1977789037974972,0.1977789037974972,0 to 0.3
rs1039,GENE_13,0.19650621279844208,0.19650621279844208,0 to 0.3
rs1039,GENE_14,-0.06832115591539416,0.06832115591539416,-0.3 to 0
rs1039,GENE_15,-0.3832259700726335,0.3832259700726335,-0.5 to -0.3
rs1039,GENE_16,-0.16602744964825522,0.16602744964825522,-0.3 to 0
rs1039,GENE_17,0.25584822463735796,0.25584822463735796,0 to 0.3
rs1039,GENE_18,0.1617775252100209,0.1617775252100209,0 to 0.3
rs1039,GENE_19,-0.010969886858754508,0.010969886858754508,-0.3 to 0
rs1039,GENE_20,-0.14421313149218187,0.14421313149218187,-0.3 to 0
rs1039,GENE_21,0.10577115396348569,0.10577115396348569,0 to 0.3
rs1039,GENE_22,-0.006851300801214514,0.006851300801214514,-0.3 to 0
rs1039,GENE_23,-0.09499619036018715,0.09499619036018715,-0.3 to 0
rs1039,GENE_24,-0.07691482482955268,0.07691482482955268,-0.3 to 0
rs1039,GENE_25,0.2773761193407867,0.2773761193407867,0 to 0.3
rs1039,GENE_26,-0.12428043538133793,0.12428043538133793,-0.3 to 0
rs1039,GENE_27,-0.21846005682607986,0.21846005682607986,-0.3 to 0
rs1039,GENE_28,-0.10836066740339607,0.10836066740339607,-0.3 to 0
rs1039,GENE_29,0.019873259067117302,0.019873259067117302,0 to 0.3
rs1039,GENE_30,-0.2344071890606722,0.2344071890606722,-0.3 to 0
rs1039,GENE_31,0.09346490128478421,0.09346490128478421,0 to 0.3
rs1039,GENE_32,0.10847001830638532,0.10847001830638532,0 to 0.3
rs1039,GENE_33,0.024174029721697816,0.024174029721697816,0 to 0.3
rs1039,GENE_34,0.20882841393555987,0.20882841393555987,0 to 0.3
rs1039,GENE_35,0.008310520171188013,0.008310520171188013,0 to 0.3
rs1039,GENE_36,0.20791864871811,0.20791864871811,0 to 0.3
rs1039,GENE_37,0.23582160555926113,0.23582160555926113,0 to 0.3
rs1039,GENE_38,0.19866324948061032,0.19866324948061032,0 to 0.3
rs1039,GENE_39,-0.05263821028395889,0.05263821028395889,-0.3 to 0
rs1039,GENE_40,0.055012459918422386,0.055012459918422386,0 to 0.3
rs1039,GENE_41,0.4977046957380497,0.4977046957380497,0.3 to 0.5
rs1039,GENE_42,0.28114231346785257,0.28114231346785257,0 to 0.3
rs1039,GENE_43,-0.13566002216677991,0.13566002216677991,-0.3 to 0
rs1039,GENE_44,-0.24450871887320452,0.24450871887320452,-0.3 to 0
rs1039,GENE_45,-0.14156902456678236,0.14156902456678236,-0.3 to 0
rs1039,GENE_46,-0.05929286023240987,0.05929286023240987,-0.3 to 0
rs1039,GENE_47,-0.28082841551567467,0.28082841551567467,-0.3 to 0
rs1039,GENE_48,-0.12712161476031347,0.12712161476031347,-0.3 to 0
rs1039,GENE_49,-0.12926574605785865,0.12926574605785865,-0.3 to 0
rs1039,GENE_50,0.1258872910492237,0.1258872910492237,0 to 0.3
rs1039,GENE_51,-0.24446769649803118,0.24446769649803118,-0.3 to 0
rs1039,GENE_52,0.08427361738446663,0.08427361738446663,0 to 0.3
rs1039,GENE_53,0.024102969933029125,0.024102969933029125,0 to 0.3
rs1039,GENE_54,0.09591468339369504,0.09591468339369504,0 to 0.3
rs1039,GENE_55,-0.15647499063636025,0.15647499063636025,-0.3 to 0
rs1039,GENE_56,-0.18358359429448548,0.18358359429448548,-0.3 to 0
rs1039,GENE_57,-0.354447587563812,0.354447587563812,-0.5 to -0.3
rs1039,GENE_58,-0.1335694561685589,0.1335694561685589,-0.3 to 0
rs1039,GENE_59,-0.21641814651483504,0.21641814651483504,-0.3 to 0
rs1039,GENE_60,-0.20245356252539842,0.20245356252539842,-0.3 to 0
rs1039,GENE_61,-0.15516698350634642,0.15516698350634642,-0.3 to 0
rs1039,GENE_62,0.16032113231020062,0.16032113231020062,0 to 0.3
rs1039,GENE_63,-0.18661813477180905,0.18661813477180905,-0.3 to 0
rs1039,GENE_64,-0.3874657674900652,0.3874657674900652,-0.5 to -0.3
rs1039,GENE_65,-0.22087109622422235,0.22087109622422235,-0.3 to 0
rs1039,GENE_66,0.04041197319012506,0.04041197319012506,0 to 0.3
rs1039,GENE_67,-0.30728434819138173,0.30728434819138173,-0.5 to -0.3
rs1039,GENE_68,-0.17968491715051815,0.17968491715051815,-0.3 to 0
rs1039,GENE_69,-0.21119568734560162,0.21119568734560162,-0.3 to 0
rs1039,GENE_70,0.279938043760673,0.279938043760673,0 to 0.3
rs1039,GENE_71,-0.04556122362445821,0.04556122362445821,-0.3 to 0
rs1039,GENE_72,0.15670572120173887,0.15670572120173887,0 to 0.3
rs1039,GENE_73,-0.2672551906284189,0.2672551906284189,-0.3 to 0
rs1039,GENE_74,0.040758739213886494,0.040758739213886494,0 to 0.3
rs1039,GENE_75,-0.2636020351542231,0.2636020351542231,-0.3 to 0
rs1039,GENE_76,0.10394436007082879,0.10394436007082879,0 to 0.3
rs1039,GENE_77,-0.08663817244614384,0.08663817244614384,-0.3 to 0
rs1039,GENE_78,-0.012063449678106672,0.012063449678106672,-0.3 to 0
rs1039,GENE_79,-0.062053228148492595,0.062053228148492595,-0.3 to 0
rs1039,GENE_80,-0.01860796056456929,0.01860796056456929,-0.3 to 0
rs1039,GENE_81,-0.12607531044394463,0.12607531044394463,-0.3 to 0
rs1039,GENE_82,0.1078351076030855,0.1078351076030855,0 to 0.3
rs1039,GENE_83,-0.21909561834556499,0.21909561834556499,-0.3 to 0
rs1039,GENE_84,0.006117611279467331,0.006117611279467331,0 to 0.3
rs1039,GENE_85,0.17316203851526724,0.17316203851526724,0 to 0.3
rs1039,GENE_86,-0.04173030962404262,0.04173030962404262,-0.3 to 0
rs1039,GENE_87,-0.18570946597959623,0.18570946597959623,-0.3 to 0
rs1039,GENE_88,0.28029016818089436,0.28029016818089436,0 to 0.3
rs1039,GENE_89,-0.0009051111245321932,0.0009051111245321932,-0.3 to 0
rs1039,GENE_90,0.07759251032330484,0.07759251032330484,0 to 0.3
rs1039,GENE_91,0.05151741131704591,0.05151741131704591,0 to 0.3
rs1039,GENE_92,-0.13356839020483982,0.13356839020483982,-0.3 to 0
rs1039,GENE_93,-0.05837380251628233,0.05837380251628233,-0.3 to 0
rs1039,GENE_94,-0.1330531198158031,0.1330531198158031,-0.3 to 0
rs1039,GENE_95,0.105697947029648,0.105697947029648,0 to 0.3
rs1039,GENE_96,-0.30067488736289066,0.30067488736289066,-0.5 to -0.3
rs1039,GENE_97,0.08388688859657394,0.08388688859657394,0 to 0.3
rs1039,GENE_98,0.0819785955852418,0.0819785955852418,0 to 0.3
rs1039,GENE_99,0.0934858035833485,0.0934858035833485,0 to 0.3
rs1039,GENE_100,0.2971843282738524,0.2971843282738524,0 to 0.3
rs1040,GENE_1,-0.043566418818394285,0.043566418818394285,-0.3 to 0
rs1040,GENE_2,-0.19019748100139755,0.19019748100139755,-0.3 to 0
rs1040,GENE_3,0.08432876308817777,0.08432876308817777,0 to 0.3
rs1040,GENE_4,0.09594262748845506,0.09594262748845506,0 to 0.3
rs1040,GENE_5,-0.21769041086124047,0.21769041086124047,-0.3 to 0
rs1040,GENE_6,-0.06803261962504414,0.06803261962504414,-0.3 to 0
rs1040,GENE_7,-0.15993136819877452,0.15993136819877452,-0.3 to 0
rs1040,GENE_8,-0.13938557266724716,0.13938557266724716,-0.3 to 0
rs1040,GENE_9,-0.2566142748958138,0.2566142748958138,-0.3 to 0
rs1040,GENE_10,0.0810019660824412,0.0810019660824412,0 to 0.3
rs1040,GENE_11,0.04943985246419501,0.04943985246419501,0 to 0.3
rs1040,GENE_12,-0.11428212660116188,0.11428212660116188,-0.3 to 0
rs1040,GENE_13,0.0963209753355982,0.0963209753355982,0 to 0.3
rs1040,GENE_14,-0.3014119927192063,0.3014119927192063,-0.5 to -0.3
rs1040,GENE_15,-0.2687908709062155,0.2687908709062155,-0.3 to 0
rs1040,GENE_16,-0.08810336870508503,0.08810336870508503,-0.3 to 0
rs1040,GENE_17,-0.1732584613099873,0.1732584613099873,-0.3 to 0
rs1040,GENE_18,-0.09527547704052457,0.09527547704052457,-0.3 to 0
rs1040,GENE_19,-0.21656034150604783,0.21656034150604783,-0.3 to 0
rs1040,GENE_20,0.2596775405658131,0.2596775405658131,0 to 0.3
rs1040,GENE_21,0.237592949363334,0.237592949363334,0 to 0.3
rs1040,GENE_22,0.06534274145783905,0.06534274145783905,0 to 0.3
rs1040,GENE_23,-0.27251838412850005,0.27251838412850005,-0.3 to 0
rs1040,GENE_24,0.04029989709470022,0.04029989709470022,0 to 0.3
rs1040,GENE_25,-0.10808292022625311,0.10808292022625311,-0.3 to 0
rs1040,GENE_26,0.1767200410611136,0.1767200410611136,0 to 0.3
rs1040,GENE_27,-0.19945132103840243,0.19945132103840243,-0.3 to 0
rs1040,GENE_28,-0.010182728469396583,0.010182728469396583,-0.3 to 0
rs1040,GENE_29,-0.12244156573395557,0.12244156573395557,-0.3 to 0
rs1040,GENE_30,-0.13255384954538624,0.13255384954538624,-0.3 to 0
rs1040,GENE_31,0.15718580971386473,0.15718580971386473,0 to 0.3
rs1040,GENE_32,0.04673254041230959,0.04673254041230959,0 to 0.3
rs1040,GENE_33,-0.11447359618163098,0.11447359618163098,-0.3 to 0
rs1040,GENE_34,-0.28700483193764276,0.28700483193764276,-0.3 to 0
rs1040,GENE_35,0.01829788891473486,0.01829788891473486,0 to 0.3
rs1040,GENE_36,-0.22132435111398274,0.22132435111398274,-0.3 to 0
rs1040,GENE_37,-0.06946482427492734,0.06946482427492734,-0.3 to 0
rs1040,GENE_38,-0.15542747018943853,0.15542747018943853,-0.3 to 0
rs1040,GENE_39,0.26408934180250876,0.26408934180250876,0 to 0.3
rs1040,GENE_40,-0.13894346042766706,0.13894346042766706,-0.3 to 0
rs1040,GENE_41,-0.19009963448162157,0.19009963448162157,-0.3 to 0
rs1040,GENE_42,0.15430463719421897,0.15430463719421897,0 to 0.3
rs1040,GENE_43,-0.2469591126898812,0.2469591126898812,-0.3 to 0
rs1040,GENE_44,0.02826402912624768,0.02826402912624768,0 to 0.3
rs1040,GENE_45,0.13976926953049867,0.13976926953049867,0 to 0.3
rs1040,GENE_46,-0.223706546182151,0.223706546182151,-0.3 to 0
rs1040,GENE_47,-0.03332496732642315,0.03332496732642315,-0.3 to 0
rs1040,GENE_48,0.20992863516362026,0.20992863516362026,0 to 0.3
rs1040,GENE_49,-0.07081348206693357,0.07081348206693357,-0.3 to 0
rs1040,GENE_50,0.021386700418226486,0.021386700418226486,0 to 0.3
rs1040,GENE_51,0.034088415134310816,0.034088415134310816,0 to 0.3
rs1040,GENE_52,-0.2712765557665403,0.2712765557665403,-0.3 to 0
rs1040,GENE_53,-0.2057633087709563,0.2057633087709563,-0.3 to 0
rs1040,GENE_54,-0.20574240165573607,0.20574240165573607,-0.3 to 0
rs1040,GENE_55,-0.12445796382258104,0.12445796382258104,-0.3 to 0
rs1040,GENE_56,0.03852532572946301,0.03852532572946301,0 to 0.3
rs1040,GENE_57,0.049061272729147294,0.049061272729147294,0 to 0.3
rs1040,GENE_58,-0.027799014032830454,0.027799014032830454,-0.3 to 0
rs1040,GENE_59,-0.2924770929854049,0.2924770929854049,-0.3 to 0
rs1040,GENE_60,-0.07628483666025418,0.07628483666025418,-0.3 to 0
rs1040,GENE_61,0.2133235787645199,0.2133235787645199,0 to 0.3
rs1040,GENE_62,-0.3101682544875798,0.3101682544875798,-0.5 to -0.3
rs1040,GENE_63,0.2022861057230767,0.2022861057230767,0 to 0.3
rs1040,GENE_64,0.3791935532136307,0.3791935532136307,0.3 to 0.5
rs1040,GENE_65,-0.13684810772849504,0.13684810772849504,-0.3 to 0
rs1040,GENE_66,-0.1746652856064056,0.1746652856064056,-0.3 to 0
rs1040,GENE_67,-0.00803825609596547,0.00803825609596547,-0.3 to 0
rs1040,GENE_68,-0.21797684179458138,0.21797684179458138,-0.3 to 0
rs1040,GENE_69,0.07942078240343185,0.07942078240343185,0 to 0.3
rs1040,GENE_70,-0.15364346088062295,0.15364346088062295,-0.3 to 0
rs1040,GENE_71,0.08443930393318046,0.08443930393318046,0 to 0.3
rs1040,GENE_72,-0.25993114036324444,0.25993114036324444,-0.3 to 0
rs1040,GENE_73,-0.4093102203666149,0.4093102203666149,-0.5 to -0.3
rs1040,GENE_74,0.007375886689131661,0.007375886689131661,0 to 0.3
rs1040,GENE_75,0.13354450133300763,0.13354450133300763,0 to 0.3
rs1040,GENE_76,-0.11081814625810761,0.11081814625810761,-0.3 to 0
rs1040,GENE_77,-0.27973919968625927,0.27973919968625927,-0.3 to 0
rs1040,GENE_78,-0.2746838301379488,0.2746838301379488,-0.3 to 0
rs1040,GENE_79,-0.18243922977796947,0.18243922977796947,-0.3 to 0
rs1040,GENE_80,0.11466077551787032,0.11466077551787032,0 to 0.3
rs1040,GENE_81,0.1553877466439591,0.1553877466439591,0 to 0.3
rs1040,GENE_82,0.03069631716160229,0.03069631716160229,0 to 0.3
rs1040,GENE_83,-0.24394352060225444,0.24394352060225444,-0.3 to 0
rs1040,GENE_84,-0.2619811705171573,0.2619811705171573,-0.3 to 0
rs1040,GENE_85,0.03573248819379921,0.03573248819379921,0 to 0.3
rs1040,GENE_86,-0.15529173337195548,0.15529173337195548,-0.3 to 0
rs1040,GENE_87,0.21316351748383378,0.21316351748383378,0 to 0.3
rs1040,GENE_88,0.0568710475578899,0.0568710475578899,0 to 0.3
rs1040,GENE_89,-0.14026215725670907,0.14026215725670907,-0.3 to 0
rs1040,GENE_90,-0.11027665842535936,0.11027665842535936,-0.3 to 0
rs1040,GENE_91,-0.08103603246704986,0.08103603246704986,-0.3 to 0
rs1040,GENE_92,0.3098373169201353,0.3098373169201353,0.3 to 0.5
rs1040,GENE_93,0.1057874328993244,0.1057874328993244,0 to 0.3
rs1040,GENE_94,-0.0558807868875212,0.0558807868875212,-0.3 to 0
rs1040,GENE_95,-0.03668070307667307,0.03668070307667307,-0.3 to 0
rs1040,GENE_96,0.16800673469670604,0.16800673469670604,0 to 0.3
rs1040,GENE_97,0.09704179604047396,0.09704179604047396,0 to 0.3
rs1040,GENE_98,0.021821199532921297,0.021821199532921297,0 to 0.3
rs1040,GENE_99,-0.17272184776762298,0.17272184776762298,-0.3 to 0
rs1040,GENE_100,-0.0575578138341918,0.0575578138341918,-0.3 to 0
rs1041,GENE_1,-0.08267827106720164,0.08267827106720164,-0.3 to 0
rs1041,GENE_2,0.18269049599021994,0.18269049599021994,0 to 0.3
rs1041,GENE_3,0.13958960072910834,0.13958960072910834,0 to 0.3
rs1041,GENE_4,-0.2539144189445166,0.2539144189445166,-0.3 to 0
rs1041,GENE_5,-0.11318717136582471,0.11318717136582471,-0.3 to 0
rs1041,GENE_6,0.30792627763011343,0.30792627763011343,0.3 to 0.5
rs1041,GENE_7,-0.2579226423683666,0.2579226423683666,-0.3 to 0
rs1041,GENE_8,-0.28666038682326545,0.28666038682326545,-0.3 to 0
rs1041,GENE_9,0.004637056148518631,0.004637056148518631,0 to 0.3
rs1041,GENE_10,-0.10192223035610518,0.10192223035610518,-0.3 to 0
rs1041,GENE_11,0.18403061976239737,0.18403061976239737,0 to 0.3
rs1041,GENE_12,-0.016536683323495203,0.016536683323495203,-0.3 to 0
rs1041,GENE_13,0.0040347190869975316,0.0040347190869975316,0 to 0.3
rs1041,GENE_14,-0.05771962882091856,0.05771962882091856,-0.3 to 0
rs1041,GENE_15,0.009665528079237606,0.009665528079237606,0 to 0.3
rs1041,GENE_16,0.11698916257652124,0.11698916257652124,0 to 0.3
rs1041,GENE_17,0.03267017103080258,0.03267017103080258,0 to 0.3
rs1041,GENE_18,-0.34781203578751635,0.34781203578751635,-0.5 to -0.3
rs1041,GENE_19,-0.025853240703931874,0.025853240703931874,-0.3 to 0
rs1041,GENE_20,0.17933162476816408,0.17933162476816408,0 to 0.3
rs1041,GENE_21,0.19796269194648553,0.19796269194648553,0 to 0.3
rs1041,GENE_22,0.06526930976375801,0.06526930976375801,0 to 0.3
rs1041,GENE_23,-0.20405676137353243,0.20405676137353243,-0.3 to 0
rs1041,GENE_24,0.3433071083038916,0.3433071083038916,0.3 to 0.5
rs1041,GENE_25,-0.06067202832424439,0.06067202832424439,-0.3 to 0
rs1041,GENE_26,0.28552393839113144,0.28552393839113144,0 to 0.3
rs1041,GENE_27,-0.04241547942202609,0.04241547942202609,-0.3 to 0
rs1041,GENE_28,0.2326758500892301,0.2326758500892301,0 to 0.3
rs1041,GENE_29,-0.44776454692168144,0.44776454692168144,-0.5 to -0.3
rs1041,GENE_30,0.0737664566397556,0.0737664566397556,0 to 0.3
rs1041,GENE_31,-0.29958025557568835,0.29958025557568835,-0.3 to 0
rs1041,GENE_32,0.0754382787370639,0.0754382787370639,0 to 0.3
rs1041,GENE_33,0.047060832065128004,0.047060832065128004,0 to 0.3
rs1041,GENE_34,0.0672480151427084,0.0672480151427084,0 to 0.3
rs1041,GENE_35,0.19550605196183757,0.19550605196183757,0 to 0.3
rs1041,GENE_36,-0.2896866838841641,0.2896866838841641,-0.3 to 0
rs1041,GENE_37,0.09416449629134037,0.09416449629134037,0 to 0.3
rs1041,GENE_38,-0.2842608256687459,0.2842608256687459,-0.3 to 0
rs1041,GENE_39,-0.01410817242360449,0.01410817242360449,-0.3 to 0
rs1041,GENE_40,-0.16258731835387916,0.16258731835387916,-0.3 to 0
rs1041,GENE_41,-0.14419965126533807,0.14419965126533807,-0.3 to 0
rs1041,GENE_42,-0.30738810137100353,0.30738810137100353,-0.5 to -0.3
rs1041,GENE_43,-0.24798589672400975,0.24798589672400975,-0.3 to 0
rs1041,GENE_44,0.09989661580911034,0.09989661580911034,0 to 0.3
rs1041,GENE_45,-0.2803311202625264,0.2803311202625264,-0.3 to 0
rs1041,GENE_46,-0.2072122319153468,0.2072122319153468,-0.3 to 0
rs1041,GENE_47,0.22836698864866586,0.22836698864866586,0 to 0.3
rs1041,GENE_48,0.08863709233818555,0.08863709233818555,0 to 0.3
rs1041,GENE_49,-0.4039274615980161,0.4039274615980161,-0.5 to -0.3
rs1041,GENE_50,0.15044137845010197,0.15044137845010197,0 to 0.3
rs1041,GENE_51,-0.09556620964493029,0.09556620964493029,-0.3 to 0
rs1041,GENE_52,-0.2541948073925566,0.2541948073925566,-0.3 to 0
rs1041,GENE_53,0.027973316954712484,0.027973316954712484,0 to 0.3
rs1041,GENE_54,-0.07534066985147006,0.07534066985147006,-0.3 to 0
rs1041,GENE_55,0.3157637105012265,0.3157637105012265,0.3 to 0.5
rs1041,GENE_56,0.2401795170609979,0.2401795170609979,0 to 0.3
rs1041,GENE_57,0.2045448951930059,0.2045448951930059,0 to 0.3
rs1041,GENE_58,0.04582717614761467,0.04582717614761467,0 to 0.3
rs1041,GENE_59,-0.19732113896444428,0.19732113896444428,-0.3 to 0
rs1041,GENE_60,-0.0686054275047888,0.0686054275047888,-0.3 to 0
rs1041,GENE_61,-0.11499771672879565,0.11499771672879565,-0.3 to 0
rs1041,GENE_62,-0.0777617933153301,0.0777617933153301,-0.3 to 0
rs1041,GENE_63,0.02652336253654344,0.02652336253654344,0 to 0.3
rs1041,GENE_64,0.11604344565008559,0.11604344565008559,0 to 0.3
rs1041,GENE_65,-0.07720915315201153,0.07720915315201153,-0.3 to 0
rs1041,GENE_66,0.06496225738599959,0.06496225738599959,0 to 0.3
rs1041,GENE_67,-0.10257058378718299,0.10257058378718299,-0.3 to 0
rs1041,GENE_68,0.006180466081872784,0.006180466081872784,0 to 0.3
rs1041,GENE_69,0.014817539861777229,0.014817539861777229,0 to 0.3
rs1041,GENE_70,-0.3570727171915323,0.3570727171915323,-0.5 to -0.3
rs1041,GENE_71,-0.49145339716145137,0.49145339716145137,-0.5 to -0.3
rs1041,GENE_72,-0.23394883707379596,0.23394883707379596,-0.3 to 0
rs1041,GENE_73,0.2923999602842061,0.2923999602842061,0 to 0.3
rs1041,GENE_74,0.13799350109139807,0.13799350109139807,0 to 0.3
rs1041,GENE_75,0.00960570033760427,0.00960570033760427,0 to 0.3
rs1041,GENE_76,0.026980581337743146,0.026980581337743146,0 to 0.3
rs1041,GENE_77,0.10866770117948842,0.10866770117948842,0 to 0.3
rs1041,GENE_78,0.012280705745453957,0.012280705745453957,0 to 0.3
rs1041,GENE_79,-0.08811404221715298,0.08811404221715298,-0.3 to 0
rs1041,GENE_80,-0.12369728309873967,0.12369728309873967,-0.3 to 0
rs1041,GENE_81,-0.24950768788246863,0.24950768788246863,-0.3 to 0
rs1041,GENE_82,-0.222860318624772,0.222860318624772,-0.3 to 0
rs1041,GENE_83,-0.0777166505147456,0.0777166505147456,-0.3 to 0
rs1041,GENE_84,-0.36497851250648833,0.36497851250648833,-0.5 to -0.3
rs1041,GENE_85,0.09191285146962438,0.09191285146962438,0 to 0.3
rs1041,GENE_86,-0.030232964608268808,0.030232964608268808,-0.3 to 0
rs1041,GENE_87,0.1325949126188789,0.1325949126188789,0 to 0.3
rs1041,GENE_88,-0.09956546330522068,0.09956546330522068,-0.3 to 0
rs1041,GENE_89,0.320426875020025,0.320426875020025,0.3 to 0.5
rs1041,GENE_90,-0.13839368166886196,0.13839368166886196,-0.3 to 0
rs1041,GENE_91,-0.09864414931939477,0.09864414931939477,-0.3 to 0
rs1041,GENE_92,-0.14892878816525829,0.14892878816525829,-0.3 to 0
rs1041,GENE_93,0.0846226339732339,0.0846226339732339,0 to 0.3
rs1041,GENE_94,0.0157361558468795,0.0157361558468795,0 to 0.3
rs1041,GENE_95,0.004622591304093102,0.004622591304093102,0 to 0.3
rs1041,GENE_96,-0.30313724909723977,0.30313724909723977,-0.5 to -0.3
rs1041,GENE_97,0.3432250748251987,0.3432250748251987,0.3 to 0.5
rs1041,GENE_98,-0.2537270949006138,0.2537270949006138,-0.3 to 0
rs1041,GENE_99,-0.297907648466828,0.297907648466828,-0.3 to 0
rs1041,GENE_100,0.1810734091089084,0.1810734091089084,0 to 0.3
rs1042,GENE_1,0.1373980666045266,0.1373980666045266,0 to 0.3
rs1042,GENE_2,0.20056642517079468,0.20056642517079468,0 to 0.3
rs1042,GENE_3,0.23595915263681214,0.23595915263681214,0 to 0.3
rs1042,GENE_4,0.2551547131806727,0.2551547131806727,0 to 0.3
rs1042,GENE_5,0.23866129611281706,0.23866129611281706,0 to 0.3
rs1042,GENE_6,0.10236834642159383,0.10236834642159383,0 to 0.3
rs1042,GENE_7,-0.19503274266594414,0.19503274266594414,-0.3 to 0
rs1042,GENE_8,0.20577633438652368,0.20577633438652368,0 to 0.3
rs1042,GENE_9,0.20048103937131642,0.20048103937131642,0 to 0.3
rs1042,GENE_10,0.3376376243614405,0.3376376243614405,0.3 to 0.5
rs1042,GENE_11,0.02020280711004386,0.02020280711004386,0 to 0.3
rs1042,GENE_12,0.13329475726237702,0.13329475726237702,0 to 0.3
rs1042,GENE_13,-0.04524593085101187,0.04524593085101187,-0.3 to 0
rs1042,GENE_14,-0.12568174437194896,0.12568174437194896,-0.3 to 0
rs1042,GENE_15,0.30681138527029544,0.30681138527029544,0.3 to 0.5
rs1042,GENE_16,-0.06810631430252206,0.06810631430252206,-0.3 to 0
rs1042,GENE_17,0.04088932954305469,0.04088932954305469,0 to 0.3
rs1042,GENE_18,-0.006885708977228036,0.006885708977228036,-0.3 to 0
rs1042,GENE_19,0.0785220292377413,0.0785220292377413,0 to 0.3
rs1042,GENE_20,-0.09319884275822782,0.09319884275822782,-0.3 to 0
rs1042,GENE_21,0.08249608735023951,0.08249608735023951,0 to 0.3
rs1042,GENE_22,-0.24345529725569545,0.24345529725569545,-0.3 to 0
rs1042,GENE_23,-0.03566853779722184,0.03566853779722184,-0.3 to 0
rs1042,GENE_24,0.3224750235571033,0.3224750235571033,0.3 to 0.5
rs1042,GENE_25,0.25355373603215153,0.25355373603215153,0 to 0.3
rs1042,GENE_26,0.22777293320442646,0.22777293320442646,0 to 0.3
rs1042,GENE_27,0.1005720940575932,0.1005720940575932,0 to 0.3
rs1042,GENE_28,-0.19328272348434897,0.19328272348434897,-0.3 to 0
rs1042,GENE_29,0.21689755172439648,0.21689755172439648,0 to 0.3
rs1042,GENE_30,0.17251821747787743,0.17251821747787743,0 to 0.3
rs1042,GENE_31,0.1412829867999566,0.1412829867999566,0 to 0.3
rs1042,GENE_32,-0.21641238752519779,0.21641238752519779,-0.3 to 0
rs1042,GENE_33,0.3121225719365138,0.3121225719365138,0.3 to 0.5
rs1042,GENE_34,-0.13308471993638354,0.13308471993638354,-0.3 to 0
rs1042,GENE_35,-0.1635875576551877,0.1635875576551877,-0.3 to 0
rs1042,GENE_36,-0.15211069621986475,0.15211069621986475,-0.3 to 0
rs1042,GENE_37,0.27884769293069045,0.27884769293069045,0 to 0.3
rs1042,GENE_38,0.1656458925041625,0.1656458925041625,0 to 0.3
rs1042,GENE_39,-0.3210539438225599,0.3210539438225599,-0.5 to -0.3
rs1042,GENE_40,0.3378198411159655,0.3378198411159655,0.3 to 0.5
rs1042,GENE_41,-0.16022862352940268,0.16022862352940268,-0.3 to 0
rs1042,GENE_42,0.28290241961069346,0.28290241961069346,0 to 0.3
rs1042,GENE_43,-0.11504787980954764,0.11504787980954764,-0.3 to 0
rs1042,GENE_44,-0.020808296691637633,0.020808296691637633,-0.3 to 0
rs1042,GENE_45,0.15484645731975752,0.15484645731975752,0 to 0.3
rs1042,GENE_46,-0.19551571427694192,0.19551571427694192,-0.3 to 0
rs1042,GENE_47,0.19869332292015354,0.19869332292015354,0 to 0.3
rs1042,GENE_48,0.19193957904189807,0.19193957904189807,0 to 0.3
rs1042,GENE_49,-0.24660883532831526,0.24660883532831526,-0.3 to 0
rs1042,GENE_50,-0.10002379533350249,0.10002379533350249,-0.3 to 0
rs1042,GENE_51,-0.040531077134558634,0.040531077134558634,-0.3 to 0
rs1042,GENE_52,-0.16162982502891468,0.16162982502891468,-0.3 to 0
rs1042,GENE_53,-0.19908802947110868,0.19908802947110868,-0.3 to 0
rs1042,GENE_54,-0.17582363575984825,0.17582363575984825,-0.3 to 0
rs1042,GENE_55,0.32158015773878923,0.32158015773878923,0.3 to 0.5
rs1042,GENE_56,0.11674711940277367,0.11674711940277367,0 to 0.3
rs1042,GENE_57,-0.012030219270914199,0.012030219270914199,-0.3 to 0
rs1042,GENE_58,0.12178894096501651,0.12178894096501651,0 to 0.3
rs1042,GENE_59,-0.13392199640114325,0.13392199640114325,-0.3 to 0
rs1042,GENE_60,0.19204673188098773,0.19204673188098773,0 to 0.3
rs1042,GENE_61,0.18870151962980572,0.18870151962980572,0 to 0.3
rs1042,GENE_62,0.06665279132196471,0.06665279132196471,0 to 0.3
rs1042,GENE_63,-0.13669046382967726,0.13669046382967726,-0.3 to 0
rs1042,GENE_64,0.3263905498909634,0.3263905498909634,0.3 to 0.5
rs1042,GENE_65,-0.006017755817891886,0.006017755817891886,-0.3 to 0
rs1042,GENE_66,-0.259087491871458,0.259087491871458,-0.3 to 0
rs1042,GENE_67,0.010253297970668864,0.010253297970668864,0 to 0.3
rs1042,GENE_68,-0.008774032023725314,0.008774032023725314,-0.3 to 0
rs1042,GENE_69,-0.26402865460250274,0.26402865460250274,-0.3 to 0
rs1042,GENE_70,0.013550809007739383,0.013550809007739383,0 to 0.3
rs1042,GENE_71,-0.1081726291234324,0.1081726291234324,-0.3 to 0
rs1042,GENE_72,-0.17267741635233214,0.17267741635233214,-0.3 to 0
rs1042,GENE_73,0.06947554340893104,0.06947554340893104,0 to 0.3
rs1042,GENE_74,-0.25316284112374987,0.25316284112374987,-0.3 to 0
rs1042,GENE_75,0.060288825082307165,0.060288825082307165,0 to 0.3
rs1042,GENE_76,-0.21781158067873094,0.21781158067873094,-0.3 to 0
rs1042,GENE_77,-0.0782316049706379,0.0782316049706379,-0.3 to 0
rs1042,GENE_78,0.1209678118630268,0.1209678118630268,0 to 0.3
rs1042,GENE_79,0.13802333482790627,0.13802333482790627,0 to 0.3
rs1042,GENE_80,0.18717922543715143,0.18717922543715143,0 to 0.3
rs1042,GENE_81,-0.15310142082004535,0.15310142082004535,-0.3 to 0
rs1042,GENE_82,-0.06257865423859163,0.06257865423859163,-0.3 to 0
rs1042,GENE_83,0.0548739459329917,0.0548739459329917,0 to 0.3
rs1042,GENE_84,0.008438300802478137,0.008438300802478137,0 to 0.3
rs1042,GENE_85,0.18248393881692287,0.18248393881692287,0 to 0.3
rs1042,GENE_86,0.05099139103275835,0.05099139103275835,0 to 0.3
rs1042,GENE_87,-0.20728182181387825,0.20728182181387825,-0.3 to 0
rs1042,GENE_88,-0.1732998565186687,0.1732998565186687,-0.3 to 0
rs1042,GENE_89,-0.11271237030132407,0.11271237030132407,-0.3 to 0
rs1042,GENE_90,-0.19732208208757265,0.19732208208757265,-0.3 to 0
rs1042,GENE_91,-0.05994412590522542,0.05994412590522542,-0.3 to 0
rs1042,GENE_92,-0.17507236515069882,0.17507236515069882,-0.3 to 0
rs1042,GENE_93,0.28457711752290077,0.28457711752290077,0 to 0.3
rs1042,GENE_94,-0.1524015634442173,0.1524015634442173,-0.3 to 0
rs1042,GENE_95,0.2076425987828742,0.2076425987828742,0 to 0.3
rs1042,GENE_96,-0.055004994612630025,0.055004994612630025,-0.3 to 0
rs1042,GENE_97,0.0761432180290564,0.0761432180290564,0 to 0.3
rs1042,GENE_98,0.14003399203079486,0.14003399203079486,0 to 0.3
rs1042,GENE_99,-0.039966015946600354,0.039966015946600354,-0.3 to 0
rs1042,GENE_100,0.1917279121469641,0.1917279121469641,0 to 0.3
rs1043,GENE_1,0.0803743688020032,0.0803743688020032,0 to 0.3
rs1043,GENE_2,-0.19558445738397812,0.19558445738397812,-0.3 to 0
rs1043,GENE_3,-0.07449714236921814,0.07449714236921814,-0.3 to 0
rs1043,GENE_4,-0.24850473978275703,0.24850473978275703,-0.3 to 0
rs1043,GENE_5,0.04201627865813479,0.04201627865813479,0 to 0.3
rs1043,GENE_6,0.34483343665299515,0.34483343665299515,0.3 to 0.5
rs1043,GENE_7,0.17275602910250254,0.17275602910250254,0 to 0.3
rs1043,GENE_8,-0.08418229625215663,0.08418229625215663,-0.3 to 0
rs1043,GENE_9,0.09304959060729877,0.09304959060729877,0 to 0.3
rs1043,GENE_10,-0.23591476191046376,0.23591476191046376,-0.3 to 0
rs1043,GENE_11,0.2009313709529003,0.2009313709529003,0 to 0.3
rs1043,GENE_12,0.007558557948955359,0.007558557948955359,0 to 0.3
rs1043,GENE_13,-0.2838981584434315,0.2838981584434315,-0.3 to 0
rs1043,GENE_14,0.2348473476839441,0.2348473476839441,0 to 0.3
rs1043,GENE_15,-0.20348342256326307,0.20348342256326307,-0.3 to 0
rs1043,GENE_16,0.3695100805407627,0.3695100805407627,0.3 to 0.5
rs1043,GENE_17,0.2243960040067519,0.2243960040067519,0 to 0.3
rs1043,GENE_18,-0.10416066995792293,0.10416066995792293,-0.3 to 0
rs1043,GENE_19,-0.24161218757033812,0.24161218757033812,-0.3 to 0
rs1043,GENE_20,-0.023117920962195983,0.023117920962195983,-0.3 to 0
rs1043,GENE_21,0.08367696830580838,0.08367696830580838,0 to 0.3
rs1043,GENE_22,0.15117067959925148,0.15117067959925148,0 to 0.3
rs1043,GENE_23,0.06470532414401663,0.06470532414401663,0 to 0.3
rs1043,GENE_24,-0.13133015509051915,0.13133015509051915,-0.3 to 0
rs1043,GENE_25,-0.17424015633832335,0.17424015633832335,-0.3 to 0
rs1043,GENE_26,-0.17776526379997873,0.17776526379997873,-0.3 to 0
rs1043,GENE_27,0.11595987227460385,0.11595987227460385,0 to 0.3
rs1043,GENE_28,0.21000868540242307,0.21000868540242307,0 to 0.3
rs1043,GENE_29,0.19510991277837875,0.19510991277837875,0 to 0.3
rs1043,GENE_30,-0.26399592235517716,0.26399592235517716,-0.3 to 0
rs1043,GENE_31,-0.2211458013838526,0.2211458013838526,-0.3 to 0
rs1043,GENE_32,-0.13561107829125776,0.13561107829125776,-0.3 to 0
rs1043,GENE_33,0.06965052791237822,0.06965052791237822,0 to 0.3
rs1043,GENE_34,0.21010607147480295,0.21010607147480295,0 to 0.3
rs1043,GENE_35,0.1255521474340095,0.1255521474340095,0 to 0.3
rs1043,GENE_36,-0.03465639001795826,0.03465639001795826,-0.3 to 0
rs1043,GENE_37,0.16979542778103868,0.16979542778103868,0 to 0.3
rs1043,GENE_38,-0.040368406519680294,0.040368406519680294,-0.3 to 0
rs1043,GENE_39,-0.044203329788461095,0.044203329788461095,-0.3 to 0
rs1043,GENE_40,0.12152238209010913,0.12152238209010913,0 to 0.3
rs1043,GENE_41,-0.09631306404258365,0.09631306404258365,-0.3 to 0
rs1043,GENE_42,0.14601632627764283,0.14601632627764283,0 to 0.3
rs1043,GENE_43,0.060813218327362376,0.060813218327362376,0 to 0.3
rs1043,GENE_44,-0.023785202611087734,0.023785202611087734,-0.3 to 0
rs1043,GENE_45,0.28256949083730193,0.28256949083730193,0 to 0.3
rs1043,GENE_46,0.1866282807498729,0.1866282807498729,0 to 0.3
rs1043,GENE_47,0.04940742247045224,0.04940742247045224,0 to 0.3
rs1043,GENE_48,0.2560305282339949,0.2560305282339949,0 to 0.3
rs1043,GENE_49,0.014167166217174362,0.014167166217174362,0 to 0.3
rs1043,GENE_50,0.2921591104054637,0.2921591104054637,0 to 0.3
rs1043,GENE_51,-0.4559617719934355,0.4559617719934355,-0.5 to -0.3
rs1043,GENE_52,0.2137430756509169,0.2137430756509169,0 to 0.3
rs1043,GENE_53,0.15462897611876333,0.15462897611876333,0 to 0.3
rs1043,GENE_54,0.16321653002859784,0.16321653002859784,0 to 0.3
rs1043,GENE_55,-0.25151799203278613,0.25151799203278613,-0.3 to 0
rs1043,GENE_56,0.07573504161586034,0.07573504161586034,0 to 0.3
rs1043,GENE_57,0.1432233544350012,0.1432233544350012,0 to 0.3
rs1043,GENE_58,-0.14708083012059595,0.14708083012059595,-0.3 to 0
rs1043,GENE_59,0.24196078989467953,0.24196078989467953,0 to 0.3
rs1043,GENE_60,-0.14830827462741333,0.14830827462741333,-0.3 to 0
rs1043,GENE_61,-0.26754823174854014,0.26754823174854014,-0.3 to 0
rs1043,GENE_62,-0.19736636097088997,0.19736636097088997,-0.3 to 0
rs1043,GENE_63,0.22246215874608943,0.22246215874608943,0 to 0.3
rs1043,GENE_64,0.1583780236155602,0.1583780236155602,0 to 0.3
rs1043,GENE_65,0.17533110383998626,0.17533110383998626,0 to 0.3
rs1043,GENE_66,0.0170559570481898,0.0170559570481898,0 to 0.3
rs1043,GENE_67,-0.2742389571579226,0.2742389571579226,-0.3 to 0
rs1043,GENE_68,0.18059113187114015,0.18059113187114015,0 to 0.3
rs1043,GENE_69,0.12637985478327368,0.12637985478327368,0 to 0.3
rs1043,GENE_70,0.09471534487869804,0.09471534487869804,0 to 0.3
rs1043,GENE_71,-0.013403512172805233,0.013403512172805233,-0.3 to 0
rs1043,GENE_72,0.18330189853253728,0.18330189853253728,0 to 0.3
rs1043,GENE_73,-0.0691674062713457,0.0691674062713457,-0.3 to 0
rs1043,GENE_74,0.15052396143023683,0.15052396143023683,0 to 0.3
rs1043,GENE_75,0.26570140795431463,0.26570140795431463,0 to 0.3
rs1043,GENE_76,-0.5390027018591371,0.5390027018591371,-0.7 to -0.5
rs1043,GENE_77,0.2584895423537574,0.2584895423537574,0 to 0.3
rs1043,GENE_78,-0.09304311562462753,0.09304311562462753,-0.3 to 0
rs1043,GENE_79,-0.39896085133907344,0.39896085133907344,-0.5 to -0.3
rs1043,GENE_80,-0.17190075362363755,0.17190075362363755,-0.3 to 0
rs1043,GENE_81,0.03071143449859839,0.03071143449859839,0 to 0.3
rs1043,GENE_82,-0.18682976489164083,0.18682976489164083,-0.3 to 0
rs1043,GENE_83,0.21050651786101815,0.21050651786101815,0 to 0.3
rs1043,GENE_84,0.2038830708086294,0.2038830708086294,0 to 0.3
rs1043,GENE_85,-0.013422247594913003,0.013422247594913003,-0.3 to 0
rs1043,GENE_86,-0.23105548063431725,0.23105548063431725,-0.3 to 0
rs1043,GENE_87,0.12778705373216387,0.12778705373216387,0 to 0.3
rs1043,GENE_88,0.1757641974326454,0.1757641974326454,0 to 0.3
rs1043,GENE_89,0.14059380299926996,0.14059380299926996,0 to 0.3
rs1043,GENE_90,0.29188016766424074,0.29188016766424074,0 to 0.3
rs1043,GENE_91,-0.2926965830678363,0.2926965830678363,-0.3 to 0
rs1043,GENE_92,-0.2191682961601864,0.2191682961601864,-0.3 to 0
rs1043,GENE_93,-0.21868734187230168,0.21868734187230168,-0.3 to 0
rs1043,GENE_94,-0.046871793769242324,0.046871793769242324,-0.3 to 0
rs1043,GENE_95,-0.3067629005750901,0.3067629005750901,-0.5 to -0.3
rs1043,GENE_96,-0.47767627160992626,0.47767627160992626,-0.5 to -0.3
rs1043,GENE_97,-0.16470963385837073,0.16470963385837073,-0.3 to 0
rs1043,GENE_98,-0.0320615500773221,0.0320615500773221,-0.3 to 0
rs1043,GENE_99,-0.09652092738260909,0.09652092738260909,-0.3 to 0
rs1043,GENE_100,0.0341227838038,0.0341227838038,0 to 0.3
rs1044,GENE_1,0.053574572889997764,0.053574572889997764,0 to 0.3
rs1044,GENE_2,-0.08056046944991414,0.08056046944991414,-0.3 to 0
rs1044,GENE_3,-0.07491133971805476,0.07491133971805476,-0.3 to 0
rs1044,GENE_4,-0.3622811710762717,0.3622811710762717,-0.5 to -0.3
rs1044,GENE_5,-0.09789542169436086,0.09789542169436086,-0.3 to 0
rs1044,GENE_6,0.015926973788687362,0.015926973788687362,0 to 0.3
rs1044,GENE_7,0.1321042062948927,0.1321042062948927,0 to 0.3
rs1044,GENE_8,0.10581543401421044,0.10581543401421044,0 to 0.3
rs1044,GENE_9,-0.19099468774858935,0.19099468774858935,-0.3 to 0
rs1044,GENE_10,-0.16241717129799174,0.16241717129799174,-0.3 to 0
rs1044,GENE_11,0.20097329824062996,0.20097329824062996,0 to 0.3
rs1044,GENE_12,0.16584429802242748,0.16584429802242748,0 to 0.3
rs1044,GENE_13,-0.14600800138596437,0.14600800138596437,-0.3 to 0
rs1044,GENE_14,0.2489540306037196,0.2489540306037196,0 to 0.3
rs1044,GENE_15,-0.2294071494069642,0.2294071494069642,-0.3 to 0
rs1044,GENE_16,0.26433788025232297,0.26433788025232297,0 to 0.3
rs1044,GENE_17,0.13254837445770193,0.13254837445770193,0 to 0.3
rs1044,GENE_18,-0.008609718632044797,0.008609718632044797,-0.3 to 0
rs1044,GENE_19,0.2019422690978124,0.2019422690978124,0 to 0.3
rs1044,GENE_20,-0.061104347358081644,0.061104347358081644,-0.3 to 0
rs1044,GENE_21,-0.11391631060385132,0.11391631060385132,-0.3 to 0
rs1044,GENE_22,0.12158311880312081,0.12158311880312081,0 to 0.3
rs1044,GENE_23,0.08249603911563462,0.08249603911563462,0 to 0.3
rs1044,GENE_24,-0.2830963074129353,0.2830963074129353,-0.3 to 0
rs1044,GENE_25,-0.12731423927345412,0.12731423927345412,-0.3 to 0
rs1044,GENE_26,-0.04867914941629784,0.04867914941629784,-0.3 to 0
rs1044,GENE_27,0.07701939153805376,0.07701939153805376,0 to 0.3
rs1044,GENE_28,0.03067399665749293,0.03067399665749293,0 to 0.3
rs1044,GENE_29,0.0415769278073996,0.0415769278073996,0 to 0.3
rs1044,GENE_30,-0.06153181129331492,0.06153181129331492,-0.3 to 0
rs1044,GENE_31,0.04840291808897289,0.04840291808897289,0 to 0.3
rs1044,GENE_32,-0.2411191240988623,0.2411191240988623,-0.3 to 0
rs1044,GENE_33,0.030713010080968706,0.030713010080968706,0 to 0.3
rs1044,GENE_34,-0.025998577626885677,0.025998577626885677,-0.3 to 0
rs1044,GENE_35,0.1307303126900889,0.1307303126900889,0 to 0.3
rs1044,GENE_36,-0.06451232190689214,0.06451232190689214,-0.3 to 0
rs1044,GENE_37,0.3155803671821592,0.3155803671821592,0.3 to 0.5
rs1044,GENE_38,0.21168359574222986,0.21168359574222986,0 to 0.3
rs1044,GENE_39,0.16033437192437586,0.16033437192437586,0 to 0.3
rs1044,GENE_40,-0.43223123187603324,0.43223123187603324,-0.5 to -0.3
rs1044,GENE_41,-0.05825250994330798,0.05825250994330798,-0.3 to 0
rs1044,GENE_42,-0.18179467974500768,0.18179467974500768,-0.3 to 0
rs1044,GENE_43,-0.012903710898919287,0.012903710898919287,-0.3 to 0
rs1044,GENE_44,0.053376692661923575,0.053376692661923575,0 to 0.3
rs1044,GENE_45,-0.10101578806706676,0.10101578806706676,-0.3 to 0
rs1044,GENE_46,0.41934031525037335,0.41934031525037335,0.3 to 0.5
rs1044,GENE_47,-0.006325491956344472,0.006325491956344472,-0.3 to 0
rs1044,GENE_48,0.019017069387720652,0.019017069387720652,0 to 0.3
rs1044,GENE_49,0.10197119042416328,0.10197119042416328,0 to 0.3
rs1044,GENE_50,0.08166923312709051,0.08166923312709051,0 to 0.3
rs1044,GENE_51,-0.11668553683151622,0.11668553683151622,-0.3 to 0
rs1044,GENE_52,0.1822170821763119,0.1822170821763119,0 to 0.3
rs1044,GENE_53,0.12908036182039392,0.12908036182039392,0 to 0.3
rs1044,GENE_54,0.02480333227888821,0.02480333227888821,0 to 0.3
rs1044,GENE_55,-0.2529738112439351,0.2529738112439351,-0.3 to 0
rs1044,GENE_56,-0.07948199843732201,0.07948199843732201,-0.3 to 0
rs1044,GENE_57,0.12785414880762297,0.12785414880762297,0 to 0.3
rs1044,GENE_58,0.20340851883017996,0.20340851883017996,0 to 0.3
rs1044,GENE_59,0.12930818982455705,0.12930818982455705,0 to 0.3
rs1044,GENE_60,-0.22405291274225406,0.22405291274225406,-0.3 to 0
rs1044,GENE_61,0.21548396325424304,0.21548396325424304,0 to 0.3
rs1044,GENE_62,-0.381178667244399,0.381178667244399,-0.5 to -0.3
rs1044,GENE_63,0.2677324055408725,0.2677324055408725,0 to 0.3
rs1044,GENE_64,-0.28161228742169914,0.28161228742169914,-0.3 to 0
rs1044,GENE_65,0.20482424191743043,0.20482424191743043,0 to 0.3
rs1044,GENE_66,0.2529351173886057,0.2529351173886057,0 to 0.3
rs1044,GENE_67,0.06237808268975753,0.06237808268975753,0 to 0.3
rs1044,GENE_68,0.16630727205500692,0.16630727205500692,0 to 0.3
rs1044,GENE_69,0.21732392003405498,0.21732392003405498,0 to 0.3
rs1044,GENE_70,-0.1342134203321909,0.1342134203321909,-0.3 to 0
rs1044,GENE_71,0.24334256702612372,0.24334256702612372,0 to 0.3
rs1044,GENE_72,0.21910213685831356,0.21910213685831356,0 to 0.3
rs1044,GENE_73,0.05006184529371607,0.05006184529371607,0 to 0.3
rs1044,GENE_74,0.11028242782862563,0.11028242782862563,0 to 0.3
rs1044,GENE_75,-0.023986236530955978,0.023986236530955978,-0.3 to 0
rs1044,GENE_76,0.021333715443015464,0.021333715443015464,0 to 0.3
rs1044,GENE_77,0.25050097409477406,0.25050097409477406,0 to 0.3
rs1044,GENE_78,-0.23286382641548076,0.23286382641548076,-0.3 to 0
rs1044,GENE_79,-0.13732601760764734,0.13732601760764734,-0.3 to 0
rs1044,GENE_80,-0.08238658718539107,0.08238658718539107,-0.3 to 0
rs1044,GENE_81,-0.043787693883176146,0.043787693883176146,-0.3 to 0
rs1044,GENE_82,-0.06997477631561863,0.06997477631561863,-0.3 to 0
rs1044,GENE_83,0.1873667207463038,0.1873667207463038,0 to 0.3
rs1044,GENE_84,0.3625041561011421,0.3625041561011421,0.3 to 0.5
rs1044,GENE_85,-0.2105248359440066,0.2105248359440066,-0.3 to 0
rs1044,GENE_86,-0.14371390810859758,0.14371390810859758,-0.3 to 0
rs1044,GENE_87,0.21075569608599717,0.21075569608599717,0 to 0.3
rs1044,GENE_88,0.20739052060801924,0.20739052060801924,0 to 0.3
rs1044,GENE_89,0.14013017574977135,0.14013017574977135,0 to 0.3
rs1044,GENE_90,0.19326180864476494,0.19326180864476494,0 to 0.3
rs1044,GENE_91,-0.05652383009564298,0.05652383009564298,-0.3 to 0
rs1044,GENE_92,0.08703515665204192,0.08703515665204192,0 to 0.3
rs1044,GENE_93,-0.4580034500534848,0.4580034500534848,-0.5 to -0.3
rs1044,GENE_94,0.20786800666902142,0.20786800666902142,0 to 0.3
rs1044,GENE_95,-0.22251537923318632,0.22251537923318632,-0.3 to 0
rs1044,GENE_96,0.05897897182046072,0.05897897182046072,0 to 0.3
rs1044,GENE_97,-0.126189463642953,0.126189463642953,-0.3 to 0
rs1044,GENE_98,0.10924542781509927,0.10924542781509927,0 to 0.3
rs1044,GENE_99,0.17438745849229548,0.17438745849229548,0 to 0.3
rs1044,GENE_100,0.37930695308604795,0.37930695308604795,0.3 to 0.5
rs1045,GENE_1,-0.19002969219008498,0.19002969219008498,-0.3 to 0
rs1045,GENE_2,0.03706770846577271,0.03706770846577271,0 to 0.3
rs1045,GENE_3,0.1997353025723531,0.1997353025723531,0 to 0.3
rs1045,GENE_4,-0.06689873191536021,0.06689873191536021,-0.3 to 0
rs1045,GENE_5,0.18448670994284122,0.18448670994284122,0 to 0.3
rs1045,GENE_6,0.24739463436603437,0.24739463436603437,0 to 0.3
rs1045,GENE_7,-0.008689057908925666,0.008689057908925666,-0.3 to 0
rs1045,GENE_8,-0.2136075206578725,0.2136075206578725,-0.3 to 0
rs1045,GENE_9,0.245665350559344,0.245665350559344,0 to 0.3
rs1045,GENE_10,-0.327430741338239,0.327430741338239,-0.5 to -0.3
rs1045,GENE_11,-0.037592915522481084,0.037592915522481084,-0.3 to 0
rs1045,GENE_12,-0.37266844635527696,0.37266844635527696,-0.5 to -0.3
rs1045,GENE_13,-0.15968270897731854,0.15968270897731854,-0.3 to 0
rs1045,GENE_14,0.19188057029784406,0.19188057029784406,0 to 0.3
rs1045,GENE_15,0.09048245779541551,0.09048245779541551,0 to 0.3
rs1045,GENE_16,-0.07888576739739568,0.07888576739739568,-0.3 to 0
rs1045,GENE_17,0.3296576726136245,0.3296576726136245,0.3 to 0.5
rs1045,GENE_18,0.0563375910603953,0.0563375910603953,0 to 0.3
rs1045,GENE_19,-0.2179816490168146,0.2179816490168146,-0.3 to 0
rs1045,GENE_20,-0.0014163588833310751,0.0014163588833310751,-0.3 to 0
rs1045,GENE_21,-0.044708560901516474,0.044708560901516474,-0.3 to 0
rs1045,GENE_22,0.25075072608129506,0.25075072608129506,0 to 0.3
rs1045,GENE_23,-0.023232008565462217,0.023232008565462217,-0.3 to 0
rs1045,GENE_24,0.16337551213604612,0.16337551213604612,0 to 0.3
rs1045,GENE_25,-0.17494753158177925,0.17494753158177925,-0.3 to 0
rs1045,GENE_26,-0.2254824951416864,0.2254824951416864,-0.3 to 0
rs1045,GENE_27,0.0024967956844002084,0.0024967956844002084,0 to 0.3
rs1045,GENE_28,-0.14867089255296745,0.14867089255296745,-0.3 to 0
rs1045,GENE_29,-0.19748494232541397,0.19748494232541397,-0.3 to 0
rs1045,GENE_30,-0.16056872038772682,0.16056872038772682,-0.3 to 0
rs1045,GENE_31,-0.37303069435835173,0.37303069435835173,-0.5 to -0.3
rs1045,GENE_32,0.014839043790222948,0.014839043790222948,0 to 0.3
rs1045,GENE_33,-0.3402035086050801,0.3402035086050801,-0.5 to -0.3
rs1045,GENE_34,0.2720198345664097,0.2720198345664097,0 to 0.3
rs1045,GENE_35,-0.23600955639881332,0.23600955639881332,-0.3 to 0
rs1045,GENE_36,0.31942181517751456,0.31942181517751456,0.3 to 0.5
rs1045,GENE_37,-0.18572933503231287,0.18572933503231287,-0.3 to 0
rs1045,GENE_38,-0.07150036704103123,0.07150036704103123,-0.3 to 0
rs1045,GENE_39,-0.1605638713556208,0.1605638713556208,-0.3 to 0
rs1045,GENE_40,0.1285668313727953,0.1285668313727953,0 to 0.3
rs1045,GENE_41,0.0608179160744419,0.0608179160744419,0 to 0.3
rs1045,GENE_42,-0.3515490422431967,0.3515490422431967,-0.5 to -0.3
rs1045,GENE_43,0.038769716754581386,0.038769716754581386,0 to 0.3
rs1045,GENE_44,-0.05776699226034754,0.05776699226034754,-0.3 to 0
rs1045,GENE_45,-0.32811446752043055,0.32811446752043055,-0.5 to -0.3
rs1045,GENE_46,-0.06418505523942475,0.06418505523942475,-0.3 to 0
rs1045,GENE_47,0.2352611835787783,0.2352611835787783,0 to 0.3
rs1045,GENE_48,0.22682260113732508,0.22682260113732508,0 to 0.3
rs1045,GENE_49,-0.2515735499906303,0.2515735499906303,-0.3 to 0
rs1045,GENE_50,0.15695676908099576,0.15695676908099576,0 to 0.3
rs1045,GENE_51,0.31401823942022605,0.31401823942022605,0.3 to 0.5
rs1045,GENE_52,0.07871333737009382,0.07871333737009382,0 to 0.3
rs1045,GENE_53,-0.05450674075913089,0.05450674075913089,-0.3 to 0
rs1045,GENE_54,0.024758754458587415,0.024758754458587415,0 to 0.3
rs1045,GENE_55,0.09025958810947791,0.09025958810947791,0 to 0.3
rs1045,GENE_56,0.23785040796048137,0.23785040796048137,0 to 0.3
rs1045,GENE_57,-0.07761157360853572,0.07761157360853572,-0.3 to 0
rs1045,GENE_58,-0.08198235291470041,0.08198235291470041,-0.3 to 0
rs1045,GENE_59,-0.14733088469524908,0.14733088469524908,-0.3 to 0
rs1045,GENE_60,0.20032876235555158,0.20032876235555158,0 to 0.3
rs1045,GENE_61,-0.09060272220783887,0.09060272220783887,-0.3 to 0
rs1045,GENE_62,0.1114790399668338,0.1114790399668338,0 to 0.3
rs1045,GENE_63,0.20910967679287495,0.20910967679287495,0 to 0.3
rs1045,GENE_64,0.1545085012047993,0.1545085012047993,0 to 0.3
rs1045,GENE_65,0.001524916494020979,0.001524916494020979,0 to 0.3
rs1045,GENE_66,0.04665610765871959,0.04665610765871959,0 to 0.3
rs1045,GENE_67,0.12109237630206157,0.12109237630206157,0 to 0.3
rs1045,GENE_68,0.04734267587241823,0.04734267587241823,0 to 0.3
rs1045,GENE_69,0.3858776056100286,0.3858776056100286,0.3 to 0.5
rs1045,GENE_70,0.16056329732521749,0.16056329732521749,0 to 0.3
rs1045,GENE_71,0.15389122902630778,0.15389122902630778,0 to 0.3
rs1045,GENE_72,0.035218155263882105,0.035218155263882105,0 to 0.3
rs1045,GENE_73,-0.021365457781988693,0.021365457781988693,-0.3 to 0
rs1045,GENE_74,-0.24383252095365396,0.24383252095365396,-0.3 to 0
rs1045,GENE_75,0.16444870815296855,0.16444870815296855,0 to 0.3
rs1045,GENE_76,-0.10079426227337504,0.10079426227337504,-0.3 to 0
rs1045,GENE_77,0.06705822134768645,0.06705822134768645,0 to 0.3
rs1045,GENE_78,0.11752189837054272,0.11752189837054272,0 to 0.3
rs1045,GENE_79,0.3930287723995302,0.3930287723995302,0.3 to 0.5
rs1045,GENE_80,-0.302095694140031,0.302095694140031,-0.5 to -0.3
rs1045,GENE_81,0.08751036167241616,0.08751036167241616,0 to 0.3
rs1045,GENE_82,-0.1211918038447695,0.1211918038447695,-0.3 to 0
rs1045,GENE_83,-0.016604101452411098,0.016604101452411098,-0.3 to 0
rs1045,GENE_84,-0.08347788396001159,0.08347788396001159,-0.3 to 0
rs1045,GENE_85,0.04428013069416746,0.04428013069416746,0 to 0.3
rs1045,GENE_86,0.0536531061042214,0.0536531061042214,0 to 0.3
rs1045,GENE_87,-0.19172037878662873,0.19172037878662873,-0.3 to 0
rs1045,GENE_88,0.21726969214339395,0.21726969214339395,0 to 0.3
rs1045,GENE_89,-0.15560092958095761,0.15560092958095761,-0.3 to 0
rs1045,GENE_90,0.08825282685576567,0.08825282685576567,0 to 0.3
rs1045,GENE_91,-0.0441298297600686,0.0441298297600686,-0.3 to 0
rs1045,GENE_92,0.1484180717586353,0.1484180717586353,0 to 0.3
rs1045,GENE_93,-0.018156877448428296,0.018156877448428296,-0.3 to 0
rs1045,GENE_94,0.3522459171789782,0.3522459171789782,0.3 to 0.5
rs1045,GENE_95,0.09797831834210792,0.09797831834210792,0 to 0.3
rs1045,GENE_96,0.18243934488326152,0.18243934488326152,0 to 0.3
rs1045,GENE_97,0.013883596521272275,0.013883596521272275,0 to 0.3
rs1045,GENE_98,-0.49875528038350647,0.49875528038350647,-0.5 to -0.3
rs1045,GENE_99,-0.008310187828916618,0.008310187828916618,-0.3 to 0
rs1045,GENE_100,-0.1759272605624277,0.1759272605624277,-0.3 to 0
rs1046,GENE_1,0.1687468802739339,0.1687468802739339,0 to 0.3
rs1046,GENE_2,-0.03410630145368694,0.03410630145368694,-0.3 to 0
rs1046,GENE_3,0.2449990851876555,0.2449990851876555,0 to 0.3
rs1046,GENE_4,-0.36794781002636795,0.36794781002636795,-0.5 to -0.3
rs1046,GENE_5,0.004432973477289988,0.004432973477289988,0 to 0.3
rs1046,GENE_6,-0.03380769794457508,0.03380769794457508,-0.3 to 0
rs1046,GENE_7,0.011165716816432946,0.011165716816432946,0 to 0.3
rs1046,GENE_8,0.3222881341671694,0.3222881341671694,0.3 to 0.5
rs1046,GENE_9,-0.1067595998397118,0.1067595998397118,-0.3 to 0
rs1046,GENE_10,-0.017891362397200395,0.017891362397200395,-0.3 to 0
rs1046,GENE_11,0.28788009179120627,0.28788009179120627,0 to 0.3
rs1046,GENE_12,0.05769027583771092,0.05769027583771092,0 to 0.3
rs1046,GENE_13,-0.11154075202566163,0.11154075202566163,-0.3 to 0
rs1046,GENE_14,0.009358871586300672,0.009358871586300672,0 to 0.3
rs1046,GENE_15,-0.01209241853649547,0.01209241853649547,-0.3 to 0
rs1046,GENE_16,0.23015564479878448,0.23015564479878448,0 to 0.3
rs1046,GENE_17,-0.10326097569480479,0.10326097569480479,-0.3 to 0
rs1046,GENE_18,-0.0649300186230808,0.0649300186230808,-0.3 to 0
rs1046,GENE_19,0.03716645551664531,0.03716645551664531,0 to 0.3
rs1046,GENE_20,0.03765071051884726,0.03765071051884726,0 to 0.3
rs1046,GENE_21,-0.019958785779751808,0.019958785779751808,-0.3 to 0
rs1046,GENE_22,-0.16079451120624308,0.16079451120624308,-0.3 to 0
rs1046,GENE_23,0.015181383935319499,0.015181383935319499,0 to 0.3
rs1046,GENE_24,-0.10243960125327813,0.10243960125327813,-0.3 to 0
rs1046,GENE_25,-0.06770079933413486,0.06770079933413486,-0.3 to 0
rs1046,GENE_26,0.10295621401832385,0.10295621401832385,0 to 0.3
rs1046,GENE_27,-0.07139558223268457,0.07139558223268457,-0.3 to 0
rs1046,GENE_28,-0.11972552197648924,0.11972552197648924,-0.3 to 0
rs1046,GENE_29,0.2928980714350231,0.2928980714350231,0 to 0.3
rs1046,GENE_30,0.001006161015690768,0.001006161015690768,0 to 0.3
rs1046,GENE_31,0.16257170798284462,0.16257170798284462,0 to 0.3
rs1046,GENE_32,-0.2924913465567419,0.2924913465567419,-0.3 to 0
rs1046,GENE_33,0.08755769251623999,0.08755769251623999,0 to 0.3
rs1046,GENE_34,-0.15484399926268916,0.15484399926268916,-0.3 to 0
rs1046,GENE_35,-0.011937554577132607,0.011937554577132607,-0.3 to 0
rs1046,GENE_36,-0.2668971501598111,0.2668971501598111,-0.3 to 0
rs1046,GENE_37,0.2078770148251113,0.2078770148251113,0 to 0.3
rs1046,GENE_38,0.12184542969277669,0.12184542969277669,0 to 0.3
rs1046,GENE_39,0.03337585325336675,0.03337585325336675,0 to 0.3
rs1046,GENE_40,-0.2618122794206829,0.2618122794206829,-0.3 to 0
rs1046,GENE_41,-0.3267555741957912,0.3267555741957912,-0.5 to -0.3
rs1046,GENE_42,0.05789777117578892,0.05789777117578892,0 to 0.3
rs1046,GENE_43,0.06590883505656966,0.06590883505656966,0 to 0.3
rs1046,GENE_44,0.11598919774895161,0.11598919774895161,0 to 0.3
rs1046,GENE_45,0.29460950342128317,0.29460950342128317,0 to 0.3
rs1046,GENE_46,0.030045840886806015,0.030045840886806015,0 to 0.3
rs1046,GENE_47,0.34299138244427463,0.34299138244427463,0.3 to 0.5
rs1046,GENE_48,0.026688352288980775,0.026688352288980775,0 to 0.3
rs1046,GENE_49,0.18447662041186755,0.18447662041186755,0 to 0.3
rs1046,GENE_50,-0.266941701543088,0.266941701543088,-0.3 to 0
rs1046,GENE_51,0.07549271467176343,0.07549271467176343,0 to 0.3
rs1046,GENE_52,-0.10400228500028158,0.10400228500028158,-0.3 to 0
rs1046,GENE_53,-0.003943374923555636,0.003943374923555636,-0.3 to 0
rs1046,GENE_54,-0.22536264838815925,0.22536264838815925,-0.3 to 0
rs1046,GENE_55,-0.19125617639520806,0.19125617639520806,-0.3 to 0
rs1046,GENE_56,0.04547845262814847,0.04547845262814847,0 to 0.3
rs1046,GENE_57,0.41591867212180544,0.41591867212180544,0.3 to 0.5
rs1046,GENE_58,0.15286198675166798,0.15286198675166798,0 to 0.3
rs1046,GENE_59,0.2037394523631662,0.2037394523631662,0 to 0.3
rs1046,GENE_60,-0.1322831374477977,0.1322831374477977,-0.3 to 0
rs1046,GENE_61,0.22368460069921492,0.22368460069921492,0 to 0.3
rs1046,GENE_62,-0.21979287506402959,0.21979287506402959,-0.3 to 0
rs1046,GENE_63,-0.07481709789213892,0.07481709789213892,-0.3 to 0
rs1046,GENE_64,0.014324370822814264,0.014324370822814264,0 to 0.3
rs1046,GENE_65,0.0017216337929294035,0.0017216337929294035,0 to 0.3
rs1046,GENE_66,-0.09192404814785765,0.09192404814785765,-0.3 to 0
rs1046,GENE_67,0.12615995866784271,0.12615995866784271,0 to 0.3
rs1046,GENE_68,0.023467220528571687,0.023467220528571687,0 to 0.3
rs1046,GENE_69,-0.03917334752871493,0.03917334752871493,-0.3 to 0
rs1046,GENE_70,-0.19232788321910022,0.19232788321910022,-0.3 to 0
rs1046,GENE_71,0.2223715538743079,0.2223715538743079,0 to 0.3
rs1046,GENE_72,-0.019212133159697248,0.019212133159697248,-0.3 to 0
rs1046,GENE_73,0.07524571476735865,0.07524571476735865,0 to 0.3
rs1046,GENE_74,0.008593032886329592,0.008593032886329592,0 to 0.3
rs1046,GENE_75,0.05921997863502347,0.05921997863502347,0 to 0.3
rs1046,GENE_76,-0.19949887115458298,0.19949887115458298,-0.3 to 0
rs1046,GENE_77,0.13604496519883608,0.13604496519883608,0 to 0.3
rs1046,GENE_78,0.05778299869854754,0.05778299869854754,0 to 0.3
rs1046,GENE_79,-0.11119073618297255,0.11119073618297255,-0.3 to 0
rs1046,GENE_80,0.12338814465771787,0.12338814465771787,0 to 0.3
rs1046,GENE_81,-0.2620197223242489,0.2620197223242489,-0.3 to 0
rs1046,GENE_82,-0.24663078073754896,0.24663078073754896,-0.3 to 0
rs1046,GENE_83,0.0182196323005893,0.0182196323005893,0 to 0.3
rs1046,GENE_84,0.1254475269705964,0.1254475269705964,0 to 0.3
rs1046,GENE_85,-0.1452364421457329,0.1452364421457329,-0.3 to 0
rs1046,GENE_86,-0.13831269161368093,0.13831269161368093,-0.3 to 0
rs1046,GENE_87,0.1995992036864664,0.1995992036864664,0 to 0.3
rs1046,GENE_88,-0.2268748398696164,0.2268748398696164,-0.3 to 0
rs1046,GENE_89,0.056092133299539354,0.056092133299539354,0 to 0.3
rs1046,GENE_90,-0.12475815282669504,0.12475815282669504,-0.3 to 0
rs1046,GENE_91,0.24553515141982507,0.24553515141982507,0 to 0.3
rs1046,GENE_92,0.29889139776745915,0.29889139776745915,0 to 0.3
rs1046,GENE_93,-0.2363548628850325,0.2363548628850325,-0.3 to 0
rs1046,GENE_94,0.21158440137976653,0.21158440137976653,0 to 0.3
rs1046,GENE_95,0.02121224636436839,0.02121224636436839,0 to 0.3
rs1046,GENE_96,0.23638431903577672,0.23638431903577672,0 to 0.3
rs1046,GENE_97,-0.21846792431818304,0.21846792431818304,-0.3 to 0
rs1046,GENE_98,0.13530611314503785,0.13530611314503785,0 to 0.3
rs1046,GENE_99,-0.011441933847767953,0.011441933847767953,-0.3 to 0
rs1046,GENE_100,0.15080173171300654,0.15080173171300654,0 to 0.3
rs1047,GENE_1,0.06418081806476796,0.06418081806476796,0 to 0.3
rs1047,GENE_2,0.10944696732784667,0.10944696732784667,0 to 0.3
rs1047,GENE_3,0.12230826207257735,0.12230826207257735,0 to 0.3
rs1047,GENE_4,0.08014395539051898,0.08014395539051898,0 to 0.3
rs1047,GENE_5,0.18940968632948832,0.18940968632948832,0 to 0.3
rs1047,GENE_6,0.43970576325452077,0.43970576325452077,0.3 to 0.5
rs1047,GENE_7,0.3179914487742305,0.3179914487742305,0.3 to 0.5
rs1047,GENE_8,-0.1055777420333897,0.1055777420333897,-0.3 to 0
rs1047,GENE_9,0.33174036014142344,0.33174036014142344,0.3 to 0.5
rs1047,GENE_10,-0.10370354437073712,0.10370354437073712,-0.3 to 0
rs1047,GENE_11,-0.20697536703771482,0.20697536703771482,-0.3 to 0
rs1047,GENE_12,0.29078990544929156,0.29078990544929156,0 to 0.3
rs1047,GENE_13,0.097243037942122,0.097243037942122,0 to 0.3
rs1047,GENE_14,0.21227202098773354,0.21227202098773354,0 to 0.3
rs1047,GENE_15,-0.15716840850075164,0.15716840850075164,-0.3 to 0
rs1047,GENE_16,-0.10515227348977803,0.10515227348977803,-0.3 to 0
rs1047,GENE_17,0.4246395449667499,0.4246395449667499,0.3 to 0.5
rs1047,GENE_18,-0.1644561150022601,0.1644561150022601,-0.3 to 0
rs1047,GENE_19,-0.16143308109078325,0.16143308109078325,-0.3 to 0
rs1047,GENE_20,-0.13851020689805305,0.13851020689805305,-0.3 to 0
rs1047,GENE_21,0.05577076071171839,0.05577076071171839,0 to 0.3
rs1047,GENE_22,0.11715879907422105,0.11715879907422105,0 to 0.3
rs1047,GENE_23,0.36955466045734314,0.36955466045734314,0.3 to 0.5
rs1047,GENE_24,0.21325514277711502,0.21325514277711502,0 to 0.3
rs1047,GENE_25,0.24303851006829577,0.24303851006829577,0 to 0.3
rs1047,GENE_26,-0.14727765639509469,0.14727765639509469,-0.3 to 0
rs1047,GENE_27,0.037586477805539316,0.037586477805539316,0 to 0.3
rs1047,GENE_28,-0.2041928327499008,0.2041928327499008,-0.3 to 0
rs1047,GENE_29,0.2367825361101171,0.2367825361101171,0 to 0.3
rs1047,GENE_30,-0.11756755005634832,0.11756755005634832,-0.3 to 0
rs1047,GENE_31,-0.0074607027602030225,0.0074607027602030225,-0.3 to 0
rs1047,GENE_32,0.027805924914458737,0.027805924914458737,0 to 0.3
rs1047,GENE_33,-0.012671338055529521,0.012671338055529521,-0.3 to 0
rs1047,GENE_34,0.30138534542563733,0.30138534542563733,0.3 to 0.5
rs1047,GENE_35,-0.22159803291640384,0.22159803291640384,-0.3 to 0
rs1047,GENE_36,-0.13492947390493887,0.13492947390493887,-0.3 to 0
rs1047,GENE_37,0.23955699165298097,0.23955699165298097,0 to 0.3
rs1047,GENE_38,-0.006932423883027725,0.006932423883027725,-0.3 to 0
rs1047,GENE_39,-0.30768483526740054,0.30768483526740054,-0.5 to -0.3
rs1047,GENE_40,0.3398906828814982,0.3398906828814982,0.3 to 0.5
rs1047,GENE_41,-0.1513030377490861,0.1513030377490861,-0.3 to 0
rs1047,GENE_42,0.11336507128319041,0.11336507128319041,0 to 0.3
rs1047,GENE_43,-0.0032064741193793063,0.0032064741193793063,-0.3 to 0
rs1047,GENE_44,-0.11405046206091339,0.11405046206091339,-0.3 to 0
rs1047,GENE_45,-0.02729126412015246,0.02729126412015246,-0.3 to 0
rs1047,GENE_46,-0.07235287375275097,0.07235287375275097,-0.3 to 0
rs1047,GENE_47,0.022270926156333574,0.022270926156333574,0 to 0.3
rs1047,GENE_48,0.2989919329282496,0.2989919329282496,0 to 0.3
rs1047,GENE_49,0.01932813530224467,0.01932813530224467,0 to 0.3
rs1047,GENE_50,0.2625775438749191,0.2625775438749191,0 to 0.3
rs1047,GENE_51,-0.11075219567409375,0.11075219567409375,-0.3 to 0
rs1047,GENE_52,-0.019098419808004766,0.019098419808004766,-0.3 to 0
rs1047,GENE_53,0.06963887533942527,0.06963887533942527,0 to 0.3
rs1047,GENE_54,0.2822491756533107,0.2822491756533107,0 to 0.3
rs1047,GENE_55,0.19432933607246938,0.19432933607246938,0 to 0.3
rs1047,GENE_56,0.17080754247598348,0.17080754247598348,0 to 0.3
rs1047,GENE_57,-0.13623611724113713,0.13623611724113713,-0.3 to 0
rs1047,GENE_58,-0.16818160633527565,0.16818160633527565,-0.3 to 0
rs1047,GENE_59,0.16022213761304893,0.16022213761304893,0 to 0.3
rs1047,GENE_60,0.15050511519681906,0.15050511519681906,0 to 0.3
rs1047,GENE_61,-0.007751853376480655,0.007751853376480655,-0.3 to 0
rs1047,GENE_62,0.17017470158116016,0.17017470158116016,0 to 0.3
rs1047,GENE_63,0.1199839822214439,0.1199839822214439,0 to 0.3
rs1047,GENE_64,-0.02984407548896758,0.02984407548896758,-0.3 to 0
rs1047,GENE_65,0.0361178019673569,0.0361178019673569,0 to 0.3
rs1047,GENE_66,0.10397363826027256,0.10397363826027256,0 to 0.3
rs1047,GENE_67,-0.22117894457476323,0.22117894457476323,-0.3 to 0
rs1047,GENE_68,-0.037628442411200835,0.037628442411200835,-0.3 to 0
rs1047,GENE_69,-0.15711514657063191,0.15711514657063191,-0.3 to 0
rs1047,GENE_70,-0.1847494115601701,0.1847494115601701,-0.3 to 0
rs1047,GENE_71,0.16461921070842642,0.16461921070842642,0 to 0.3
rs1047,GENE_72,0.3105645825836065,0.3105645825836065,0.3 to 0.5
rs1047,GENE_73,0.10986753441230918,0.10986753441230918,0 to 0.3
rs1047,GENE_74,-0.1575716955026996,0.1575716955026996,-0.3 to 0
rs1047,GENE_75,0.3999780232954521,0.3999780232954521,0.3 to 0.5
rs1047,GENE_76,-0.0987408722956028,0.0987408722956028,-0.3 to 0
rs1047,GENE_77,-0.2632444991870724,0.2632444991870724,-0.3 to 0
rs1047,GENE_78,0.14641224700438335,0.14641224700438335,0 to 0.3
rs1047,GENE_79,0.13556165863721042,0.13556165863721042,0 to 0.3
rs1047,GENE_80,0.06658567936220372,0.06658567936220372,0 to 0.3
rs1047,GENE_81,-0.18425656332291715,0.18425656332291715,-0.3 to 0
rs1047,GENE_82,-0.31595169905964693,0.31595169905964693,-0.5 to -0.3
rs1047,GENE_83,0.11285856648233346,0.11285856648233346,0 to 0.3
rs1047,GENE_84,0.3865401655959002,0.3865401655959002,0.3 to 0.5
rs1047,GENE_85,-0.06829903589641483,0.06829903589641483,-0.3 to 0
rs1047,GENE_86,-0.03077837437518599,0.03077837437518599,-0.3 to 0
rs1047,GENE_87,-0.1602019551078119,0.1602019551078119,-0.3 to 0
rs1047,GENE_88,0.035622819801886724,0.035622819801886724,0 to 0.3
rs1047,GENE_89,0.11818676877966225,0.11818676877966225,0 to 0.3
rs1047,GENE_90,0.18263116652400094,0.18263116652400094,0 to 0.3
rs1047,GENE_91,-0.10788564642774358,0.10788564642774358,-0.3 to 0
rs1047,GENE_92,-0.273630351100353,0.273630351100353,-0.3 to 0
rs1047,GENE_93,0.006495941843482898,0.006495941843482898,0 to 0.3
rs1047,GENE_94,-0.013117369207271374,0.013117369207271374,-0.3 to 0
rs1047,GENE_95,0.017856274820360233,0.017856274820360233,0 to 0.3
rs1047,GENE_96,-0.2038095431653698,0.2038095431653698,-0.3 to 0
rs1047,GENE_97,-0.03576427895808281,0.03576427895808281,-0.3 to 0
rs1047,GENE_98,0.12419922403746968,0.12419922403746968,0 to 0.3
rs1047,GENE_99,0.1754862385401562,0.1754862385401562,0 to 0.3
rs1047,GENE_100,0.047492251177565004,0.047492251177565004,0 to 0.3
rs1048,GENE_1,-0.16683501799850795,0.16683501799850795,-0.3 to 0
rs1048,GENE_2,0.16180201983495085,0.16180201983495085,0 to 0.3
rs1048,GENE_3,0.13475868843612265,0.13475868843612265,0 to 0.3
rs1048,GENE_4,0.0337326472969989,0.0337326472969989,0 to 0.3
rs1048,GENE_5,-0.17372429681544654,0.17372429681544654,-0.3 to 0
rs1048,GENE_6,0.00513416774606906,0.00513416774606906,0 to 0.3
rs1048,GENE_7,-0.09748753036430707,0.09748753036430707,-0.3 to 0
rs1048,GENE_8,0.12164967250578733,0.12164967250578733,0 to 0.3
rs1048,GENE_9,-0.11628760097527945,0.11628760097527945,-0.3 to 0
rs1048,GENE_10,0.1788071376338557,0.1788071376338557,0 to 0.3
rs1048,GENE_11,-0.06413668478381267,0.06413668478381267,-0.3 to 0
rs1048,GENE_12,0.02177683225630692,0.02177683225630692,0 to 0.3
rs1048,GENE_13,0.12412100035482232,0.12412100035482232,0 to 0.3
rs1048,GENE_14,0.044155434278855245,0.044155434278855245,0 to 0.3
rs1048,GENE_15,0.34514731561003276,0.34514731561003276,0.3 to 0.5
rs1048,GENE_16,-0.06857315915616523,0.06857315915616523,-0.3 to 0
rs1048,GENE_17,-0.11982020514599896,0.11982020514599896,-0.3 to 0
rs1048,GENE_18,-0.26457171826418097,0.26457171826418097,-0.3 to 0
rs1048,GENE_19,0.17314362366800537,0.17314362366800537,0 to 0.3
rs1048,GENE_20,0.09411339601621245,0.09411339601621245,0 to 0.3
rs1048,GENE_21,-0.03289722910816855,0.03289722910816855,-0.3 to 0
rs1048,GENE_22,-0.17882579883808006,0.17882579883808006,-0.3 to 0
rs1048,GENE_23,-0.045762164594529,0.045762164594529,-0.3 to 0
rs1048,GENE_24,0.10700753505189285,0.10700753505189285,0 to 0.3
rs1048,GENE_25,-0.04294025489566267,0.04294025489566267,-0.3 to 0
rs1048,GENE_26,0.16977900901609613,0.16977900901609613,0 to 0.3
rs1048,GENE_27,0.20387555754843467,0.20387555754843467,0 to 0.3
rs1048,GENE_28,-0.277577272447487,0.277577272447487,-0.3 to 0
rs1048,GENE_29,-0.3316788416292902,0.3316788416292902,-0.5 to -0.3
rs1048,GENE_30,0.14779928569080075,0.14779928569080075,0 to 0.3
rs1048,GENE_31,0.06955268184873224,0.06955268184873224,0 to 0.3
rs1048,GENE_32,-0.12419120178715974,0.12419120178715974,-0.3 to 0
rs1048,GENE_33,0.09190133347005121,0.09190133347005121,0 to 0.3
rs1048,GENE_34,-0.12368300634380958,0.12368300634380958,-0.3 to 0
rs1048,GENE_35,-0.2642829986198762,0.2642829986198762,-0.3 to 0
rs1048,GENE_36,-0.24299258832705706,0.24299258832705706,-0.3 to 0
rs1048,GENE_37,0.020608887371673157,0.020608887371673157,0 to 0.3
rs1048,GENE_38,-0.1655075705970939,0.1655075705970939,-0.3 to 0
rs1048,GENE_39,-0.2255238809029265,0.2255238809029265,-0.3 to 0
rs1048,GENE_40,-0.0996878998393413,0.0996878998393413,-0.3 to 0
rs1048,GENE_41,-0.27600291785895403,0.27600291785895403,-0.3 to 0
rs1048,GENE_42,-0.11294313378549595,0.11294313378549595,-0.3 to 0
rs1048,GENE_43,-0.25367970580437066,0.25367970580437066,-0.3 to 0
rs1048,GENE_44,0.14912213690760545,0.14912213690760545,0 to 0.3
rs1048,GENE_45,-0.0651765015239876,0.0651765015239876,-0.3 to 0
rs1048,GENE_46,-0.1713104322760667,0.1713104322760667,-0.3 to 0
rs1048,GENE_47,0.13803620371521516,0.13803620371521516,0 to 0.3
rs1048,GENE_48,-0.04230261361373385,0.04230261361373385,-0.3 to 0
rs1048,GENE_49,-0.2507353956818065,0.2507353956818065,-0.3 to 0
rs1048,GENE_50,-0.00803887203295163,0.00803887203295163,-0.3 to 0
rs1048,GENE_51,0.28581414707632946,0.28581414707632946,0 to 0.3
rs1048,GENE_52,-0.30478234009800514,0.30478234009800514,-0.5 to -0.3
rs1048,GENE_53,-0.047697247355987175,0.047697247355987175,-0.3 to 0
rs1048,GENE_54,-0.21692562859854778,0.21692562859854778,-0.3 to 0
rs1048,GENE_55,0.13484008297339958,0.13484008297339958,0 to 0.3
rs1048,GENE_56,0.011716921421279934,0.011716921421279934,0 to 0.3
rs1048,GENE_57,0.048652568349933395,0.048652568349933395,0 to 0.3
rs1048,GENE_58,0.20138902954749918,0.20138902954749918,0 to 0.3
rs1048,GENE_59,-0.26223080320130454,0.26223080320130454,-0.3 to 0
rs1048,GENE_60,0.060355755212192636,0.060355755212192636,0 to 0.3
rs1048,GENE_61,0.31590482254404756,0.31590482254404756,0.3 to 0.5
rs1048,GENE_62,-0.1690659677476911,0.1690659677476911,-0.3 to 0
rs1048,GENE_63,-0.04419016127296214,0.04419016127296214,-0.3 to 0
rs1048,GENE_64,0.2741442864899165,0.2741442864899165,0 to 0.3
rs1048,GENE_65,0.17155965686655716,0.17155965686655716,0 to 0.3
rs1048,GENE_66,0.13398853835344077,0.13398853835344077,0 to 0.3
rs1048,GENE_67,0.44554544211301944,0.44554544211301944,0.3 to 0.5
rs1048,GENE_68,0.1911269495926776,0.1911269495926776,0 to 0.3
rs1048,GENE_69,0.23880331006761824,0.23880331006761824,0 to 0.3
rs1048,GENE_70,-0.2238831384554917,0.2238831384554917,-0.3 to 0
rs1048,GENE_71,0.009174141129605625,0.009174141129605625,0 to 0.3
rs1048,GENE_72,-0.04781731363318862,0.04781731363318862,-0.3 to 0
rs1048,GENE_73,0.015965289331273756,0.015965289331273756,0 to 0.3
rs1048,GENE_74,-0.32749968387668066,0.32749968387668066,-0.5 to -0.3
rs1048,GENE_75,0.043095151979559806,0.043095151979559806,0 to 0.3
rs1048,GENE_76,0.31840876545350427,0.31840876545350427,0.3 to 0.5
rs1048,GENE_77,0.13500684283134512,0.13500684283134512,0 to 0.3
rs1048,GENE_78,0.026736282680757728,0.026736282680757728,0 to 0.3
rs1048,GENE_79,0.3042067024245914,0.3042067024245914,0.3 to 0.5
rs1048,GENE_80,-0.016043718576265128,0.016043718576265128,-0.3 to 0
rs1048,GENE_81,-0.07882886352992384,0.07882886352992384,-0.3 to 0
rs1048,GENE_82,0.10182177170713755,0.10182177170713755,0 to 0.3
rs1048,GENE_83,0.1348145697507267,0.1348145697507267,0 to 0.3
rs1048,GENE_84,-0.1440312281354761,0.1440312281354761,-0.3 to 0
rs1048,GENE_85,-0.14235638866529102,0.14235638866529102,-0.3 to 0
rs1048,GENE_86,-0.17941040642797937,0.17941040642797937,-0.3 to 0
rs1048,GENE_87,0.01583009518355791,0.01583009518355791,0 to 0.3
rs1048,GENE_88,-0.25390913317297426,0.25390913317297426,-0.3 to 0
rs1048,GENE_89,-0.08674871410880677,0.08674871410880677,-0.3 to 0
rs1048,GENE_90,-0.41784238922817757,0.41784238922817757,-0.5 to -0.3
rs1048,GENE_91,0.21744145911730905,0.21744145911730905,0 to 0.3
rs1048,GENE_92,0.11418230157034241,0.11418230157034241,0 to 0.3
rs1048,GENE_93,0.16020329537713146,0.16020329537713146,0 to 0.3
rs1048,GENE_94,0.0364069815145363,0.0364069815145363,0 to 0.3
rs1048,GENE_95,-0.003952102639966603,0.003952102639966603,-0.3 to 0
rs1048,GENE_96,0.3245003347338541,0.3245003347338541,0.3 to 0.5
rs1048,GENE_97,0.10780560150372599,0.10780560150372599,0 to 0.3
rs1048,GENE_98,-0.1196502520973055,0.1196502520973055,-0.3 to 0
rs1048,GENE_99,0.0647445130972965,0.0647445130972965,0 to 0.3
rs1048,GENE_100,0.22638685812549483,0.22638685812549483,0 to 0.3
rs1049,GENE_1,-0.11209131432821103,0.11209131432821103,-0.3 to 0
rs1049,GENE_2,-0.0786737426361022,0.0786737426361022,-0.3 to 0
rs1049,GENE_3,0.26613035132620616,0.26613035132620616,0 to 0.3
rs1049,GENE_4,0.2207928567151033,0.2207928567151033,0 to 0.3
rs1049,GENE_5,-0.09106747707514662,0.09106747707514662,-0.3 to 0
rs1049,GENE_6,-0.17431872198628015,0.17431872198628015,-0.3 to 0
rs1049,GENE_7,0.10261395821854183,0.10261395821854183,0 to 0.3
rs1049,GENE_8,0.29828827787262724,0.29828827787262724,0 to 0.3
rs1049,GENE_9,0.014339962438708652,0.014339962438708652,0 to 0.3
rs1049,GENE_10,0.1523970259773403,0.1523970259773403,0 to 0.3
rs1049,GENE_11,0.043948668536391566,0.043948668536391566,0 to 0.3
rs1049,GENE_12,0.11598119852914694,0.11598119852914694,0 to 0.3
rs1049,GENE_13,0.31261963505308615,0.31261963505308615,0.3 to 0.5
rs1049,GENE_14,-0.1293616858980258,0.1293616858980258,-0.3 to 0
rs1049,GENE_15,0.3413350396046288,0.3413350396046288,0.3 to 0.5
rs1049,GENE_16,-0.09653716084639878,0.09653716084639878,-0.3 to 0
rs1049,GENE_17,-0.02047320195518387,0.02047320195518387,-0.3 to 0
rs1049,GENE_18,0.383280236541758,0.383280236541758,0.3 to 0.5
rs1049,GENE_19,0.03984829741128962,0.03984829741128962,0 to 0.3
rs1049,GENE_20,0.27847463395212263,0.27847463395212263,0 to 0.3
rs1049,GENE_21,-0.15172342871181294,0.15172342871181294,-0.3 to 0
rs1049,GENE_22,-0.38243160184233466,0.38243160184233466,-0.5 to -0.3
rs1049,GENE_23,0.03605489199804108,0.03605489199804108,0 to 0.3
rs1049,GENE_24,-0.13194850751510953,0.13194850751510953,-0.3 to 0
rs1049,GENE_25,0.2255846550580874,0.2255846550580874,0 to 0.3
rs1049,GENE_26,0.36369180635416803,0.36369180635416803,0.3 to 0.5
rs1049,GENE_27,-0.20814498803483722,0.20814498803483722,-0.3 to 0
rs1049,GENE_28,-0.05993866847606241,0.05993866847606241,-0.3 to 0
rs1049,GENE_29,0.05287942367905912,0.05287942367905912,0 to 0.3
rs1049,GENE_30,0.21291306289758277,0.21291306289758277,0 to 0.3
rs1049,GENE_31,0.32881363369384226,0.32881363369384226,0.3 to 0.5
rs1049,GENE_32,0.09135683018554748,0.09135683018554748,0 to 0.3
rs1049,GENE_33,0.07925983247550802,0.07925983247550802,0 to 0.3
rs1049,GENE_34,0.06379174370791806,0.06379174370791806,0 to 0.3
rs1049,GENE_35,-0.1551626987477101,0.1551626987477101,-0.3 to 0
rs1049,GENE_36,0.2095790612280312,0.2095790612280312,0 to 0.3
rs1049,GENE_37,0.09750581172062094,0.09750581172062094,0 to 0.3
rs1049,GENE_38,0.3946050123722381,0.3946050123722381,0.3 to 0.5
rs1049,GENE_39,-0.16763654634548888,0.16763654634548888,-0.3 to 0
rs1049,GENE_40,-0.04500587990692308,0.04500587990692308,-0.3 to 0
rs1049,GENE_41,0.29672410073644,0.29672410073644,0 to 0.3
rs1049,GENE_42,-0.16362770778635607,0.16362770778635607,-0.3 to 0
rs1049,GENE_43,0.051018179966683265,0.051018179966683265,0 to 0.3
rs1049,GENE_44,0.20808309880328318,0.20808309880328318,0 to 0.3
rs1049,GENE_45,-0.2539639942901802,0.2539639942901802,-0.3 to 0
rs1049,GENE_46,-0.2715736814202227,0.2715736814202227,-0.3 to 0
rs1049,GENE_47,0.22682573855301436,0.22682573855301436,0 to 0.3
rs1049,GENE_48,-0.40089970683328613,0.40089970683328613,-0.5 to -0.3
rs1049,GENE_49,-0.06760527371009728,0.06760527371009728,-0.3 to 0
rs1049,GENE_50,-0.11685396196118322,0.11685396196118322,-0.3 to 0
rs1049,GENE_51,0.1216900987902948,0.1216900987902948,0 to 0.3
rs1049,GENE_52,0.025259291661906918,0.025259291661906918,0 to 0.3
rs1049,GENE_53,0.024431386577751797,0.024431386577751797,0 to 0.3
rs1049,GENE_54,0.03802175105476375,0.03802175105476375,0 to 0.3
rs1049,GENE_55,-0.13259261531588076,0.13259261531588076,-0.3 to 0
rs1049,GENE_56,0.11233449320309359,0.11233449320309359,0 to 0.3
rs1049,GENE_57,-0.03502403823037499,0.03502403823037499,-0.3 to 0
rs1049,GENE_58,0.1777266888289675,0.1777266888289675,0 to 0.3
rs1049,GENE_59,-0.17076093579096904,0.17076093579096904,-0.3 to 0
rs1049,GENE_60,-0.015241457596223326,0.015241457596223326,-0.3 to 0
rs1049,GENE_61,0.04033541638362044,0.04033541638362044,0 to 0.3
rs1049,GENE_62,0.08653757374703135,0.08653757374703135,0 to 0.3
rs1049,GENE_63,-0.4429790648719306,0.4429790648719306,-0.5 to -0.3
rs1049,GENE_64,-0.08689367613197363,0.08689367613197363,-0.3 to 0
rs1049,GENE_65,-0.18974438985160272,0.18974438985160272,-0.3 to 0
rs1049,GENE_66,0.009758453195929497,0.009758453195929497,0 to 0.3
rs1049,GENE_67,0.13783896364315776,0.13783896364315776,0 to 0.3
rs1049,GENE_68,-0.21386625784955896,0.21386625784955896,-0.3 to 0
rs1049,GENE_69,0.01085897338289205,0.01085897338289205,0 to 0.3
rs1049,GENE_70,0.16295835141795223,0.16295835141795223,0 to 0.3
rs1049,GENE_71,-0.028498760288199348,0.028498760288199348,-0.3 to 0
rs1049,GENE_72,0.08732671818841563,0.08732671818841563,0 to 0.3
rs1049,GENE_73,-0.037396822595712156,0.037396822595712156,-0.3 to 0
rs1049,GENE_74,-0.14332218660857868,0.14332218660857868,-0.3 to 0
rs1049,GENE_75,-0.0698669006513532,0.0698669006513532,-0.3 to 0
rs1049,GENE_76,0.13455398880685554,0.13455398880685554,0 to 0.3
rs1049,GENE_77,-0.06817265386088618,0.06817265386088618,-0.3 to 0
rs1049,GENE_78,0.022697180289152918,0.022697180289152918,0 to 0.3
rs1049,GENE_79,-0.0003539978210149533,0.0003539978210149533,-0.3 to 0
rs1049,GENE_80,0.5031573394575548,0.5031573394575548,0.5 to 0.7
rs1049,GENE_81,-0.05343177092604517,0.05343177092604517,-0.3 to 0
rs1049,GENE_82,0.32557336110121216,0.32557336110121216,0.3 to 0.5
rs1049,GENE_83,-0.15438912952289208,0.15438912952289208,-0.3 to 0
rs1049,GENE_84,0.15039669688946797,0.15039669688946797,0 to 0.3
rs1049,GENE_85,-0.304196836040121,0.304196836040121,-0.5 to -0.3
rs1049,GENE_86,0.09187887709361447,0.09187887709361447,0 to 0.3
rs1049,GENE_87,-0.21863031620710865,0.21863031620710865,-0.3 to 0
rs1049,GENE_88,-0.18472626522211472,0.18472626522211472,-0.3 to 0
rs1049,GENE_89,-0.16401873510946732,0.16401873510946732,-0.3 to 0
rs1049,GENE_90,-0.35707455692356477,0.35707455692356477,-0.5 to -0.3
rs1049,GENE_91,0.022932417123535397,0.022932417123535397,0 to 0.3
rs1049,GENE_92,0.0656275067850265,0.0656275067850265,0 to 0.3
rs1049,GENE_93,-0.0671067889643194,0.0671067889643194,-0.3 to 0
rs1049,GENE_94,-0.21596828611417382,0.21596828611417382,-0.3 to 0
rs1049,GENE_95,0.19895013114847335,0.19895013114847335,0 to 0.3
rs1049,GENE_96,-0.020931766739098714,0.020931766739098714,-0.3 to 0
rs1049,GENE_97,-0.11657582065001225,0.11657582065001225,-0.3 to 0
rs1049,GENE_98,-0.15542760050730012,0.15542760050730012,-0.3 to 0
rs1049,GENE_99,0.22627843004073833,0.22627843004073833,0 to 0.3
rs1049,GENE_100,0.024232836401172332,0.024232836401172332,0 to 0.3
