Gene,Degree,Betweenness
APCS,20,0.013740102962041733
APOH,20,0.013740102962041733
CYP2C9,19,0.02761888763164274
SERPINC1,19,0.022207372653801228
ORM2,19,0.006485594432023002
ALDOB,19,0.006485594432023002
CYP2E1,19,0.004386361465443097
GATM,18,0.007993312904027189
ORM1,18,0.005288645594768044
FGG,17,0.004479748803728395
