Gene,Degree,Betweenness
GENE_0024,60,0.005166285634102026
GENE_0094,60,0.004785935079753629
GENE_0123,59,0.004727539714215806
GENE_0170,59,0.004727539714215806
GENE_0007,57,0.0053476234193026795
GENE_0189,56,0.0043617317157054886
GENE_0034,56,0.0041690961125833885
GENE_0106,56,0.0041690961125833885
GENE_0120,56,0.0041690961125833885
GENE_0009,56,0.0034934582682856754
